1	Vf3pHiv-NXA	long	other	44690692	จางหาย - Goy Arachaporn [Official MV]
2	dpC9a-ZpK7I	long	other	23770150	โคจรด้วยรัก - Goy Arachaporn [OFFICIAL MV]
3	2LFiHkUxhXU	long	other	19709090	PLAY WITH ME (เล่นกันไหม) - GOYNATTYDREAM FT. URBOYTJ (Prod. By URBOYTJ) [Official MV]
4	igUsSbmXXT8	short	other	9308566	ทดสอบพลังเสียงกันหน่อย🤣🎶🤘🏻#วี #ทดสอบเสียง #วิโอเลต #คอนเสิร์ต #วีวิโอเลต #ก้อยนัตตี้ดรีม
5	ECrQsz97GI8	short	other	8302352	กรรมการอึ้ง น้ำห๊อมมมมม!! #Friendsfly#ep16 #น้ำหอมนารดา #เดินเขา #goynattydream #มาดากัสการ์
6	Mxif2MLoiQM	long	other	7818927	ถ้าหนูรับ พี่จะรักป่ะ EP. 4 สยบจอมปีศาจ นิกกี้ ณฉัตร l [GoyNattyDream]
7	vsNMbFWIRUw	long	other	7285055	เลือกฉันก่อนเธอ (Never The First) - Goy Arachaporn [OFFICIAL MV]
8	W4Y4_fzro0w	short	other	6987734	ขึ้นต้นด้วย"มือ" ลงท้ายด้วย"ปืน" #goynattydreamchannel
9	-5-QGQkKaHE	long	other	5670096	ถ้าหนูรับ พี่จะรักป่ะ Ep. 102 ทิม พิธา มีแฟนเป็นนักการเมืองดียังไงคะ? l [GoyNattyDream]
10	eJQDLQsoC28	long	other	5621944	ถ้าหนูรับ พี่จะรักป่ะ EP. 1 จีบเก้าต่อหน้าวี l [GoyNattyDream]
11	bLZrccThwp4	short	other	5482417	พระเอกในดวงใจ ญาญ่า ที่เคยแสดงด้วย #goynattydreamchannel
12	GzSVkQPLmBg	short	other	5044992	ชอบใครให้ทำปากจู๋! มาดูกันว่าเก้าจิรายุ-ต่อธนภพ ชอบใครกันบ้าง🥺#ก้อยนัตตี้ดรีม #goynattydreamchannel
13	S-KdXfLzTNg	long	other	4895733	จางหาย - Goy Arachaporn Feat. Paper Planes「Live Session」
14	NpbdM4z9ApY	long	other	4863741	ถ้าเธอจะรักก็รักไปนานแล้ว - GoyNattyDream [Official MV]
15	g1ata7mVxNg	long	other	4150282	สลับบ้านนอน 1 คืน!! l [GoyNattyDream]
16	2LP4zu3Ajl8	long	other	4001200	ถ้าหนูรับ พี่จะรักป่ะ EP. 78 จีบพี่แจ๊สต่อหน้าพี่แจง บ้านแทบแตก!!! l [GoyNattyDream]
17	KG-pabSDmDs	long	other	3856186	ภูสอยดาว x ปล่อยกูไป กระเป๋าก้อยหาย! [GoyNattyDream]
18	nwdEWBo5APM	long	other	3734719	ยังไงไหนเล่า EP. 16 เก๋ไก๋ ยูทูปเบอร์อันดับหนึ่ง ขุดบ้านต้อนรับเราl [GoyNattyDream]
19	ou1rXZtvVY8	long	other	3563169	ถ้าหนูรับ พี่จะรักป่ะ EP. 3 มีนพีรวิชญ์จะรักหรือจะร้าย l [GoyNattyDream]
20	DaeurWE0-AY	long	other	3372871	ถ้าหนูรับ พี่จะรักป่ะ Ep. 55 สไปร์ท SPD พี่ขอเป็น No. 1 ในใจน้องได้ไหมจ๊ะ l [GoyNattyDream]
21	oXQDPuv4fXY	short	other	3288764	เรียกได้ว่าไม่มีอ่อม!🤣 #herManhisNatty #goynattydreamchannel
22	Ua1Aibzm2CU	long	other	3003490	ถ้าหนูรับ พี่จะรักป่ะ EP. 2 เจ้านายท้าให้จีบ l [GoyNattyDream]
23	pgS-NWf3pe8	short	other	2993495	ขึ้นต้นลงท้าย ep.1 พีคตอนจบ.. 🤣 #goynattydreamchannel
24	ObA0HNSzzVI	long	other	2977892	ยังไงไหนเล่า EP. 9 ขอคารวะ แซ่บจริงอาจารย์ปุ้มปุ้ย l [GoyNattyDream]
25	UMAAs0-IwOE	long	other	2976394	ถ้าหนูรับ พี่จะรักป่ะ Ep. 42 หมาก ปริญ เจอแล้วใจสั่นจริงโว้ย | [GoyNattyDream]
26	y6TM9WyUroI	long	other	2964019	ถ้าหนูรับ พี่จะรักป่ะ Ep. 7 #โอ๊ตก้อย ต้องไม่อยู่แค่ในทวิตเตอร์!! l [GoyNattyDream]
27	rf7qrlMz3aQ	long	travel	2877897	Trip แยกเที่ยวต่างจังหวัดคนเดียว! EP.1 | เชียงราย สุราษฎร์ฯ อุดรธานี [GoyNattyDream]
28	7EH2i0988bs	long	other	2868875	ถ้าหนูรับ พี่จะรักป่ะ Ep. 12 หนุ่มเกาหลีอดีตของนัตตี้ - อัพ ภูมิพัฒน์ l [GoyNattyDream]
29	3vOY7QtxaQY	long	other	2849854	ถ้าหนูรับ พี่จะรักป่ะ Ep. 29 วินคั่นกู แต่พี่จะไม่ให้อะไรมาคั่นเรา l [GoyNattyDream]
30	SHwAh_IgQEI	long	other	2776387	ถ้าหนูรับ พี่จะรักป่ะ Ep. 13 ขอเกิดใหม่ใกล้ๆต่อได้ไหมคะ - ต่อ ธนภพ l [GoyNattyDream]
31	17daSIweayU	short	other	2704211	วีปลอมตัวเป็นทีมงาน เก้าจะจำได้ไหมน้า!!? #วีวิโอเลตวอเทียร์ #เก้าจิรายุ #goynattydreamchannel
32	VGVmhwZ1zsQ	long	other	2658271	เปิดตัวแฟนนัตตี้ เจ้าของโรงงาน 3,000 ล้าน l [GoyNattyDream]
33	eB3wd4f_8to	long	other	2651904	ภูสอยดาว x ปล่อยกูไป เล่นเกม จับคู่รู้ใจ [GoyNattyDream]
34	zNcLBbtLCLg	long	other	2563373	ลำดับวัดใจ x อูโน่ เฟย มีน ท็อป [GoyNattyDream]
35	NAY_cY8zYx4	long	other	2532853	ถ้าหนูรับ พี่จะรักป่ะ Ep. 18 แปลรักบิวกิ้นด้วยใจฉัน l [GoyNattyDream]
36	VCsk3DycQtM	short	other	2521283	ถ้าเจอคนรักแบบนี้ จะไปต่อหรือพอแค่นี้? #goynattydreamchannel
37	57qp4PsdUUw	short	other	2508268	ความในใจวี อยากให้เก้าตัดผม! #GoyNattyDreamChannel
38	716UYXnf3F0	short	other	2484852	โรเตอร์นี่มิย่าเองนะ😂 #มิย่า #มิย่าทองเจือ #ยังไงไหนเล่า #ก้อยนัตตี้ดรีม
39	6vtJqaXr07g	long	other	2364454	ยังไงไหนเล่า Ep. 2 มิลลิ ยัยเด็กนี่มันแสบบบบบบนัก! l [GoyNattyDream]
40	mMTKJzBczaE	long	other	2340859	บุกบ้านดรีมที่โคราช หลังใหญ่สุดในซอย!! l [GoyNattyDream]
41	eLQ6x1hnYBo	long	other	2305086	ยังไงไหนเล่า EP. 7 ซานิ ไม่เสียแรงที่พวกหนูเสียเงินโหวตพี่ l [GoyNattyDream]
42	0nOqBr1xVbk	long	other	2275668	ยังไงไหนเล่า EP. 1 วี วิโอเลต ไม่ใช่อย่างที่คุณคิด l [GoyNattyDream]
43	pTgqME6C3gw	long	other	2269958	ก้อยนัตตี้ดรีม วาเลนไทน์ แฟนกันวันนึง l [GoyNattyDream]
44	QvO-mspeEWM	long	other	2257695	Q&A รู้เรื่องลับ ก้อย นัตตี้ ดรีม !! l [GoyNattyDream]
45	D0cRjxCju7Y	long	other	2254635	ถ้าหนูรับ พี่จะรักป่ะ Ep. 33 อาเมะของพ่อไบร์ท เรียกแม่สิลูก l [GoyNattyDream]
46	apEEwCIgH50	long	other	2250571	Friendsfly ถล่มบ้านวี ฉลองปีใหม่ [GoyNattyDream]
47	6rZRMz4f060	short	other	2193909	คำด่าไหนเป็นของเพื่อนเรา #goynattydreamchannel
48	3s5L3bY3YoY	long	other	2177089	ขึ้นเรือยอร์ชกับ นิกกี้ ณฉัตร ตามสัญญา 2 ล้านวิว l [GoyNattyDream]
49	--xiabcKTRk	long	other	2171094	ลืมเวลา - Goy Arachaporn [OFFICIAL MV]
50	WAdKOJbyyEE	long	other	2164944	ถ้าหนูรับ พี่จะรักป่ะ Ep. 45 ตั๊ก บริบูรณ์ ก็มาเจอพวกหนูหน่อยดิค้าบ | [GoyNattyDream]
51	JfIx09121qk	long	other	2142641	ยังไงไหนเล่า EP. 15 ใหม่ ดาวิกา ความสวยของพี่ทำพวกหนูงงl [GoyNattyDream]
52	mg11a2NpEX0	long	other	2116816	PLAY WITH ME (เล่นกันไหม) - GOYNATTYDREAM FT. URBOYTJ [DANCE PERFORMANCE]
53	-XxpMu4PwAY	long	other	2107089	ถ้าหนูรับ พี่จะรักป่ะ Ep. 27 เฟย ภัทร คนนี้ที่นัตตี้ชอบก่อนอัพ l [GoyNattyDream]
54	byw4rHSosCM	long	other	2105610	ถ้าหนูรับ พี่จะรักป่ะ Ep. 36 นั่งข้างเจ้าขุนแล้ว อยากเป็นเจ้าสาวเลยค่า l [GoyNattyDream]
55	yy7_IFvPTIA	long	other	2048871	งานแต่งนัตตี้พี่แมน l [GoyNattyDream]
56	kX9c_Vf84BQ	long	other	2040621	ยังไงไหนเล่า EP. 39 วัดปะหล่ะกับน้องๆ 4EVE !! [GoyNattyDream]
57	o9S5fOUiQks	long	other	2028269	ถ้าหนูรับ พี่จะรักป่ะ Ep. 22 เอม วิทวัส ถึงพี่ไม่ชอบผู้หญิง แต่...พวกหนูชอบพี่! l [GoyNattyDream]
58	Ft_lE_AS6-0	long	other	1942715	แกล้งก้อยคืนอย่างหนัก เกือบเลิกจริงกับนิกกี้ !! l [GoyNattyDream]
59	jKmZuxMJlhA	long	travel	1874585	พัทยา นี่ใช่ที่ปิดแผลปะคะ? นั่นมันพลาสเตอร์ยา ! l [GoyNattyDream]
60	7H4Jp0jCnss	short	other	1869371	พีชเม้าท์ใบเฟิร์น #goynattydreamchannel
61	GvKS2qTZXY0	long	other	1844259	จับปูกับเซียนหรั่งที่ขอนแก่น [GoyNattyDream]
62	f5L_9_eGp1Q	long	other	1840305	เผาดรีมมมมม l [GoyNattyDream]
63	bNAgWX9iyFM	long	other	1824543	ถ้าหนูรับ พี่จะรักป่ะ Ep. 8 พี่ฟางหนูขอนะคะ - ว่าน ธนกฤต l [GoyNattyDream]
64	WTA72rK37XE	long	other	1822000	Friendsfly เมาเละ เต้นกลางถนนที่กรุงโรม [GoyNattyDream]
65	QmJXT9Z7frY	long	other	1815749	Friendsfly เกือบตายที่อิตาลี!! [GoyNattyDream]
66	R9kgtiS-0Y8	short	other	1815709	อย่าว่าพ๊อออ😂 #gracekanklao #แกรนด์thestar #เกรซกาญ์เกล้า #เกรซแกรนด์ #พี่น้อง #goynattydream
67	xG9IlKBznl4	long	other	1809000	Friendsfly นั่งรถไฟไปพักใจที่หัวหิน [GoyNattyDream]
68	HKQCQjbmvWc	short	talk	1800590	เก้าวีไม่คุยกันนานสุด 4-5 วัน!!! #GoyNattyDreamChannel
69	zr4HEDv0Cu4	long	other	1798934	ถ้าหนูรับ พี่จะรักป่ะ EP. 82 ซี-นุนิว เป็นลมกลางรายการ งานนี้มีช็อค l [GoyNattyDream]
70	FLxQW4QjQY0	short	other	1775068	ทายอายุ! นี่แม่หมอหรือพี่สาว #goynattydreamchannel
71	3ky9OWbMfW8	long	other	1748331	ยังไงไหนเล่า EP. 51 จันจิ เล่าหมดไปไงมาไง ถึงได้หัวใจพี่มาริโอ้ [GoyNattyDream]
72	7Uvdt2Wwku8	long	other	1726318	ถ้าหนูรับ พี่จะรักป่ะ Ep. 35 หนูอยากเป็นสะใภ้เซ็นทรัลค่ะ พี่พีช พชร l [GoyNattyDream]
73	ubXiFKAKvj8	short	other	1693381	พระเอกในดวงใจ เจนเย่ที่เคยแสดงด้วย #goynattydreamchannel
74	JIv1ABVTQTE	long	other	1675203	Friendsfly โสดคนแรกของกลุ่ม!! [GoyNattyDream]
75	CnZaBAm3xYI	long	other	1667164	Friendsfly ทะเลาะกันที่มาดากัสการ์ [GoyNattyDream]
76	hAuQvCY4R0U	long	other	1665592	Friendsfly เลือกแล้วที่อิตาลี ใครจะได้เป็นเจ้าสาวคนต่อไปของกลุ่ม!! [GoyNattyDream]
77	9jBYBMBzbAM	short	other	1663913	เกือบทะเลาะกลางรายการ เพราะ “พะแนง” #GoyNattyDreamChannel
78	HHqoqJzW3I4	long	other	1658489	ถ้าหนูรับ พี่จะรักป่ะ Ep. 9 ไม่อยากเป็นพี่น้องแล้วได้ไหม เบสท์ ณัฐสิทธิ์ l [GoyNattyDream]
79	TLAbfvC-Yuo	long	other	1642901	Friendsfly Ep1 แยกกันเราอยู่ รวมกัน! เละเทะ!! [GoyNattyDream]
80	xKY2a9j_4MY	long	other	1635164	Q&A ความรัก ก้อย นัตตี้ ดรีม วี l [GoyNattyDream]
81	aaQa2Zequhw	long	other	1628667	ถ้าหนูรับ พี่จะรักป่ะ Ep. 34 กิต Three Man Down หวัดดีเบลเราแล้วนะ l [GoyNattyDream]
82	wicDY5cSAkM	long	other	1621886	ยังไงไหนเล่า EP. 50 อุงเอิง SPD ตอบแล้วกับสไปร์ท สถานะอะไรน้า! [GoyNattyDream]
83	l4um3XNaNn0	long	other	1615190	ถ้าหนูรับ พี่จะรักป่ะ Ep. 16 RAP ยังไงให้เทอ RUK ฉันแทนต้าเหนิง - เจเจ กฤษณภูมิ l [GoyNattyDream]
84	lPonLttoVyA	long	other	1612697	ถ้าหนูรับ พี่จะรักป่ะ EP. 5 ศึกชิงสามีแห่งชาติ ตู่ ภพธร l [GoyNattyDream]
85	kWLh7PCILyU	short	other	1604646	ไนล่าาาาา🥲!!#ไนล่า #ก้อยอรัชพร #ไนล่า #เดือด #goyyog #goynattydream
86	yZZ7OccBpKQ	long	other	1603234	ยังไงไหนเล่า EP. 38 คิมเบอร์ลี รับประกัน! เรื่องนี้ไม่เคยเล่าให้ใครฟัง [GoyNattyDream]
87	XmakGkk98dQ	long	other	1595875	What's in our bags เปิดกระเป๋า ก้อย นัตตี้ ดรีม l [GoyNattyDream]
88	c1lZdFp3YU8	long	other	1592835	ถ้าหนูรับ พี่จะรักป่ะ Ep. 114 ท่อง AREA52 ไปกับแบมแบม l [GoyNattyDream]
89	bdpwyb_kGPE	long	other	1585316	ลองเป็นบาริสต้า แต่นัตตี้เจอลูกค้าด่าจนร้องไห้ l [GoyNattyDream]
90	Pvqav04qC9Y	short	other	1575044	ขึ้นต้นด้วยลำลงท้ายด้วยงู #ก้อยนัตตี้ดรีม #goynattydream#karnfoei #กานเฟย #ปล่อยกูไป
91	xamGeS_K2HA	long	other	1574594	ถ้าหนูรับ พี่จะรักป่ะ Ep. 43 ออฟ จุมพล แซ่บกว่าต้มยำก็พี่นี่ล่ะค่ะ l [GoyNattyDream]
92	n4P8BqMMheI	short	other	1569912	นอกใจกับนอกกาย อันไหนแย่กว่ากัน! #goynattydreamchannel
93	GhOwfei-Tvw	long	other	1564536	ถ้าหนูรับ พี่จะรักป่ะ Ep. 39 บี้ สุกฤษฎิ์ ก่อนเข้าวัดเข้าวา พี่ก็ซ่ามาเยอะน้า l [GoyNattyDream]
94	XNwvl4_JXP8	long	other	1560198	นัตตี้ ถูกขอแต่งงานที่มัลดีฟส์!! l [GoyNattyDream]
95	MQedYgjKcVw	long	other	1555101	ถ้าหนูรับ พี่จะรักป่ะ Ep. 30 แจ็ค แฟนฉัน! ปั่นก้อยจนหัวร้อน l [GoyNattyDream]
96	2_R3JSep46c	long	other	1553595	Friendsfly Ep2 วันหนึ่งฉันเดินเข้าป่า เข้ายังไง คืนเดียวสองแสน! [GoyNattyDream]
97	jqgABXynXr8	long	other	1548982	ชวนเก้าปลอมตัว มาป่วนกองถ่ายวี [GoyNattyDream]
98	4J5ApC1ubwM	long	other	1548234	ยังไงไหนเล่า EP. 10 โบว์ เมลดา สวยตลกเหมือนพวกเราเลย (หรอ) l [GoyNattyDream]
99	R7I2CpUAxKg	long	other	1547699	ถ้าหนูรับ พี่จะรักป่ะ Ep. 32 พี่ใหม่เขยิบหน่อยค่า ขออยู่ในใจลุงเต๋อ ฉันทวิชช์ด้วย l [GoyNattyDream]
100	GvOUAQ6zu9Q	long	other	1535057	ก้อยตี้ดรีมทำศัลยกรรมอะไรมาบ้าง [GoyNattyDream]
101	j_ZfiHRRdC8	short	other	1534561	รวมตัวกันวันหยุดที่บ้านดรีม ทำไรดีน้าา
102	o4Lg5vQCZCQ	long	other	1530053	ยังไงไหนเล่า EP. 20 ต้าเหนิง สมัยก่อนพี่เดินเจเจทุกวันนะ ผ่ามๆๆๆ [GoyNattyDream]
103	gF2FXJeHj-4	long	other	1524233	ถ้าหนูรับ พี่จะรักป่ะ Ep. 11 พิชิตใจ โดม ปกรณ์ ลัม หล่อขั้นเทพในตำนาน l [GoyNattyDream]
104	j60RxSgzq6A	long	other	1521007	ถ้าหนูรับ พี่จะรักป่ะ Ep. 98 ผู้หญิงพายเรือไปจีบ แน็ก ชาลี ! l [GoyNattyDream]
105	4IJFOS9Vf-s	long	other	1491033	ถ้าหนูรับ พี่จะรักป่ะ EP. 89 ล้วงความรักพี่มาริโอ้ เมาเร่อ! l [GoyNattyDream]
106	7ZTCWzmi_7U	long	other	1486754	ถ้าหนูรับ พี่จะรักป่ะ Ep. 56 พีพี กฤษฏ์ เคยมีเพื่อนเป็นแฟนไหม? แหมมมมม l [GoyNattyDream]
107	Y1zwJmjT3IM	long	other	1477559	ถ้าหนูรับ พี่จะรักป่ะ Ep. 20 อยากเป็นยุนอา มาคว้าใจนนกุล | [GoyNattyDream]
108	CdwvFnvOyVs	long	other	1468121	ยังไงไหนเล่า EP. 54 เมื่อก้อยโดน ”อิงฟ้า” ตกกลางรายการ [GoyNattyDream]
109	XiEJsikajqI	long	other	1460268	ไปค่ะ พส EP. 2 สมุยเป็นทะเลไม่ใช่เขา ทำไงเธอถึงจะรักเรา l [GoyNattyDream]
110	fe6E-uB-nRI	long	other	1453102	เก้าสุภัสเม้า! จุดเริ่มต้นความรักของ ‘เก้า-วี’ [GoyNattyDream]
111	xIoofhFKdSQ	long	other	1447770	Friendsfly วีทำแหวนที่เก้าให้หาย ที่เกาหลี!! [GoyNattyDream]
112	T5oO2J7Ri8A	long	other	1435512	ยังไงไหนเล่า EP. 11 ปันปัน สุทัตตา ไม่รู้จักคำว่าโสดค่ะ l [GoyNattyDream]
113	KUd9-MMlm58	long	other	1435476	ยังไงไหนเล่า EP. 4 เมื่อติช่า กันติชา มาสอนให้พวกเราเป็นเสือสาว!! | [GoyNattyDream]
114	RfZ4mcu1qLk	long	other	1428960	ถ้าหนูรับ พี่จะรักป่ะ Ep. 19 อยากเป็นที่รักของมิวบ้างนะกลัฟ l [GoyNattyDream]
115	Ixc3WeXEnMM	long	other	1423741	ถ้าหนูรับ พี่จะรักป่ะ Ep. 41 นนท์ ธนนท์ มีผลต่อหัวใจพวกเรามากค่า | [GoyNattyDream]
116	p4Tk2MYbPAc	long	other	1423680	ยังไงไหนเล่า EP. 3 อิ้งค์ วรันธร พวกเราอยากสวยและมีสติเหมือนเธอจัง | [GoyNattyDream]
117	2_qbHunVaKU	long	other	1416239	สรุปค่าใช้จ่ายงานแต่งนัตตี้l [GoyNattyDream]
118	NZqw82NV0iY	long	other	1414369	My Ambulove EP.15 : หลิง - ออม l [GoyNattyDream]
119	Dk2Hf4p0TVc	long	other	1410522	นิกกี้ตัดผมก้อยให้เป็นมู่หลาน l [GoyNattyDream]
120	wY2fVBYLw1U	long	other	1398094	แก๊ง 4 QUEENS ศึก 4 สถาบัน งานนี้ตบเป็นตบ !!!! l [GoyNattyDream]
121	lIA6xqJEG8Q	short	other	1390948	จากประชุม จะกลายเป็นประเมินพนักงานรอบ2แทนนะจ๊ะ#goynattydreamchannel
122	37kJOJx11wE	long	other	1385166	ถ้าหนูรับ พี่จะรักป่ะ Ep. 10 หมอฉลามรับรักพี่เถอะ - สกาย วงศ์รวี l [GoyNattyDream]
123	66kFU5y_3a4	long	other	1380276	Special EP ถ้าพี่รับ หนูจะรักป่ะ By นิกกี้ เม้าส์ แจ็ค l [GoyNattyDream]
124	59soIqMZOu0	long	other	1376060	ถ้าหนูรับ พี่จะรักป่ะ Ep.67 TRINITY เติร์ด ปอร์เช่ แจ๊คกี้ l [GoyNattyDream]
125	zOLkAlT7xC8	long	other	1373883	ถ้าโลกนี้ ไม่มีมือถือ [GoyNattyDream]
126	Ef_pMyr-xmo	long	other	1372788	ท้าตอบคำถามสุดโหดกับเจมส์จิ อาเล็ก บอย เป๊ก เกรท [GoyNattyDream]
127	man7OPfqH7s	long	other	1371473	ตามติดชีวิต 1 เดือน ก้อยดรีมทะเลาะเดือด [GoyNattyDream]
128	LusuNinPGzE	long	other	1370707	ถ้าหนูรับ พี่จะรักป่ะ Ep. 24 แบงค์ ธิติ เป็นแฟนอ้ายแบงค์ได้บ่ l [GoyNattyDream]
129	IqnlDl6KOfk	long	other	1360583	Friendsfly มหากาพย์ นั่งรถ 30 ชม!!! [GoyNattyDream]
130	ZrXx--iDqV8	long	other	1353176	ถ้าพี่รับ พี่จะบอกรักปะ!!! l [GoyNattyDream]
131	8bgyFNqmrls	long	other	1351483	ถ้าหนูรับ พี่จะรักป่ะ Ep. 31 ยิงความรักเข้ากลางใจ พี่อาเล็ก ธีรเดช l [GoyNattyDream]
132	oU6Aho3STrM	long	other	1337548	หลอกดรีมมาถ่ายคลิปเล่าเรื่องผี เพื่อเซอไพรส์วันเกิด! l [GoyNattyDream]
133	SiDld7FpkOc	long	other	1334432	ถ้าหนูรับ พี่จะรักป่ะ Ep. 15 - บุกบ้านปังปอนด์ อัครวุฒิ แข่งกันเป็นศรีภรรยา l [GoyNattyDream]
134	WdwPWHDZHfM	long	other	1328901	ตี้ดรีมพาก้อยถอยรถใหม่ !!! l [GoyNattyDream]
135	i_A2HXf-jg4	long	other	1328668	ถ้าหนูรับ พี่จะรักป่ะ Ep. 54 อุล ภาคภูมิ ไปโคตรคูลอย่างแสบ มาเจอพวกหนูหน่อยค่า l [GoyNattyDream]
136	Y5XhQvz0fEE	long	other	1310501	ถ้าหนูรับ พี่จะรักป่ะ Ep. 100 ตามคำขอ นิกกี้ ณฉัตร l [GoyNattyDream]
137	S_APbYISEhs	long	other	1308804	Friendsfly EP. 3 บำบัดใจทีอยุธยา วีจ๋าอย่าร้องไห้!! [GoyNattyDream]
138	WGIgFEti1Ls	long	other	1305147	นิเทศจุฬาฯ ต้นกำเนิดก้อยนัตตี้ดรีม l [GoyNattyDream]
139	8jS8pPQFUAs	long	other	1303873	ถ้าหนูรับ พี่จะรักป่ะ EP. 76 มายอาโป โดนศอกเข้าไป เชื่อแล้วว่าคู่นี้โหดจริง l [GoyNattyDream]
140	taVrj1HWJFM	long	other	1299151	ยังไงไหนเล่า EP. 41 ท้าชนแก้วกับพี่จ๊ะ นงผณี มีคนมึนหัวทิ่ม [GoyNattyDream]
141	_4B5ZlNtWUQ	long	other	1296102	เปิดกระเป๋าเครื่องสำอางก้อย นัตตี้ ดรีม l [GoyNattyDream]
142	4GAAzMUWs6s	long	other	1292426	ถ้าหนูรับ พี่จะรักป่ะ EP. 6 กัปตัน ชลธร แสบนัก รับมือยังไงไหว! l [GoyNattyDream]
143	ed4xKQ0YWhk	long	talk	1285554	จับปูกับเซียนหรั่งที่ขอนแก่น EP. 2 [GoyNattyDream]
144	cwvplKOURlk	short	other	1282869	เก้า วี มีข่าวดีจะบอก!! #goynattydreamchannel
145	8YKsW7uWLcc	long	other	1277065	ยังไงไหนเล่า EP. 8 พี่แต้ว ณฐพร นางเอกสุดปัง ร้องเล่นเต้นทเวิร์ค l [GoyNattyDream]
146	mVQRcTFJzrY	long	other	1274158	เปิดบ้านก้อยแต่งเสร็จ! รวม 24 ล้าน [GoyNattyDream]
147	FtVZ62iBrb4	long	other	1272790	ถ้าหนูรับ พี่จะรักป่ะ Ep. 53 เต ตะวัน ฟาดในทวิตแต่ละที พวกหนูชอบ l [GoyNattyDream]
148	Q_l8VToDIQ0	long	other	1271291	บททดสอบการมีสติ [GoyNattyDream]
149	j8EYamH1Jmo	long	other	1265110	Friendsfly ทิ้งทวน! ก่อนเป็นเจ้าสาว ที่เกาหลี [GoyNattyDream]
150	l1bWKvBBQY4	long	other	1252423	Friendsfly โต้รุ่งที่เกาหลี ยันเช้าาาา [GoyNattyDream]
151	U4HZ3BI44SQ	long	other	1251028	ขอท้าใหม่ ดาวิกา ตอบคำถามสุดโหด หรือกินเมนูแปลก [GoyNattyDream]
152	K2NFVqWAJHQ	long	other	1247197	ยังไงไหนเล่า EP. 6 ฝน ศนันธฉัตร โสด และสวยมาก l [GoyNattyDream]
153	pO8P50sr2y4	short	other	1242905	ถามไวตอบไว "ไปต่อ หรือ พอแค่นี้" ❤️💔 #goynattydreamchannel
154	0I5ywbxwcaA	long	other	1230983	My Ambulove EP.9 : มาเบล - ปอร์เช่ l [GoyNattyDream]
155	IAt0B7AI4KY	short	other	1225903	พี่นิกกี้🥺 #นิกกี้ณฉัตร #ก้อยอรัชพร #goynattydreamchannel
156	7hrPU9_BMcQ	long	other	1224091	นัตตี้ ดรีม เผาก้อยให้เป็นจุล !!! l [GoyNattyDream]
157	H950Qiw5ucw	long	other	1214258	Friendsfly ตะลุยอินเดียครั้งแรก! [GoyNattyDream]
158	s98NL8HU5TI	long	other	1213778	รีโนเวทคอนโดดรีมให้เป็นสตู ราคาเกือบล้าน! l [GoyNattyDream]
159	bfkAYicrXKg	long	other	1213683	Friendsfly ตามหาวาฬมาดากัสการ์ [GoyNattyDream]
160	22qlLB3_gZQ	long	other	1211360	ยังไงไหนเล่า EP. 43 มาร์กี้ ราศรี มีป๊อกก็ต้องมีกี้ หวานกรุบกรอบนอกนุ่มในอ๊า [GoyNattyDream]
161	Oabv8jjwGcc	short	other	1210538	วิธีด่าให้ดูไม่หยาบ 😂 #goynattydreamchannel
162	g5OsNB5OeeI	long	other	1185908	ขี่มอเตอร์ไซค์ไปเผานัตตี้!! l [GoyNattyDream]
163	yJXG9zk1Qdo	long	other	1176099	ถ้าหนูรับ พี่จะรักป่ะ EP. 85 แบ๊ดบอยที่ว่าแน่ ยังแพ้ ไบร์ท นรภัทร l [GoyNattyDream]
164	EYC3nugeJLE	short	other	1174154	สาม พยางค์ จบ! #goynattydreamchannel
165	zmYzPcEYqTM	long	other	1173241	Friendsfly โสดคนที่ 2 ของกลุ่ม [GoyNattyDream]
166	n4bfE4vwGOM	long	other	1171597	ถ้าหนูรับ พี่จะรักป่ะ EP. 91 Jeff Satur ว่างี่เง่าเป็นเสน่ห์อย่างนึงของชีวิตคู่ l [GoyNattyDream]
167	8e2IL284d9Y	long	other	1168267	ถ้าหนูรับ พี่จะรักป่ะ Ep. 47 เม้าส์ ณัฐชา ผมเคยดังมาก่อน ผมขอกลับมาอีกครั้ง! l [GoyNattyDream]
168	gwd1xNopefw	long	other	1165281	เต้นกับกั้ง เพื่อนสมัยเรียน แซ่บสุดในรุ่นก้อยนัตตี้ดรีม l [GoyNattyDream]
169	aHsLHp1Fr54	short	other	1156720	คิดถึงนะจ๊ะะ💖💖#ปันปันสุทัตตา #punpun_sutatta #ก้อยนัตตี้ดรีม #goynattydream
170	c42Wi4Zfwb0	long	other	1155526	ไปค่ะ พส ep.7- มาเที่ยวซานฟรานทั้งที แต่มีคนอยากกลับบ้าน! l [GoyNattyDream]
171	ewkS5Qwc25s	long	other	1153923	ที่สุด! ของถ้าหนูรับพี่จะรักป่ะ EP 99 [GoyNattyDream]
172	qs0dd-HGKd4	long	other	1146160	ถ้าหนูรับ พี่จะรักป่ะ EP. 81 สเปคสาวของดิว F4 l [GoyNattyDream]
173	VfMOD-ta7rY	long	other	1145387	ยังไงไหนเล่า EP. 44 โบว์ เมลดา หนึ่งปีผ่านมา มีอาเล็ก เอ้ย อาไรอัพเดทบ้างค้า [GoyNattyDream]
174	8clXLmcKLus	long	other	1142149	มื้อสุดท้ายก่อนตายของ ทิม พิธา l Last Supper EP.10 l [GoyNattyDream]
175	rAwaS8QHuok	short	other	1129674	เจอลูกสะใภ้แบบนี้ จะไปต่อหรือพอแค่นี้? #goynattydreamchannel
176	aNrPbHiO7DQ	short	food	1128787	ก้อยตี้ดรีม นัดตีแบด กินซอยจุ๊!! #goynattydreamchannel
177	OJQok9t5aDs	long	other	1125670	ถ้าหนูรับ พี่จะรักป่ะ Ep. 49 ก๊อต จิรายุ ว่าที่สามีแห่งชาติคนใหม่ของพวกหนูมาแล้ว l [GoyNattyDream]
178	3L3wcHxXRQM	long	other	1125592	ใครโสดตกกระป๋อง x มีน พีรวิชญ์ kyutaeoppa บอสสอก l [GoyNattyDream]
179	yrn31dQkmtY	long	other	1123033	วันนั้นของเดือน - Goy Arachaporn ft. Violette Wautier [Official MV]
180	qbSRyd-iPqo	long	other	1119125	ยังไงไหนเล่า EP. 37 พิมพ์ กรกนก หนีคิวเทโอปป้า มาซ่า1 วัน [GoyNattyDream]
181	KeoK71aNcDE	long	other	1114054	สลับบ้านนอน ภาค 2 [GoyNattyDream]
182	plzFkkzuS-g	long	other	1113936	ยังไงไหนเล่า EP. 26 เก้า สุภัสสรา สวยขนาดนี้ ใครบูลลี่บอกพี่มา [GoyNattyDream]
183	OhYxczU046k	long	other	1111458	ถ้าหนูรับ พี่จะรักป่ะ Ep. 21 ขาหื่นกว่านิกกี้ ต้องคนนี้ เจี๊ยบ ลลนา l [GoyNattyDream]
184	We6iQDxTH4c	long	other	1108460	ไปค่ะ พส EP. 1 - บิ๊กเมาน์เท่น อดีตของนัตตี้ ปัจจุบันของก้อย แล้วดรีม? l [GoyNattyDream]
185	wyI16kUBwwM	long	other	1108122	ยังไงไหนเล่า EP. 18 มายด์ wjmild ถึงคนรักเก่า ฉันคือต้มแซ่บไม่ใช่ต้มจืด l [GoyNattyDream]
186	As1oHO-kIZw	long	other	1103637	Friendsfly กระเป๋าหาย! ที่สเปน [GoyNattyDream]
187	nNbE5DOFLJE	long	other	1101149	ไล่อ่านคอมเม้นด่า พัฒนาสมอง รับปี 2022 l [GoyNattyDream]
188	xZGDVD2hpj4	long	other	1099023	ถ้าหนูรับ พี่จะรักป่ะ Ep. 120 ขอเป็นแม่สื่อ จับคู่ตะวันฉายกับน้ำหอม l [GoyNattyDream]
189	GR7ZQ3yAt18	long	other	1094030	ถ้าหนูรับ พี่จะรักป่ะ Ep. 14 - เซ้นต์ ศุภพงษ์ พวกพี่จะปกป้องน้องจนตัวตาย l [GoyNattyDream]
190	UHa-KikEOXU	long	other	1093807	ยังไงไหนเล่า EP. 35 พี่ปุ๊กกี้ ปวีณ์นุช สามีข้าใครอย่าแตะ!! [GoyNattyDream]
191	_OpFbUfIEhk	long	other	1093298	ยังไงไหนเล่า EP. 48 เลิฟ นิยามดาราชายตึก GMM คนไหนสเปคหนู ! [GoyNattyDream]
192	rCbfPsRzzLM	long	other	1087934	ถ้าหนูรับ พี่จะรักป่ะ Ep. 23 มาร์ช จุฑาวุฒิ รับพวกหนูไปเลี้ยงที โฮ่ง l [GoyNattyDream]
193	FKFOF-6iE2A	long	other	1084911	ถ้าหนูรับ พี่จะรักป่ะ Ep. 17 ขอภาวนาให้ มิว Meyou เป็นของพวกเรา เพี้ยง! l [GoyNattyDream]
194	caXW34j693E	long	other	1083319	ถ้าหนูรับ พี่จะรักป่ะ Ep. 44 กวินท์ ดูวาล โดนปุ้มปุ้ยถอดเขี้ยวเล็บไปหมดยังน้า l [GoyNattyDream]
195	wtIXsNwiUac	long	other	1082422	นัตตี้แมนเคยทะเลาะหนัก เกือบไม่ได้แต่ง! [GoyNattyDream]
196	c64eU9_jBMc	long	other	1081596	ก้อยทุ่มหมดตัวซื้อบ้านให้แม่กว่า 20 ล้าน l [GoyNattyDream]
197	RXpx6NSZiqE	long	other	1078698	ยังไงไหนเล่า EP. 5 ไม่ได้พี่ตูนเป็นเจ้าบ่าว ขอเป็นเจ้าสาว แบบพี่ก้อย l [GoyNattyDream]
198	R3hEkTiM7Zg	long	other	1073052	ยังไงไหนเล่า EP. 52 พรอยมน เล่าหมดเปลือก ความรักกับไอ้ต้าวกิต! Three Man Down [GoyNattyDream]
199	L5-PAoQQ1c0	long	other	1071427	ไปค่ะ พส ep.3 - ตอบทุกความลับ บนรถบ้าน l [GoyNattyDream]
200	hLp089qIEfQ	short	other	1070922	ขึ้นต้นด้วย "รา" ลงท้ายด้วย "คี"#ลำดับวัดใจ #ราคีTHESTAIN #ก้อยนัตตี้ดรีม #goynattydream
201	wcO5cV8czGQ	long	other	1064968	ก้อยตี้ดรีมเจอทีมงานเอาคืน! [GoyNattyDream]
202	YMwBWIRYf9k	short	other	1056961	เก้าสุภัสสรา แฉวิโอเลต-เก้า ตอนถ่าย O-Negative!!! แซ่บมากแม่😂#ก้อยนัตตี้ดรีม #goynattydreamchannel
203	PHOJ4nq2LGs	short	other	1054184	จัดอันดับแบรนด์เนมที่คิดว่าผู้หญิงอยากได้ #goynattydreamchannel
204	0I1vuedUJ7M	short	other	1054123	THIS or THAT ฉบับ MK 🍽️ #goynattydreamchannel
205	bk8s6QfqLCc	long	other	1050945	นัตตี้ ถ้าหนูรับ หรือ มึงต้องเป็นคนขับ บ้าง! l [GoyNattyDream]
206	0-4sAtVI6CY	long	other	1045643	ถ้าหนูรับ พี่จะรักป่ะ Ep. 37 คิวเท อปป้า บอกซารางเฮโยนูน่าหน่อยซิ l [GoyNattyDream]
207	wjp56VFxx6Q	short	other	1045215	อกหักแล้วโทรหาคริส คริสตอบกลับมาว่า?!!! #ต้นหอมศกุนตลา #ยังไงไหนเล่า #goynattydreamchannel
208	V2JonAdKri0	long	other	1043398	ไปค่ะ พส ep.5 - เกาะมันนอก แต่เราอะมั่นใจ ต้องใช่เธอ ฮิ้ววว l [GoyNattyDream]
209	A0KoPelKcrM	long	other	1041942	VLOG เปิดตัว "แม่" ก้อย นัตตี้ ดรีม l [GoyNattyDream]
210	mVmWtQw6U30	long	other	1040343	เปิดใจวันคริสต์มาส เคยทะเลาะจนจะเลิกคบกัน l [GoyNattyDream]
211	VXw3o30WRIU	long	other	1039433	Friendsfly เที่ยวอิตาลี ทริปนี้หมดเป็นล้าน [GoyNattyDream]
212	nsi4XimZ7_I	long	other	1038890	จูบต่อ-ธนภพ ต่อหน้าแฟน! รีแอคแรงมาก! [GoyNattyDream]
213	QhmzxOgVtbo	long	other	1030125	ถ้าหนูรับ พี่จะรักป่ะ Ep.52 เจแปน คนชอบบอก ผมเป็นคนตลาด เอ้ย ตลก เอ้ยถูกแล้ว l [GoyNattyDream]
214	AwfuCm93Z6A	short	other	1018622	ประสบการณ์พาสปอร์ต หล่นบนเครื่องบิน #goynattydreamchannel
215	EtNEzIJx0MA	short	other	1017755	พระเอกในดวงใจ เชียร์ที่เคยแสดงด้วย #goynattydreamchannel
216	Laele3hQ8iY	short	other	1015360	ดรีมเมา Ep.10 #goynattydreamchannel
217	iFnjQzVBjmo	long	other	1010009	คุยความรักต่างวัย คิดยังไงกับการนอกใจ [GoyNattyDream]
218	CM3hCLAqtWw	long	other	1008622	ถ้าหนูรับ พี่จะรักป่ะ Ep. 58 กันสมาย ระวังเสือคู่จะสิ้นลาย l [GoyNattyDream]
219	RyfyQfp9Ky4	short	other	1006726	ปลอบพวกเราหน่อย 🥺#ก้อยนัตตี้ดรีม #goynattydreamchannel #ก้อยอรัชพร #นัตตี้นันทนัท#ดรีมอภิชญา
220	qZ90bl7VkOk	long	other	1004642	ยังไงไหนเล่า EP. 14 เต้ย จรินทร์พร Dek-D ชิดซ้าย มิสอุทัยทิพย์ชิดขวา l [GoyNattyDream]
221	Cxf14DAL5PA	short	other	1000870	ความรักในแบบของ กุ๊บกิ๊บ❤️ #ยังไงไหนเล่าep76 #กุ๊บกิ๊บสุมณทิพย์ #บี้กุ๊บกิ๊บ #บี้kpn #ยังไงไหนเล่า
222	24V-XG04g9Y	long	other	990966	บุกกองถ่าย บางกอกคณิกา [GoyNattyDream]
223	DxzRt3YW0Hc	long	other	986841	ถ้าหนูรับ พี่จะรักป่ะ Ep. 106 ไมค์ พิรัชต์ กอล์ฟ-ไมค์ หรือจะสู้ ก้อย-ไมค์ l [GoyNattyDream]
224	610gAjHhGHA	long	other	985182	หนูอยากออกเรือน จานที่2 - นิกกี้แมนแฟนสองสาว ทำอาหารให้กินที่บ้าน 150 ล้านใน L.A. l [GoyNattyDream]
225	4-CbZ_3KQmE	long	other	983521	Truth or dare ขอ die ไปเลยได้มั้ยคะตอบความจริงมา! ไม่งั้นก็โดน! l [GoyNattyDream]
226	NYDgKpv0Onc	long	other	981825	ยังไงไหนเล่า EP. 22 เบสท์ คำสิงห์ พูดตงตง พี่ขอ [GoyNattyDream]
227	qSxXijO-iOo	short	other	980610	ปิดฉากรัก 7 ปี เกือบได้แต่งงาน #goynattydreamchannel
228	kDx997qS3_s	long	other	979976	ถ้าหนูรับ พี่จะรักป่ะ Ep. 38 ติ๊ก เจษฎาภรณ์ ออกจากป่า มาอยู่ในใจพวกหนูแทนละค่ะ l [GoyNattyDream]
229	cCeKtT9Y0xk	long	other	979737	My Ambulove EP. 31 : วิลเลี่ยม - เอส l [GoyNattyDream]
230	L4knrrq5slc	short	other	978050	ศิลปินหญิง T-POP ในดวงใจ นนท์ ธนนท์ #goynattydreamchannel
231	DNx-DNmpfLw	long	other	966754	ยังไงไหนเล่า EP. 40 โฟร์ ศกลรัตน์ อย่าเพึ่งตีกันในช่องหนูค่า [GoyNattyDream]
232	cZ1mcn4pfBA	long	other	965413	ไปค่ะ พส EP. 11 - ฉลองความโสดของมุกและฉลองวันเกิดบอสสอกที่ฝรั่งเศส l [GoyNattyDream]
233	mmM5coEmlf0	long	other	965337	ถ้าหนูรับ พี่จะรักป่ะ EP. 77 นนน แค่เพื่อนครับเพื่อน ขอเป็นมากกว่าเพื่อนได้ไหมจ๊ะ l [GoyNattyDream]
234	Nq_02EIs6Xs	long	other	962117	My Ambulove EP.10 : มิว - ตุลย์ l [GoyNattyDream]
235	wG59f3T10jw	short	other	961552	คู่นี้น่ารักมากกก ❤️ #ก้อยนัตตี้ดรีม #goynattydream #มีนดรีม #บ้านใหม่ #มีนพีรวิชญ์
236	9-YlYHLbTHQ	short	other	961164	จากเพื่อน สู่ #ภรรยาพี่ธนิน 🤭 #goynattydreamchannel
237	re1FZNbNVTM	long	other	959500	ยังไงไหนเล่า EP. 49 ตู ต้นตะวัน เลือกหนุ่มในใจ จากแก๊ง F4! [GoyNattyDream]
238	Kf4g3NO5rfg	long	other	956899	ยังไงไหนเล่า EP. 13 มารี เบรินเนอร์ ฟาดจริงไม่มีคำว่าปลอม l [GoyNattyDream]
239	FBVZJapH_40	short	other	954269	ช่วยแฟนหนุ่มด้วยค่าา🤣#ก้อยนัตตี้ดรีม #goynattydream #vlog
240	RXAFqLY2BRI	long	other	950407	ถ้าหนูรับ พี่จะรักป่ะ Ep. 46 พี่ป้อง ณวัฒน์ ขุนแผนหลายใจ แต่พวกหนูชอบเล่นกับไฟค่ะ l [GoyNattyDream]
241	JWhRvJ1BHgM	long	other	949126	Friendsfly กระเป๋าหายที่สเปน อีกแล้ว! [GoyNattyDream]
242	TnU0H2HMZn0	short	other	948841	นิกกี้😂 #ถ้าหนูรับพี่จะรักป่ะ #นิกกี้ณฉัตร #EP100 #goynattydreamchannel
243	UVVUbu0eAaQ	long	other	948528	นัตตี้ดรีม พาสิงโตก้อย บุกเซอร์ไพรส์วันเกิดพี่นิกกี้ l [GoyNattyDream]
244	Y8ykN2PQsV0	long	other	946267	ยังไงไหนเล่า EP. 19 มุก วรนิษฐ์ ขอให้หนูเจอรักดีๆสักที เพี้ยง!l [GoyNattyDream]
245	vfYssRltLwY	short	other	944430	เริ่มทริปก็เอาเลย #friendsflyth
246	GMGEBOZEDXo	long	other	941753	ลำดับวัดใจ x แก๊งโอฮาน่า [GoyNattyDream]
247	ShJD1W2c3uc	long	other	941443	ยังไงไหนเล่า EP. 12 พี่มิว นิษฐา คลั่งรักนะจ๊ะเนี่ย l [GoyNattyDream]
248	VQ45kYvTiCs	long	other	938900	ยังไงไหนเล่า EP. 47 เฟย์ ท้าเปิดแชทจีบกับบอย ปกรณ์[GoyNattyDream]
249	6zWDYzFd04I	long	other	936656	วีปลอมตัว แอบฟัง Retrospect เผาเก้า! [GoyNattyDream]
250	r2f6N9jJDgk	short	other	934878	แพต ชญานิษฐ์ กับของที่ขาดไม่ได้ #goynattydreamchannel
251	FUmdPhQFz5Q	short	food	930625	เมนูยอดนิยมที่แม่ครัวต้องทำเป็น #GoyNattyDreamChannel
252	qQOCza07Z0s	long	other	928481	ยังไงไหนเล่า EP. 73 คลอดีน ขอพักใจ โสดให้นานที่สุด [GoyNattyDream]
253	lSoHEN8hPlQ	short	other	917304	มีนหึงดรีม!!! #goynattydreamchannel
254	oR4d_D2a270	long	other	917012	ถ้าหนูรับ พี่จะรักป่ะ Ep. 40 มิกค์ ทองระย้า พวกหนูขอพี่จากโบว์แล้ว l [GoyNattyDream]
255	z8xoMQ5U3oM	long	other	911510	One Last Ride Fan Meeting Concert Full Performance [GoyNattyDream]
256	oAQKkxTI8cU	long	other	908645	ยังไงไหนเล่า EP. 17 เจนนี่ ปาหนัน อยากมีแฟนโว้ยยย ชีวิตไม่เคยมี!!!!!! l [GoyNattyDream]
257	_Cdqtd8JcNw	long	other	906204	Friendsfly ทริปนี้มีคนตกเครื่อง! [GoyNattyDream]
258	b85j1kq6hCs	long	other	902740	Friendsfly กินข้าวปีใหม่ กับแก๊งพ่อบ้าน [GoyNattyDream]
259	5JOBrlA6qlI	long	other	900715	ยังไงไหนเล่า EP. 23 พิมฐา คนคุยตอนนี้เป็นยังไงบ้างจ๊ะ [GoyNattyDream]
260	C3Hrs4QKOPI	long	other	899575	ยังไงไหนเล่า EP. 68 อุ๊งอิ๊งค์ ขอแลนด์สไลด์หัวใจเธอ [GoyNattyDream]
261	t9FgHwHYPlw	short	other	893504	ต้อนรับกลับบ้านที่แท้ทรู🥹#friendsflyth #วีวิโอเลต #เฟรนฟราย #goynattydreamchannel
262	K9RHcPZEBMY	long	other	893060	ท้าบาสบิวโบว์ ทำเมนูเด็ดจาก Tiktok! [GoyNattyDream]
263	FcaIJYme_sE	long	other	885827	ยังไงไหนเล่า EP. 62 โบกี้ไลอ้อน เคยลองเป็นแฟนกับ THE TOYS 1 อาทิตย์ [GoyNattyDream]
264	j9p_s2Q9Ul4	long	other	885282	ตะลุยกิน ร้านเด็ดบรรทัดทอง [GoyNattyDream]
265	YMF4CL0IMYs	long	other	885079	Friendsfly สลับกระเป๋าใช้ชีวิต! [GoyNattyDream]
266	wg0guxdu894	long	other	884668	Friendsfly โสดคนที่ 3 ของกลุ่ม [GoyNattyDream]
267	3LAmPjmxn-I	short	other	883896	ใน Following อิ้งค์มีแต่ผู้หญิงเฟย! #goynattydreamchannel
268	Du7ro5CQf8s	long	other	882264	เตรียมงานแต่ง นัตตี้-พี่แมน! [GoyNattyDream]
269	91chECOptrs	short	food	881039	เมื่อแฟนชอบกินข้าวไม่หมด#goynattydreamchannel
270	iV3lCQK15mI	long	other	879162	My Ambulove EP.12 : เติร์ด - แฮนน่า l [GoyNattyDream]
271	2Nn7D79MQt4	long	other	873390	เปิดรายจ่ายก้อยนัตตี้ดรีม 1 เดือนหมดกับอะไรบ้าง [GoyNattyDream]
272	30zdFuFiSaE	short	other	872285	รีวิวการทำจมูกหลักแสน!! #ก้อยนัตตี้ดรีม #goynattydream #ก้อยอรัชพร #นัตตี้นันทนัท #ดรีมอภิชญา
273	aFhe29uwgZw	long	other	871143	CarราCarซัง EP. 5 : เฟย - อิ้งค์ l [GoyNattyDream]
274	lqvN3-tqoM8	long	other	871095	ถ้าหนูรับ พี่จะรักป่ะ Ep. 69 THE TOYS อาหมวยตัวเล็ก สเปคทอยมั้ยค้าา? [GoyNattyDream]
275	d-XIxCsEdu8	long	other	865858	ถ้าพี่รับ... หนูจะทำตามค่ะ l [GoyNattyDream]
276	_iyFhcRGOFU	long	other	865611	ถ้าหนูรับ พี่จะรักป่ะ Ep. 65 แข่งกันเป็นลูกสะใภ้เท่ง เถิดเทิง l [GoyNattyDream]
277	sh_FEpfNfuE	long	food	865529	พา (G)I-DLE กินข้าวแกง! [GoyNattyDream]
278	NuOUHhYL7eQ	short	other	861989	สเต็กถูก vs สเต็กแพง #goynattydreamchannel
279	P33ME_pKbKQ	long	other	858180	ถ้าหนูรับ พี่จะรักป่ะ Ep.51 ลุค อิชิคาว่า ภาษาอังกฤษพี่ไม่คล่อง แต่ภาษารักคล่องน้า l [GoyNattyDream]
280	EE1ZIGiJBfM	long	other	857704	Friendsfly ถ้าเจอแฟนเก่าที่สเปน ทำยังไง?? [GoyNattyDream]
281	S6Y24qoDbHg	long	other	856711	ยังไงไหนเล่า EP. 107 ญาญ่า ไม่เคยมองณเดชน์เป็นเพื่อน ! [GoyNattyDream]
282	wiA6VYQ7-tc	short	other	855352	นัตตี้!!!!!! #ถ้าหนูรับพี่จะรักป่ะ #epสุดท้าย #นัตตี้นันทนัท #goynattydreamchannel
283	_jC5_PkcYOU	short	other	854811	“พระ-นาง” ที่เคยเล่นคู่ “ซี-เอมี่” #goynattydreamchannel
284	yURAIWqtZ1Y	short	other	852882	GMMTV คนนี้ เจนเย่นึกถึงอะไร #goynattydreamchannel
285	0BOHHWNgDyA	long	other	848345	ถ้าหนูรับ พี่จะรักป่ะ Ep. 50 มาออกแบบแปลนบ้านกับพี่มั้ยจ๊ะ l [GoyNattyDream]
286	106HYJzc6nc	short	other	845748	คนด้านหน้าดูแฮปปี้เป็นพิเศษนะคะเนี่ย😝💖#ก้อยอรัชพร #ก้อยนัตตี้ดรีม #goynattydream
287	WsuC6lvFn58	long	other	844798	ถ้าหนูรับ พี่จะรักป่ะ EP. 73 แดน วรเวช โทรขอพี่แพทตี้ วันนี้มีเสือคัมแบคแล้วค่าาา l [GoyNattyDream]
288	ulogcJB0P0c	long	food	838560	ทายของกิน ถูก vs แพง [GoyNattyDream]
289	4I2dbFES1aI	long	other	836628	ล้อมวงเปิดใจที่ลำคลองงู x ปล่อยกูไป [GoyNattyDream] 
290	AzksvB2pKlc	long	other	835362	Friendsfly ใครจะแต่งงานคนถัดไป [GoyNattyDream]
291	JXLs1zDJKX0	short	other	835222	นักร้องชายที่เป็นที่สุดของโบกี้ไลอ้อน#มื้อสุดท้ายก่อนตาย #goynattydream #ก้อยนัตตี้ดรีม #โบกี้ไลอ้อน
292	UsMi8vGexUE	short	other	832227	คนรักแบบนี้จะไปต่อหรือพอแค่นี้ ช่างหมัดแมนจะว่าไงบ้าง??#ก้อยนัตตี้ดรีม #goynattydream
293	AVz-65GD8T4	long	other	829596	ถ้าหนูรับ พี่จะรักป่ะ Ep. 62 บอย ปกรณ์ ปีก่อนไม่อยากมี แต่ปีนี้พร้อมมีคนคุยแล้ว l [GoyNattyDream]
294	hnab7Jhk8bo	long	other	825949	Sunflower (ทานตะวัน) - Goy Arachaporn [Official MV]
295	aVyRTWa71C0	long	other	824444	ถ้าหนูรับ พี่จะรักป่ะ EP. 93 โต้ง Twopee พอก่อน! ความรัก ขอเวลาพักใจยาวๆ l [GoyNattyDream]
296	dmzb6MWjvAc	short	other	821581	จากไม่ชอบหน้าทุกวันนี้สนิทขั้นสุด#ใบเฟิร์นพิมพ์ชนก #BaifernBah #ก้อยนัตตี้ดรีม #goynattydream
297	OhnnukjLexQ	long	other	819628	ไปรดน้ำดำหัวพ่อแม่มีน พีรวิชญ์ [GoyNattyDream]
298	uLWNeIKaopI	long	other	816888	ถ้าหนูรับ พี่จะรักป่ะ EP. 74 เกรท วรินทร เสือที่โสดแบบพี่ อย่างนี้ก็เข้าทางหนูสิคะ l [GoyNattyDream]
299	J9sz7_x-x88	long	other	815662	Friendsfly สรุปค่าใช้จ่าย! มาดากัสการ์หลักล้าน [GoyNattyDream]
300	fF6iZmDkNVg	short	other	815242	เมื่อเพื่อนไม่ชอบกัน ชาร์เลทจึงทำสิ่งนี้! #goynattydreamchannel
301	Dmavk3lmk9A	long	other	810959	แซนตี้ ก้อยนัตตี้ดรีม x’mas กับผองเพื่อน l [GoyNattyDream]
302	qYUK__mDc8c	long	talk	810211	คุยปัญหาแม่ผัวลูกสะใภ้ กับลูกเกด - พีช [GoyNattyDream]
303	NRfD__MeegY	long	other	805358	ถ้าหนูรับ พี่จะรักป่ะ Ep. 101 ธามไท โสดจนกลายเป็นคนกลัว "ความรัก" l [GoyNattyDream]
304	WrqAs8gVV6o	short	other	805134	ผ่านมาเกือบ 10 ปี วัยว้าวุ่นแต่ละคนทำอะไรกันอยู่บ้างน้า💖#ก้อยนัตตี้ดรีม #goynattydreamchannel
305	LUtK-L2e7Hc	long	other	803054	ถ้าโลกนี้ไม่มีรถส่วนตัว !! [GoyNattyDream]
306	Zli7QFxy12U	long	other	800468	ยังไงไหนเล่า EP. 63 แอน ทองประสม ชอบใครให้ชวนทะเลาะ!!! [GoyNattyDream]
307	cJ-A4yH3f5A	long	other	799087	ยังไงไหนเล่า EP. 31 แฟนคนเดียวทำไมจะเลี้ยงไม่ได้ มะปราง อลิสา บอก!!! [GoyNattyDream]
308	WKtC9YUMtKQ	long	other	798346	เกมจับชู้ x โคตรคูล โอ๊ต ป๊อป ซานิ อาร์ต [GoyNattyDream]
309	YL9uym4lHEw	long	other	789219	VLOG บุกบ้าน เอาใจพ่อนัตตี้ l [GoyNattyDream]
310	5wwvNI0Rl24	long	other	789194	ถ้าหนูรับ พี่จะรักป่ะ Ep. 64 อเล็กซ์ เรนเดลล์ เดินป่ามาบ่อย ขอเดินข้างๆหน่อยได้เปล่า [GoyNattyDream]
311	sNcWZLPeh6k	long	other	788876	ถ้าหนูรับ พี่จะรักป่ะ Ep. 70 URBOYTJ อยากให้เป็นมากกว่านั้น ก็ต้องเป็นแฟนหนูแล้วปะ [GoyNattyDream]
312	c6vFnrbQnIs	long	other	787240	Friendsfly วีโกรธหนักที่เมืองชัยปุระ [GoyNattyDream]
313	dDiYWB20zf0	long	other	786463	ถ้าหนูรับ พี่จะรักป่ะ Ep. 61 ตงตง กฤษกร ก่อนเป็นแมว เคยเป็นเสือ คุยพร้อมกัน 10 คน l [GoyNattyDream]
314	ElZbz6S5O2Q	long	other	782502	ถ้าหนูรับ พี่จะรักป่ะ Ep. 28 พี่ก้อง สหรัถ ถ้าใจเราได้ อายุก็แค่ตัวเลข l [GoyNattyDream]
315	X5ztvmot1YI	long	other	772819	ยังไงไหนเล่า EP. 34 พลอย หอวัง เคล็ดลับเป็นเพื่อนกับแฟนเก่า [GoyNattyDream]
316	uPd9HTmeM1s	long	other	769328	ยังไงไหนเล่า EP. 112 เจนเย่ Top 3 หนุ่ม GMM ที่มองว่าน่ารัก! [GoyNattyDream]
317	_1lQbhnFcD8	short	other	766870	เมื่อวี วิโอเลต ค้างของขวัญเก้าจิรายุมาหลายเทศกาล วาเลนไทน์นี้จะจัดเต็มด้วยอะไร ไปดูค่ะ💖 #วาเลนไทน์
318	FHL_YG3TiIc	long	other	763973	Friendsfly เซอร์ไพรส์แฟน วันวาเลนไทน์ [GoyNattyDream]
319	JeM7uTAkSEc	long	other	763501	ถ้าหนูรับ พี่จะรักป่ะ Ep. 104 ศิธา แด๊ดดี้ขยี้เผด็จการ เอ้ย หัวใจ l [GoyNattyDream]
320	gSEDKTn8GLc	long	other	762837	ถ้าหนูรับ พี่จะรักป่ะ Ep. 57 กระทิง ขุนณรงค์ เขินไปเขินมา ระวังหลงรักพี่น้า l [GoyNattyDream]
321	yw3miyG1kgI	short	other	762373	เซอร์ไพรส์ค่า CEO#ให้แบรนด์แทนใจ #ให้แบรนด์แทนใจเลือกด้วยใจให้คนสำคัญ
322	Kcoq9QoUtaI	long	other	760636	สรุปทริปอเมริกาเหยียบล้าน ที่!!ศรีพันวาาา l [GoyNattyDream]
323	p-9zuIYH1Nk	long	other	759748	ตอบคำถามโหด กับเฟย์ฟางแก้ว [GoyNattyDream]
324	FNm-NJUxRgQ	long	other	758616	เปิดเรือนหอ นัตตี้-พี่แมน ทุบบ้าน 30 ล้านทิ้ง [GoyNattyDream]
325	y47a_aBLVAw	short	other	758043	ใหม่จะไม่ทน!! เลิฟซีนเต๋อ-ก้อย #goynattydreamchannel
326	g48-PZZFrEY	long	other	755285	ถ้าหนูรับ พี่จะรักป่ะ Ep. 25 ไอติม พริษฐ์ เติมความหวานให้เราหน่อยย l [GoyNattyDream]
327	GAztGscQTf0	long	other	755078	เปิดรายได้ก้อยนัตตี้ดรีมทุกช่องทาง! l [GoyNattyDream]
328	RWqnkBSo4uc	long	other	754897	Friendsfly แบ่งหน้าที่เพื่อนเจ้าสาว [GoyNattyDream]
329	hJ59hzAfkPQ	long	other	752724	ก้อยนัตตี้ดรีม ย้อนวัย นัดเจอสองสาวแฟนเก่าก้อย l [GoyNattyDream]
330	kWOh04Ts1mY	long	other	746587	เกมคำต้องพูด X เทพลีลา @thepleelaofficial [GoyNattyDream]
331	WCKjyyKkgr0	long	other	744332	ต้อนรับวันเด็ก! ก้อยนัตตี้ดรีม แอ๊บไปเป็น พี่เนียน l [GoyNattyDream]
332	LjN6qnEAgqo	long	other	744279	ยังไงไหนเล่า EP. 74 แอฟ ทักษอร รักครั้งใหม่ สัญญาว่าจะน่ารักค่ะ [GoyNattyDream]
333	js3nzgau-2g	long	other	743832	หาทางรอดตายในป่าต้องห้ามกับโจโฉ [GoyNattyDream]
334	X2pp70LnT9o	long	other	740103	My Ambulove EP. 34 : เก้า - เจนเย่ l [GoyNattyDream]
335	n4nqqEfC-ig	long	other	740022	ก้อย ดรีม สู้! ฉันจะสวยแบบนัตตี้!! l [GoyNattyDream]
336	OEmKeX_uXVo	long	other	733924	เปิดรถก้อยตี้ดรีม! [GoyNattyDream]
337	-6_FwRtAZKU	long	other	733384	Friendsfly มีคน ”โดนจีบ“ ที่สมุย [GoyNattyDream] 
338	6mhyYesZMWc	long	other	732110	ถ้าหนูรับ พี่จะรักป่ะ Ep. 109 อาร์ม โอฮาน่า มีกิ๊กทำไม? แฟนคนเดียวก็เหนื่อยแล้ว l [GoyNattyDream]
339	K9ngi074YcI	short	other	731977	ถามเร็วตอบเร็ว ไปต่อหรือพอแค่นี้ #goynattydreamchannel
340	awf6oMCPcKI	long	other	731923	เปิดใจคุยกับแม่ เรื่องท้อง!!! [GoyNattyDream]
341	IAMXKWKGnqM	long	other	727758	สภาพก้อยนัตตี้ดรีมดราม่าตอนเป็นเมนส์ [GoyNattyDream]
342	fYHXRmG--oQ	long	other	726145	อัพเดท สถานะหัวใจ The Driver [GoyNattyDream]
343	SGRyIWDzGaQ	short	other	719358	รับบท Glass Chef กันทั้งแก๊ง! 👩‍🍳👩‍🍳👩‍🍳#Ninjakitchenth #Ninjacrispiglasschef #Glasschefep5
344	3VaBWDT_f2w	long	other	717520	ก้อยนัตตี้ดรีม แข่งขอเบอร์หนุ่มในสยามกับเจนิส ใครจะชนะ! l [GoyNattyDream]
345	FWTbXfE66AA	long	other	714860	Friendsfly คืนสละโสด ส่งท้ายให้นัตตี้! [GoyNattyDream]
346	-JvIHJQdC1Y	long	other	711862	My Ambulove EP. 27 : โทมัส - ก้อง l [GoyNattyDream]
347	WfwdbcJvzvY	long	other	710689	น้องก้อย 27 แล้วค่า l [GoyNattyDream]
348	CSkdReHZDO0	long	other	706489	พักร้อนแบบคนโสด มีแฟน จะแต่งงาน [GoyNattyDream]
349	xC2UxdKXwlc	long	other	704137	ยังไงไหนเล่า EP. 97 มายด์ 4EVE เผาสเปคทั้งวง หมดเปลือก! [GoyNattyDream]
350	uzgAJTUmvLA	long	other	700509	เปิดใจวี คอนเสิร์ตใหญ่ เครียด! กลัวไม่มีคนดู[GoyNattyDream]
351	lQM_YHfJ4lY	short	other	695692	This or That 🔥 Ver.เด็กเจนแซ่บ!! #goynattydreamchannel
352	kPrNoDDk_PQ	long	other	695121	ยังไงไหนเล่า EP. 57 นุ่น วรนุช นางเอกแบบพี่ เที่ยวมาตั้งแต่ 14 แล้วค่ะ [GoyNattyDream]
353	M8ixYbo3drc	long	other	694616	วันเกิดวี งานนี้มีเซอร์ไพรส์ l [GoyNattyDream]
354	YAPfnTJoQxw	long	other	694122	Friendsfly วีน้ำตาแตก เจอเทเลอร์อีกครั้งที่ญี่ปุ่น [GoyNattyDream]
355	11mG7ewPmTQ	short	other	692157	คู่นี้คือโบ๊ะบ๊ะจริงเว่ออ😂💖 #เกรซแกรนด์ #gracekanklao #แกรนด์thestar #เกรซกาญ์เกล้า #goynattydream
356	YjuIXVtsjHs	long	other	690107	ยังไงไหนเล่า EP. 21 ลีน่าจัง เปิดมาก็ด่าพวกหนูยับเลย [GoyNattyDream]
357	4J18Mi82rOY	long	other	687877	ถ้าหนูรับ พี่จะรักป่ะ Ep. 26 ให้พริตตี้ดูแลนะคะ พี่อะตอม ชนกันต์ l [GoyNattyDream]
358	Q1GIU2IrQp0	short	other	685700	อย่าว่าดรีมนะ😡!! #โดนแฮกไอจี #ดรีมอภิชยา #TANGBadVoice #ตั้งตะวันวาด #dreamapichaya
359	c7Cph_qdJGQ	long	other	684323	My Ambulove EP.13 : ต้าห์อู๋ - ออฟโรด l [GoyNattyDream]
360	BdXurzfURrY	short	other	683926	เฟยอิ้งค์สลับร่างกัน จะทำอะไร #goynattydreamchannel
361	HxCml2UV86U	long	food	682829	ทายของกิน ถูก VS แพง EP. 2 [GoyNattyDream]
362	PH16AhrEEZo	short	other	682469	จากคิวปิดสู่แขกรับเชิญ วันนี้ก้อยมาแล้วนะค้าาาพี่ไมค์ My Ambulove Ep.2 ฟินแค่ไหนไปดูกันนนน!🤣💖
363	8i21eVQmJBI	long	other	680678	ท้าตอบคำถามสุดโหด ใบเฟิร์น พิมพ์ชนก [GoyNattyDream] 
364	B0XsRYHZ9Cc	long	other	680288	My Ambulove EP.3 : เฟย - จูเน่ l [GoyNattyDream]
365	_XYcNrqret0	long	other	679880	เอิ้ก มิ้วกี้ นัทนิสา ใครเคยโดนด่าจนขึ้นเทรนด์ทวิต ดื่ม! [GoyNattyDream]
366	jNbxO-3fIuE	long	other	678786	CarราCarซัง EP. 3 : เก้า - วี l [GoyNattyDream]
367	YCb1yrT2FE0	long	other	672177	ถ้าหนูรับ พี่จะรักป่ะ EP. 72 คอนโด 20 ล้านพี่พิชญ์ กาไชย จะสู้ความรักหนูได้มั้ยน้า [GoyNattyDream]
368	Tq1Gc-xz2uQ	long	other	666050	ถ้าหนูรับ พี่จะรักป่ะ EP. 96 Paper Planes จีบไอ้หนุ่มแบ้ดดดดดดบอย l [GoyNattyDream]
369	q5mgWDIJKkM	short	other	665435	MR.GOYYOG ฮะผม🧔🏻‍♂️#ก้อยอรัชพร #ก้อยนัตตี้ดรีม #goynattydream
370	R7DJ4QdUXHM	long	food	662482	ตะลุยกินร้านเด็ดตามละแวกบ้าน [GoyNattyDream]
371	LMgGrVw9bQo	long	other	662278	ยังไงไหนเล่า EP. 42 คุณหญิงสุดารัตน์ สมัยสาวๆมีหนุ่มต่างพรรคมาจีบแม่นะจ๊ะ [GoyNattyDream]
372	70_onqcgsl8	long	other	660382	เลือกฉันก่อนเธอ - Goy Arachaporn Feat. มีนตรา อินทิรา(Another Version)
373	CA3GHBcngac	long	other	660197	สงกรานต์ 3 บ้าน! 3 ประเทศ! [GoyNattyDream] 
374	2QkQwQfK98Y	long	other	658405	ยังไงไหนเล่า EP. 64 ฟรัง นรีกุล เปิดใจดราม่า คนหายจากชีวิตไปครึ่งนึง [GoyNattyDream]
375	MD0a_It6ERI	short	other	655889	เสียใจที่ป๊าไม่ได้อยู่ดูความสำเร็จ100%#มื้อสุดท้ายก่อนตาย #ณเดชน์ #ณเดชน์คูกิมิยะ #ก้อยนัตตี้ดรีม
376	eIZrjABGOD4	short	other	653661	ข่าวดีและข่าวร้ายของบิวบอง #goynattydreamchannel
377	odaurp9D-tc	short	other	651394	มิถุนาเจอแน่!!! My Ambulove ปอร์เช่มาเบล อิอิ #goynattydreamchannel
378	2M9ZACKS1fQ	long	other	651066	ไปค่ะ พส ep.8 - เสียค่าบัตรแพงสุดใน Universal แต่ก้อยกลับโดนเพื่อนทิ้ง l [GoyNattyDream]
379	NGEOxf-iVD0	long	other	649235	ถ้าหนูรับ พี่จะรักป่ะ Ep. 59 ไอซ์ พาริส คนอื่นอาจจะไม่สู้พวกพี่ แต่ผมพร้อมครับ! l [GoyNattyDream]
380	hEKmZ5n2dRo	short	other	648967	คราวนี้จะจบที่กี่รอบ#ก้อยนัตตี้ดรีม #goynattydream
381	SOEqW-v_ses	long	other	647882	ถ้าหนูรับ พี่จะรักป่ะ Ep. 63 ก็อต อิทธิพัทธ์ อยากชื่อริชชี่โว้ยยย l [GoyNattyDream]
382	mXaRZe3Y8wk	short	other	647063	หู้ยยยยยย! #myambulove #ep6 #goynattydreamchannel #ชินชินวุฒ #ลิลลี่ภัณฑิลา
383	0qrun7XsG2g	short	other	646613	ซอรี่ มาช้าแต่มาค่ะ #goynattydreamchannel
384	ZBZi9FKJSLc	short	other	645835	ถามเร็วตอบเร็ว ไปต่อหรือพอแค่นี้! #goynattydreamchannel
385	TiUNNM3amsQ	long	other	645160	ลำดับวัดใจ x คู่รัก? [GoyNattyDream]
386	anTc5E0-1jU	short	other	645010	ไม่อยากเจ็บป่วยก่อนตาย#มื้อสุดท้ายก่อนตาย #goynattydream #ก้อยนัตตี้ดรีม #โบกี้ไลอ้อน#bowkylion
387	iW7BvKKlzHE	long	other	644545	วิ่งตาม(จีบลูก) ผู้ว่าชัชชาติ! [GoyNattyDream]
388	BBL6DTfCpzo	long	other	644459	ไปค่ะ พส EP. 12 - ช้อปเพลินจนตกเรือ! อดชมวิวหอไอเฟล ทิ้งตั๋วหลายแสนบาท!!! l [GoyNattyDream]
389	9X--c8qOxUU	short	other	644055	PLAY WITH ME (เล่นกันไหม) - GOYNATTYDREAM FT. URBOYTJ [Official Teaser]
390	cXHHBeb2gdU	long	other	643529	ศึกประชันโรงเรียนที่มีดาราเยอะที่สุดในประเทศไทย !! l [GoyNattyDream]
391	qMwOKLvR4AI	long	other	639006	ถ้าหนูรับ พี่จะรักป่ะ EP. 86 รวมพลังจีบพี่หม่ำ ที่สุดของคนรักเมีย l [GoyNattyDream]
392	dIHlbyF2eEw	long	other	638473	My Ambulove EP.5 : เบสท์ คำสิงห์ - บาธ ธัญชนนท์ l [GoyNattyDream]
393	Pphp47yIKGI	long	other	637836	ถ้าพี่รับ หนูจะทำตามค่ะ x มาริโอ้ [GoyNattyDream]
394	nMLGHhRSrTM	long	other	634300	ยังไงไหนเล่า EP. 102 โบว์ กัญญารัตน์ กำลังสร้างตัวเตรียมแต่งงาน ! [GoyNattyDream]
395	P8YKgFDktCU	long	other	633963	Friendsfly ลองขี่อูฐ กลางทะเลทราย [GoyNattyDream]
396	10_UiBpeRvo	long	other	632508	ยังไงไหนเล่า EP. 82 เบลล่า พร้อมมีรักครั้งใหม่แล้วค่า [GoyNattyDream]
397	RwHTrFLuDRA	long	other	632430	Friendsfly บุกไปหาลิงลพบุรี [GoyNattyDream]
398	P_IBbibdBdo	long	food	629250	แปลงโฉมแน็กชาลี กินโอมากาเสะตามสัญญา [GoyNattyDream]
399	japoYjsV1Vc	short	other	627189	you make me overdrive 🛻
400	12NC2fRfI0M	long	other	623942	เกมจับชู้ x เจแปน อุล เติ้ล นาย [GoyNattyDream]
401	hEJNWx0pecE	long	other	621960	ยังไงไหนเล่า EP. 72 พา เบสท์ คำสิงห์ เที่ยวกลางคืนครั้งแรก [GoyNattyDream]
402	wZncg-sReTQ	short	other	621147	แก๊งนี้ ใครเมะ ใครเคะ👨🏽‍🦰👱🏼‍♀️#goynattydreamchannel
403	Hatv_MYKAcY	long	other	620704	ถ้าหนูรับ พี่จะรักป่ะ LAST EP อำลารายการ พี่แมนรับนัตตี้ไปแต่งงาน l [GoyNattyDream]
404	ROsFJTAPbgU	long	other	620612	ถ้าหนูรับ พี่จะรักป่ะ Ep. 108 เจมส์จิ ผมเจอคนนี้ก็หยุดเลยครับ l [GoyNattyDream]
405	n0SVyNxPWCo	long	other	620086	ยังไงไหนเล่า EP. 24 จียอน พี่จีบก่อนเอง พี่ชอบความชัดเจน [GoyNattyDream]
406	md9pWGYs_b0	long	other	619692	โว้ยยย นอนไม่หลับ EP. 3 เรื่องปวดหัวของคุณผู้ชาย ให้เจสสิก้าช่วยสิคะ l [GoyNattyDream]
407	xMCLZNCk-nU	short	other	617336	GEN Y ชอบลงสตอรี่พิมพ์ยาวๆ #goynattydreamchannel
408	enQuI5jHzYY	long	other	616950	พิสูจน์ผีเฮี้ยนกับ Epic time จนเจอดี!! [GoyNattyDream]
409	4D6tXc_xRlU	long	other	616299	ครบ 3 ปี เจอทีมงานแกล้งจนร้องไห้หนัก [GoyNattyDream]
410	_dSzMaWqjdY	long	other	615990	เซอไพรส์วันเกิดนัตตี้ หมอดูบอกเลยงานนี้มีคนท้อง l [GoyNattyDream]
411	vjlY1swLea8	long	other	615375	พี่ซานิ! พวกหนูขอแข่งกันจีบพี่!! l [GoyNattyDream]
412	EUq3fzDKf2Q	short	other	615310	เป็นเพื่อนกับแฟนเก่า ไหนใครเป็นได้ยกมือขึ้น🤚🏻🤚🏻🤚🏻 #friendsfly #ก้อยนัตตี้ดรีม
413	-gL2wxJXuUI	long	other	614011	เผ็ดแค่ไหนถามใจดู เปิดศึก ก้อยนัตตี้ดรีม vs พีชอีทแหลก !!! l [GoyNattyDream]
414	Ddl2Shf_61A	long	other	613983	My Ambulove EP. 24 : ซี-นุนิว l [GoyNattyDream]
415	FgvNZ5HSc54	long	other	613312	คุยความรักต่างวัย รักแบบ Toxic มันเป็นยังไง? [GoyNattyDream]
416	YOUBf0cC8mw	long	other	612626	Q&A 2021 เดือดจนมีคนเสียน้ำตา l [GoyNattyDream]
417	-x6TF2qSrWA	long	other	610960	เปิดบริษัทก้อยตี้ดรีมครั้งแรก! l [GoyNattyDream]
418	3Q1hYX2G2MA	short	other	609796	เอ๊ะ ทายถูกเยอะแปลกๆ#goynattydream #ก้อยนัตตี้ดรีม
419	i3edDXjiv7U	long	other	609332	ยังไงไหนเล่า EP. 89 มินนี่ (G)I-DLE พร้อมตอบเรื่องความรัก! [GoyNattyDream]
420	Qg9bjhh1cmE	long	other	607728	ถ้าหนูรับ พี่จะรักป่ะ EP. 71 จอส เวอาห์ ขี้อ้อนขนาดนี้ อยากได้พี่หรืออยากได้แฟนจ๊ะ l [GoyNattyDream]
421	z-6rX6PScmc	short	other	606189	ใครไม่เขินฉันเขินมากกกก😳#sarahsalola #ซาร่าห์ #ดรีมอภิชยา #ดรีม#ถ้าหนูรับพี่จะรักป่ะ #goynattydream
422	Em2pK89qTXU	long	other	605413	ไปค่ะ พส ep.9 - คู่จิ้นใหม่ในแอลเอ #นิกกี้แมน เกิดขึ้นแล้วว l [GoyNattyDream]
423	hF3DGCGISiw	long	other	602847	My Ambulove EP.2 : ไมค์ - ก้อย l [GoyNattyDream]
424	rTRjXeganAA	long	other	602674	ไปค่ะ พส EP. 14 - เที่ยวปัตตานี น่ากลัวอย่างที่คิด จริงมั้ย!? l [GoyNattyDream]
425	VfEJECY1k0s	long	other	600967	ยังไงไหนเล่า EP. 36 แมท ภีรนีย์ ชีวิตพี่เปลี่ยนไปเยอะจริงๆ [GoyNattyDream]
426	DF7sVQA8Vtw	short	other	598726	เก้า!!!! #เก้าจิรายุ #วีวิโอเลต #goynattydreamchannel #Retrospect
427	j7ZiP5o__IU	long	other	594135	ยังไงไหนเล่า EP. 92 ฟลุ๊ค กะล่อน พาบุกหมู่บ้านดารา! [GoyNattyDream]
428	j-TDI6YxZKw	short	other	593051	อยากมีเบบี๋มั้ยยย อยากมีกี่คนจ๊ะพี่แมน?💕#นัตตี้นันทนัท #นัตตี้แมน #goynattydreamchannel
429	6sD6Wh-I5sc	long	other	591153	ถ้าหนูรับ พี่จะรักป่ะ EP. 84 ป๊อก MINDSET ก่อนเจอมาร์กี้แฟนพี่เคยแอบคบกับเพื่อนสนิทl [GoyNattyDream]
430	xxWasLDjwt0	long	other	590266	CarราCarซัง EP. 12 : กระทิง - มีน l [GoyNattyDream]
431	Sh2VvQsUQ90	long	other	589155	My Ambulove EP.1 : ณ-โยชิ l [GoyNattyDream]
432	yngvZ74-8O8	long	other	586940	ไปค่ะ พส ep.4 - ตั้งแคมป์ทิพย์กัน แต่ก้อยเกือบเสียไนล่าไป!! l [GoyNattyDream]
433	3A1AM01cCwg	short	other	584401	เธอไม่ต้องพูดประโยคเมื่อกี้ก็ได้555 ขำมากน่ารักเว่อ😂#เก้าวี #วีวิโอเลต #goynattydream #เก้าจิรายุ
434	AQcKQduUHs0	long	other	582714	หนูอยากออกเรือน จานที่1 - หมูกระเทียมคล้องใจแม่นิกกี้ก้อย l [GoyNattyDream]
435	LX8DL87lntI	long	travel	582547	ทริปคนโสด!! ก้อยบอสตะลุย L.A. [GoyNattyDream]
436	ARB416T_N50	long	other	581035	บุกกองถ่าย 6 ฉาก [GoyNattyDream]
437	SuJ2FrbbavE	short	other	581016	“เธอไม่เคย” ประโยคชวนทะเลาะ #GoyNattyDreamChannel
438	aWgwcZt32zc	long	other	580614	NCT 127 THAI DANCE WITH GoyNattyDream
439	iyLKMWh0dhY	short	other	579371	มาเบล PiXXiE มี 2 ร่าง! #goynattydreamchannel
440	Jiv4J7opkd4	short	other	579272	แก๊งพ่อบ้านคาดหวังอะไรในตัวแฟน #goynattydreamchannel
441	vOskjkkoaWU	long	other	577969	ถ้าหนูรับ พี่จะรักป่ะ Ep. 117 ณัฏฐ์ กิจจริต ถ้าโสด เราจะมองโลกอีกแบบ l [GoyNattyDream]
442	neKjii9ooJU	short	other	573822	มินนี่น่ารัก จนดรีมซึ้ง!!! #ยังไงไหนเล่า #minniegidle #goynattydreamchannel
443	bdtmCvXslFU	long	other	573709	My Ambulove EP.14 : เต๋อ ฉันทวิชช์ - ใหม่ ดาวิกา l [GoyNattyDream]
444	Uhe0t7WFD0U	long	other	571675	ลำคลองงู x ปล่อยกูไป ศึกนี้ไม่มีคำว่าเพื่อน [GoyNattyDream]
445	kef1nJ9b7BA	long	other	571408	WayV Spicy Challenge with GoynattyDream
446	hgbQaE9x3A0	short	other	570965	ขึ้นต้นลงท้าย ep.2 เอาแล้วไงคู่นี้! 🤣 #goynattydreamchannel
447	ono5u4vBz4U	long	other	569373	ยังไงไหนเล่า EP. 30 ชิปปี้ ศิรินทร์ มีแฟนไม่ดี ไม่รู้จะมีทำไมค่ะ [GoyNattyDream]
448	9PYgM6GNz9k	short	other	565550	#ท็อปก้อย คู่นี้ยังไงเนี่ย?! #goynattydreamchannel
449	KuDlSnWKqMI	long	food	562666	ก้อยนัตตี้ดรีม กินอะไรใน 1 สัปดาห์ ! [GoyNattyDream]
450	h-WZjPMzewI	short	other	562420	ความมั่นใจของดรีม #goynattydreamchannel
451	x2nxpQCYyOk	short	other	561549	หนุ่มคนไหนจีบเบสท์คำสิงห์คะเนี่ย!!😋 #เบสท์คำสิงห์ #ยังไงไหนเล่า #beskamsing #goynattydream
452	C5o9Mo1DiZI	short	other	561101	วัดกันไปเลยว่ามีนจะรู้ใจดรีมจริงมั้ย💖#ก้อยนัตตี้ดรีม #GoyNattyDreamChannel
453	5XpABs3zg1w	long	other	560798	ยังไงไหนเล่า EP. 56 แอลลี่ หนูยอมเล่าเรื่องรักๆ ที่นี่ที่แรก [GoyNattyDream]
454	rIZpI7aJFPk	long	other	559334	ไปค่ะ พส ep.6 - ฉลองฮาโลวีนในอเมริกา โคตรโหด เห็นรถโดนทุบ l [GoyNattyDream]
455	NVBi3lhrCCU	long	other	558249	วัดกึ๋น ตอบคำถามนางงาม l [GoyNattyDream]
456	ZgL-LVsgyYQ	long	other	558134	ถ้าหนูรับ พี่จะรักป่ะ Ep. 48 แม็กซี่ ณัฐพล น้องมุก พวกพี่มาก่อนน้องหลายปีแล้วจ้ะ l [GoyNattyDream]
457	NX08KOnV5DU	long	other	557575	ยังไงไหนเล่า EP. 67 ชวนเมมเบอร์ลับปลอมตัวล้วงความรัก "เฌอปราง" [GoyNattyDream]
458	6QQ2KXe5i7s	long	other	557333	ถ้าหนูรับ พี่จะรักป่ะ Ep. 119 คุยกับพี่โตโน่ครั้งนี้ จนก้อยมีเสียน้ำตา l [GoyNattyDream]
459	ZqN3mPEzgEs	short	other	554622	ความคิดถึงจากสเปน #friendsflyth
460	SBQCWEcTg3k	short	travel	553510	เตือน!! อดเที่ยวเพราะสายการบิน #goynattydreamchannel
461	-V-Avjw7_R8	long	other	552933	ถ้าหนูรับ พี่จะรักป่ะ EP. 88 เจมมี่เจมส์ ผมได้แฟนเพราะสุ่มแอดไลน์ไปจีบครับ l [GoyNattyDream]
462	KuldL6X4Js8	short	food	550742	ขอชิมด้วยค่าาา #ก้อยนัตตี้ดรีม #goynattydream #มีนพีรวิชญ์ #ดรีมอภิชญา #ก้อยอรัชพร #นัตตี้นันทนัท
463	03HQB6q-gcU	long	other	548253	ถ้าหนูรับ พี่จะรักป่ะ Ep. 68 ดีเจภูมิ หาปลาไปทะเล หาคนเปย์ไปหาพี่ได้มั้ยค้า [GoyNattyDream]
464	X5ML_0KrbRU	long	other	547131	Friendsfly สลับกันเลี้ยงลูก [GoyNattyDream]
465	kZdE4C1wGYs	long	other	546972	ยังไงไหนเล่า EP.28 หม่ามี๊ พลอย ชิดจันทร์ ถ้าหนูเกิดช้ากว่านี้ จะจีบชีโน่กับชีต้าค่ะ [GoyNattyDream]
466	wsZfDI_Ogpg	long	other	541214	ยังไงไหนเล่า EP. 27 ดีเจ..นุ้ย ร่วมเฟรม ก้อย.. นัตตี้ดรีม พวกหนูชอบพี่ค่ะ l [GoyNattyDream]
467	6fxqxihbS5c	short	other	540073	ใครกันนะ เหมาะสมกับก้อย อรัชพร #ก้อยนัตตี้ดรีม
468	QvhoodK4f34	short	other	539131	เขินหนักมากกกก คู่จิ้นวัยกามิมาอีกแล้วววว 🫣💖💖💖#ก้อยนัตตี้ดรีม #goynattydreamchannel
469	FcO6LOudaYo	long	travel	538895	ทริปตายเอาดาบหน้าที่ญี่ปุ่น [GoyNattyDream]
470	cipSNNzbQyA	long	talk	538848	คุยความรักต่างวัย เมื่อมีรักที่ไม่สมหวัง [GoyNattyDream]
471	8SwfHpVCWvA	long	other	538437	ยังไงไหนเล่า EP. 58 เบียร์ ภัสรนันท์ บอกวิธีรับมือการโดนด่าแอ๊บมาทั้งชีวิต [GoyNattyDream]
472	erlLV8PtksU	long	other	537706	ทายเครื่องสำอาง ถูก VS แพง [GoyNattyDream]
473	73gSk_oMOJg	long	other	537415	ถ้าหนูรับ พี่จะรักป่ะ Ep. 113 กอล์ฟ ไมค์ เคลียร์ใจพี่น้อง จีบผู้หญิงคนเดียวกัน l [GoyNattyDream]
474	gpg8QwEGNAw	long	other	537171	ยังไงไหนเล่า EP. 77 เปิดใจดราม่า 3 สาวบ้านทองเจือ [GoyNattyDream]
475	dcLig_xu2OM	short	other	536850	ระดับ #Friendsflyไม่เมาค่ะ😎 #มาดากัสการ์ #เฟรนส์ฟราย #goynattydream #ก้อยนัตตี้ดรีม
476	rqXJ75tBm14	short	other	536440	4EVE แต่ละคน เหมาะกับผู้ชายแบบไหน #goynattydreamchannel #4eve
477	xu7YdGhmiBw	long	other	535758	ยังไงไหนเล่า EP. 60 พีพี กฤษฏ์ ยิ่งโต ยิ่งกลัว การมีความรัก [GoyNattyDream]
478	Z3C3G0laTIQ	long	other	534167	ยังไงไหนเล่า EP. 70 ฝนxนินิว “บอกเคล็ดลับ” ดีลผู้ชายยังไงให้ได้ชัวร์ [GoyNattyDream]
479	f0-EdaLxKFg	long	other	531951	บอกหมด! รู้ทุกเคล็ดลับรวยพันล้านจาก CEO อูน [GoyNattyDream]
480	gswcpvsh_eM	short	other	529874	ไหนมีใครทายถูกบ้าง #goynattydreamchannel
481	_3oR5C_NJuo	long	other	528815	พาลูกๆของ “วิน เมธวิน” ไปเที่ยว [GoyNattyDream]
482	jrUCaEED_nc	short	other	528704	เมื่อไบร์ท วชิรวิชญ์ ชวนดูบอล #goynattydreamchannel
483	CC3FIbIUm6c	long	other	528265	คุยความรักต่างวัยส่งท้ายปี รักต่างวัย รอดยากจริงมั้ย? [GoyNattyDream]
484	mu_0mSvAWeU	long	other	528039	มุมมองของก้อยนัตตี้ดรีมต่อวันสุดท้ายของตัวเอง l [GoyNattyDream]
485	z__k6goeEGw	long	other	527485	บุกกองถ่าย “แม่หยัว” [GoyNattyDream]
486	eig7zjq6UW8	long	other	525904	เปิดบ้านก้อยอีกหลัง! ที่ชุมพวงโคราช [GoyNattyDream]
487	URPQO29dzJQ	long	talk	523839	เมาตอบคำถาม ที่สุดของปี 2023 [GoyNattyDream]
488	oAcD5iki69I	short	other	522418	ลิ้นกับฟัน พบกันทีไรก็เรื่องใหญ่! เผยความสัมพันธ์คู่กัดนัตตี้-พี่อนันดา! #ก้อยนัตตี้ดรีม #อนันดา
489	PpxbfyKjHNs	long	other	521791	ก้อยนัตตี้ดรีม Wakeboard แข่งกัน ใครแพ้โดน...ถีบ!!! l [GoyNattyDream]
490	AjbFFwe3TCo	long	other	520524	ยังไงไหนเล่า EP. 76 กุ๊บกิ๊บ บอกวิธีทำยังไงให้ได้ผู้ [GoyNattyDream]
491	3pCHKxo8K6E	long	other	520252	ยังไงไหนเล่า EP. 95 บิว วราภรณ์ ขอให้ชาติหน้าได้รักกันอีก [GoyNattyDream]
492	6GhflSldngc	short	other	517016	กลัวทะเลาะกับญาญ่าเพราะลูก! #goynattydreamchannel
493	sLni2Vfx48w	long	other	514650	My Ambulove EP. 22 : บิวกิ้น - พีพี l [GoyNattyDream]
494	VZTMSmyBIhw	long	other	514183	ยังไงไหนเล่า EP. 53 บุกห้องสาวโสด นิวเคลียร์ งานนี้มีแต่เรื่องแซ่บ!! [GoyNattyDream]
495	yg2Zof6LvMg	long	other	512266	My Ambulove EP. 35 : ลีน่า - หมิว l [GoyNattyDream]
496	HMUCUh27wi8	long	other	511735	เบื้องหลังคอนเสิร์ต! [GoyNattyDream]
497	1JStLvgJatE	long	other	510884	ยังไงไหนเล่า EP. 108 แก้ว จริญญา จุดที่ใช่จนอยากพอกับทุกอย่าง [GoyNattyDream]
498	d2QBVLmRgMo	long	other	510465	ถ้าโลกนี้ไม่มีแอร์ [GoyNattyDream]
499	NS8roVpZg_o	long	other	508708	ถ้าหนูรับ พี่จะรักป่ะ Ep. 103 เจษ ผู้หญิงและประจำเดือนที่ผู้ชายไม่เคยเข้าใจ l [GoyNattyDream]
500	K0AlbHftqXI	long	other	508686	ยังไงไหนเล่า EP. 115 มิกซ์ เฉลิมศรี พร้อมมีรักใหม่แบบ “กระทิง” ได้มั้ย? [GoyNattyDream]
501	-q7dvPlzlr8	short	other	505441	จีบแบบมีชั้นมีเชิง หูยหูยหูย🫨 #ณัฏฐ์กิจจริต #goynattydream #ถ้าหนูรับพี่จะรักป่ะ
502	15s90Wo3a8Q	long	other	503608	แยกเที่ยว!!! คนเดียว 24 ชั่วโมง! [GoyNattyDream]
503	A5Echyr6heM	short	other	503047	บ้าจริง ทำไมเรายิ้มอยู่
504	AV7UYrfqrp8	long	other	502145	ถ้าหนูรับ พี่จะรักป่ะ EP. 79 เผือกโบอาร์ต ยึดถ้าหนูรับ! l [GoyNattyDream]
505	Lu8gn1hhT5M	long	other	501778	โว้ยยย นอนไม่หลับ EP. 1 เม้าท์แซ่บกับคนดู จนหัวร้อนครั้งแรก!
506	zdoammbREvk	long	travel	497250	ทริป 2 คู่ เที่ยวยุโรป [GoyNattyDream]
507	ESC0IPpX_uY	long	other	495307	ถ้าหนูรับ พี่จะรักป่ะ EP. 80 เติร์ด Tilly Birds เล็งพี่ก้อยมาตั้งแต่สมัยเรียนแล้ว l [GoyNattyDream]
508	H2FdESXMaqE	short	food	494954	บอสสอก : งั้นขอกินทุกแก้วเลยละกัน#uppoompat #poompps #UpPoom #goynattydream #ก้อยนัตตี้ดรีม
509	n4_2XWs8A1I	long	other	492658	ยังไงไหนเล่า EP. 87 อินทนนท์ แพ้ใจให้ผู้ชาย GMM [GoyNattyDream]
510	aMTTNHl0lGg	short	other	491559	พี่แมน มาตอบก๊อนนน5555555 #นัตตี้นันทนัท #แมนนัตตี้ #gndonelastride
511	Rgn-4IbQFI0	long	other	491062	ยังไงไหนเล่า EP. 25 มินนี่ ภัณฑิรา หนูมี close friend แล้วนะคะป๊า [GoyNattyDream]
512	fO4A9Creg54	long	travel	489993	แยกเที่ยว 3 บ้าน เซี่ยงไฮ้ บอสตัน ซิซีลี [GoyNattyDream] 
513	6NHI-FcSSY0	long	other	488689	My Ambulove EP.19 : จั๊มพ์ - อ๊ะอาย l [GoyNattyDream]
514	ePsWNTX8g4w	short	other	488541	นี่ไม่ขี้หึงน้า 🤣 #goynattydream #goynattydream #ถ้าหนูรับพี่จะรักป่ะ #ธามไท
515	52LwVl7FEUU	long	other	488007	แชร์ที่เดทลับ วันวาเลนไทน์ [GoyNattyDream]
516	ZgUbqg5uD2o	short	other	487301	สตอรี่นี้ Gen ไหนลง #goynattydreamchannel
517	GZvwP3eEV0g	long	other	486411	ถ้าหนูรับ พี่จะรักป่ะ EP. 90 LazyLoxy เคยเจ้าชู้ แต่เจอเบียร์แล้วเลิกเลยครับ l [GoyNattyDream]
518	YcQRCfNbcJ4	short	other	484861	เกมแรกที่ดรีมตายคนแรก!#ก้อยนัตตี้ดรีม #goynattydreamchannel#goynattydream
519	HuGy-ceY4M0	long	other	482801	ยังไงไหนเล่า EP. 84 ก้อย อรัชพร แขกคนสุดท้ายส่งท้ายปี [GoyNattyDream]
520	aYctxM2uzv8	long	other	482327	ถ้าหนูรับ พี่จะรักป่ะ Ep. 60 เผือก พงศธร โสดแป๊ปเดียว บ้านพี่เกือบแตก l [GoyNattyDream]
521	ewpislhViZ4	short	other	482075	ก่อนพ่อจะหยุดก็เคยสุดมาก่อนนนน🔥 #พิธา #ทิม #พิธาลิ้มเจริญรัตน์ #ถ้าหนูรับพี่จะรักป่ะ #goynattydream
522	z6sMqapGznE	long	other	481160	แกล้ง!! ทำเงินหล่น ใครคืน.. อยากได้อะไรเอาไปเลย l [GoyNattyDream]
523	qDQmXgCmn8U	long	other	480787	ยังไงไหนเล่า EP. 78 ณิชา ไม่เคยมองใครหล่อ นอกจากโตโน่ [GoyNattyDream]
524	CJRVw7hNyJQ	long	other	478664	ถ้าหนูรับ พี่จะรักป่ะ EP. 87 ขอพี่หน่อย จีบพี่เคน ธีรเดช 1 วัน l [GoyNattyDream]
525	V1J7aGyUZ3c	long	other	478625	ถ้าหนูรับ พี่จะรักป่ะ EP. 95 แกล้งอนันดา! พาภรรยามาเจอก่อนแต่ง l [GoyNattyDream]
526	8geh-WLXZUE	long	other	478543	My Ambulove EP. 36 : เข้ม - มุกดา l [GoyNattyDream]
527	JSdw0zksXbU	long	other	476929	ยังไงไหนเล่า EP. 79 เลดี้ปราง ถ้าโอบ โอบนิธิจีบ จะมีลุ้นไหมค้า? [GoyNattyDream]
528	eUuNb1kB9VQ	long	other	476738	My Ambulove EP.7 : เอิ้ก ชาลิสา - อองรี PROXIE l [GoyNattyDream]
529	XJWdNb-nkwE	long	other	475023	CarราCarซัง EP. 2 : บิว - โบว์ l [GoyNattyDream]
530	O-lPLSaVHFU	long	other	474924	ถ้าหนูรับ พี่จะรักป่ะ Ep. 97 บี้ Kpn เปลี่ยนคนไม่ชอบให้กลายเป็นคนรัก l [GoyNattyDream]
531	T3WJ2xNP_Lo	long	other	472877	My Ambulove EP.4 : ไอซ์ พาริส - พิมมา PiXXiE l [GoyNattyDream]
532	HEyxCtQop9E	short	other	471507	แฟนถามแบบนี้ ตอบไงดี! #goynattydreamchannel
533	RFK2bXH92J4	long	other	471285	ทำโทษดรีม! สั่งสอนคนโดดประชุมไปดูหนัง [GoyNattyDream]
534	bEixBlX4f4g	short	other	471232	POV : เมื่อเจอผู้ชายที่ชอบ แต่… 🥲 #ลืมเวลา #GoyArachaporn
535	a3sD1TLPNmw	short	other	469176	ใหม่ VS นัตตี้ ขนขิงมาทั้งสวน!! #goynattydreamchannel
536	nN9m2grwabQ	long	other	468456	ยังไงไหนเล่า EP. 91 เผยสเปคหนุ่มของสาวๆ ! KISS OF LIFE [GoyNattyDream]
537	34660ne5BL8	long	other	467056	Friendsfly วันเกิดดรีม ล่ม! [GoyNattyDream]
538	N4mIT_bsRFc	long	other	466604	ถ้าหนูรับ พี่จะรักป่ะ Ep. 66 หมอสุนิล เปิดคลินิกหมอฟันพันล้าน l [GoyNattyDream]
539	r3d414mFb78	long	other	465720	ถ้าหนูรับ พี่จะรักป่ะ EP. 83 จับอปป้าทัชชี่สลับร่างดรีม 1 วัน l [GoyNattyDream]
540	LGumYmeOKoo	long	other	465689	ท้าตอบคำถามสุดโหด เฟย อัพ แม็กซี่!! [GoyNattyDream]
541	qodto-IB6ag	long	other	465662	คุยกับกั้ง สาเหตุเลิกแฟนคบ 6 ปี [GoyNattyDream]
542	BEmoStBS9iA	long	other	464434	ยังไงไหนเล่า EP. 75 นุนิว ถ้ามีคนรักผมจะอวดให้รู้! [GoyNattyDream]
543	87oV4jmbd30	long	other	463787	ยังไงไหนเล่า EP. 55 PiXXiE บอกเทคนิคจีบ ชอบใครให้กดไลก์ตอน ตี 3! [GoyNattyDream]
544	YHOiLHKSLf0	long	other	463773	ยังไงไหนเล่า EP. 45 มิ้นต์ ชาลิดา ตอบทุกคำถาม 10 ปีที่คบกันได้เวลาแต่งงานหรือยังน้าา [GoyNattyDream]
545	ur1emLA7hMM	short	other	463414	นางเอก GMM ในดวงใจของนนน #goynattydreamchannel
546	TvxN6VL8Kww	short	other	462518	OUTING ช่อง ใครมากี่โมงง?👀👁️ #goynattydreamchannel #GNDOuting2025
547	EXDvhs2X8Qk	long	food	462024	ตะลุยกินร้านเด็ดตลาดศาลเจ้า ที่สุราษฎร์!!! [GoyNattyDream]
548	iZmilHAVIXA	short	other	461997	ไปต่อหรือพอแค่นี้ - พิม #goynattydreamchannel
549	TH1UUaPRz7I	long	other	458486	แอบขโมยรถพี่นิกกี้หมดบ้าน [GoyNattyDream]
550	THophPM9XGw	long	other	458404	วันแดงเดือด 4-0 รู้เรื่อง! l [GoyNattyDream]
551	Lcw8pufJzIw	long	other	454752	Friendsfly พักร่างที่บางกระเจ้า [GoyNattyDream]
552	dQfjkXKD7GQ	long	other	454374	ไม่ทักก่อน - Dream Apichaya [OFFICIAL MV]
553	RTPucx9yX70	long	other	454057	แฟนคนนึง - GoyNattyDream l FFK cover [special thank YOU music video]
554	3qG4jcJaARU	short	other	453165	มูที่ไหนบอกหน่อยค่า🥲 #บี้กุ๊บกิ๊บ #บี้kpn #กุ๊บกิ๊บ #ยังไงไหนเล่า #ก้อยนัตตี้ดรีม
555	vetmrgauWjU	long	other	453097	ยังไงไหนเล่า EP. 32 พี่มดดำ คชาภา เจ็บมาเยอะ ชีวิตนี้ขอไม่มีความรัก [GoyNattyDream]
556	n-_4DVU-8k4	long	other	452395	ตะลุยเบื้องหลัง ถ่าย MV ด้วยกันครั้งแรกของก้อยนัตตี้ดรีม l [GoyNattyDream]
557	E85hMHvsh5c	long	other	450766	ยังไงไหนเล่า EP. 29 เบล เขมิศรา ท่านนายกคะผู้หญิงจะโสดกันหมดละค่า [GoyNattyDream]
558	ZrCPT3Nznvk	short	other	446784	แซ่บมากจ้าพส.🤭🔥🔥 #น้ำหอมนาราดา #แซ่บ #Friendsfly #เฟรนฟราย #เพื่อน #goynattydream
559	T41QT4vH_fE	long	other	444445	วันเกิดดรีม 23 เอ้ย 32 [GoyNattyDream]
560	FaF3lao09Lo	long	other	440427	ยังไงไหนเล่า EP. 71 เกรซ แกรนด์ วิธีรับมือเมื่อน้องเจ็บปวด [GoyNattyDream]
561	p-J0tPD90wY	long	other	440389	1 ปี กับจุดเปลี่ยนครั้งใหญ่ในชีวิต [GoyNattyDream]
562	OZ5OESfU4E4	long	other	439872	บุกหาดใหญ่! มีคนเจ็บตัว (แต่หัวใจแข็งแรง) [GoyNattyDream]
563	Pxx29DJaopU	short	other	438831	ใบ้ชื่อย่อคนในวงการ ที่แก้ว FFK เคยชอบสมัย Kamikaze 🥹💖 คิดว่าเป็นใครกันน้าาาา #goynattydream #ffk
564	pZ60lCOihfM	short	other	437642	เปิดตัวคู่จิ้นคู่ใหม่ของวงการ! เจอกันได้ที่ My Ambulove รัศมีแข-ชาร์เลต ลุยย #goynattydreamchannel
565	XMn8nNeAKO0	long	other	432282	เกมจับชู้ X ฝน นินิว เป้ย ม้าม่วง รอเรน l [GoyNattyDream]
566	K0lNb5l5XGI	long	other	430268	ปิดพูลวิลล่า เอ้าท์ติ้งบริษัท! [GoyNattyDream]
567	dN5LueFL9JM	long	other	429478	สลับตำแหน่งในบริษัท 1 วัน ใครห่วยสุดโดน!! [GoyNattyDream]
568	3nz-NCJhwnU	long	other	429061	ไปค่ะ พส EP. 10 - ประชันการแสดงที่ลำปาง ใครจะสมศักดิ์ศรีเด็กนิเทศที่สุด l [GoyNattyDream]
569	zCmxuXIIowY	long	other	427815	รับสมัครพนักงานคนแรกของบริษัท ก้อยนัตตี้ดรีม l [GoyNattyDream]
570	cDAHJFKLFdw	short	other	426809	เจมส์จิ - โฟม พบรักกลางกองถ่าย #goynattydreamchannel
571	eJ0ETRWIP5M	long	other	426798	ยังไงไหนเล่า EP. 59 มิ้วกี้ ไปรยา เม้าแซ่บประสบการณ์เที่ยวเด็กบาร์โฮสต์สุดช็อค [GoyNattyDream]
572	tUn0YiJenhw	short	other	425385	วิธีละลายพฤติกรรมแบบเซียนหรั่ง #goynattydreamchannel
573	Tw3sOuLA7BU	long	other	424060	ถ้าหนูรับ พี่จะรักป่ะ Ep. 112 โอบ โอบนิธิ พูดที่แรกหลังจากโสด l [GoyNattyDream]
574	fbB6jLDlZi0	long	other	423743	ถ้าหนูรับ พี่จะรักป่ะ EP. 75 "ดีเจพุฒ" ไม่ค่อยเก่ง..แต่รัก(จุ๋ย)หมดใจ l [GoyNattyDream]
575	PEzwcTCcAew	long	other	423513	Friendsfly ทริปอินเดียเกินงบ หมดเป็นล้าน! [GoyNattyDream]
576	PBvcUTLiyn8	short	other	420392	ศิลปินชาย T-POP ในดวงใจ มายด์ 4EVE 😍 #goynattydreamchannel
577	r8ZL9hs6pBU	short	other	420006	ทายสิ้ ใครในแก๊งค์ที่ตอนแก่จะต้องหย่าครั้งที่ 2 #friendsflyth #ก้อยนัตตี้ดรีม #goynattydream
578	DtfNSH8wx2U	long	other	415217	My Ambulove EP.17 : โอบ - ปราง l [GoyNattyDream]
579	z9eOmfovoi4	long	food	413143	กินอะไรใน 1 สัปดาห์! ภาค 2 [GoyNattyDream]
580	NZMvOTLSJ9c	long	other	412120	CarราCarซัง EP. 14 : เต - ต้าห์อู๋ l [GoyNattyDream]
581	DmqloYfPwcI	long	other	412065	จับผู้บริหารมาเป็นเด็กปั๊ม! เหงื่อแตกสิคะงานนี้ l [GoyNattyDream]
582	A-bEosIv3z4	long	other	411959	My Ambulove EP. 28 : เออร์วิน ATLAS - ฝ้าย 4EVE l [GoyNattyDream]
583	f5o7zrvPbSo	long	other	410984	แกล้งหลอกผี เซอร์ไพรส์วันเกิดดรีม [GoyNattyDream]
584	vkAv0aSkqP0	long	other	409798	ยังไงไหนเล่า(ซิ) EP. 80 ขอนัดเคลียร์ใจ ยิปซี ปาย เนะ เคยไม่ชอบกันมาก่อน [GoyNattyDream]
585	J2xZbBJbSCw	long	other	409477	ก้อยนัตตี้ดรีมจะเลิกทำ “ถ้าหนูรับพี่จะรักป่ะ” แล้วค่ะ [GoyNattyDream]
586	X-U8dYMl8Ac	long	other	409430	ถ้าหนูรับ พี่จะรักป่ะ Ep. 105 คู่จิ้นคู่ใหม่ #ดรีมซาร่าห์ l [GoyNattyDream]
587	yyGKE66FhnU	short	other	407840	ดรีมโดนรุม! เมื่อขอให้มีนไม่งอแง #goynattydreamchannel
588	u8LBa28wc7A	long	other	407666	ถ้าหนูรับ พี่จะรักป่ะ EP. 94 ชัปปุยส์เลือก Top5 นักบอลที่เก่งที่สุดในโลก l [GoyNattyDream]
589	ly0OOGvlwXc	short	other	406712	เกมปิดตาตีห้ว #goynattydreamchannel
590	pPE_SGzUd8M	long	other	405765	ถ้าหนูรับ พี่จะรักป่ะ Ep. 116 ริว วชิรวิชญ์ คบกับใคร รักจริงหวังแต่งทุกคนครับ! l [GoyNattyDream]
591	418rvnB3gFQ	short	other	404570	ต้นฉบับขอเข้าร่วม#GNDDrunkInLove #goynattydream
592	NbdFXcAgtbM	long	other	404473	พาตะลุยกินร้านเด็ดกับ BUS [GoyNattyDream]
593	Gb2Fov7KfWY	long	other	403422	ไปค่ะ พส EP. 13 - เดินพรมที่มันเซๆปะ นั่นมันเป็นลม!! l [GoyNattyDream]
594	1t3VkR7LvF0	long	other	401695	ยังไงไหนเล่า EP. 46 ลองให้ Powerpuff Gay จีบกันเอง [GoyNattyDream]
595	c9acyfk5B_U	long	other	401684	My Ambulove EP.11 : รัศมีแข - ชาร์เลท l [GoyNattyDream]
596	mMARNvIaldA	short	other	398476	ไปต่อ หรือ พอแค่นี้! #goynattydreamchannel
597	vWtuT6GaGPM	short	other	398314	ประเทศที่คู่รักอยากไปฮันนีมูน #goynattydreamchannel
598	bz-kDOLEvs0	long	other	397019	My Ambulove EP.8 : ไบร์ทนอ - เพลงขวัญ l [GoyNattyDream]
599	Fd6XjzaUO_I	short	other	395919	มาร์ชกลัวโบว์เมลดา?! #goynattydreamchannel
600	aP_VCrOE54U	long	other	395269	ตามติดชีวิต เด็กนิเทศ จุฬาฯ 1 วัน [GoyNattyDream]
601	n3tTzJ8yiLE	short	other	394600	วงดนตรีไทยในดวงใจ 💗 #goynattydreamchannel
602	MDQ2XD-KKeI	long	other	394335	ออกงานอีเวนต์ เตรียมตัวยังไง! [GoyNattyDream]
603	LwN8RthweeI	long	other	392552	Friendsfly เทสระบบผับเก้งที่ญี่ปุ่น [GoyNattyDream] 
604	CDE6fKwGeWw	long	other	391754	ส่งท้ายปี ก้อยนัตตี้ดรีมขอเป็นคนดีสักวัน l [GoyNattyDream]
605	uusT2UZF3tI	long	other	390235	Cooking Som Tum with NCT TAEYONG! [GoyNattyDream]
606	ltK1G7IRG78	long	other	388417	ยังไงไหนเล่า EP. 66 มารีญา ต้อนรับก้อยเข้าแก๊งคนโสด [GoyNattyDream]
607	5vB5lQY0Q-s	long	other	386906	บุกกองถ่าย 6 ฉาก วันวาเลนไทน์ [GoyNattyDream]
608	S_6_zE3Oo9w	long	other	383910	ถ้าหนูรับ พี่จะรักป่ะ Ep. 107 TangBadVoice ครั้งแรกที่แขกโดนจีบจนจะเป็นลม l [GoyNattyDream]
609	qfGFWKg20Ig	short	other	383402	เป็นแฟนแก๊งหิ้วหวีต้องเจอกับอะไร! #goynattydreamchannel
610	5Uz4ZBN3CYI	short	other	382847	โรแมนติกเว่อออ อยากมีคู่ให้เต้นบ้าง😭💖 #herManhisNatty #goynattydreamchannel
611	oZte8hA76j0	long	other	382581	ลองใส่! เสื้อสีมงคล 1 เดือน [GoyNattyDream]
612	xDhlvcjj7MY	short	other	382538	ทำยังไงถ้าแฟนไม่โอเคที่แต่งตัวโป๊ #goynattydreamchannel
613	nMNTl5kGvmM	short	other	379387	เมื่อครูพี่ไบเบิ้ลมาสอนภาษาอังกฤษน้องก้อยยยย🥹💖💖💖 เขินมากกก#ก้อยนัตตี้ดรีม #ไบเบิ้ล #คินน์พอร์ช
614	37i6uEL8b7k	long	other	378010	ยังไงไหนเล่า EP. 33 ฟ้า ษริกา หนุ่มคนใหม่ของฟ้า คอนเฟิร์มว่าน่ารัก [GoyNattyDream]
615	lA1h6Fm-AmM	long	other	377478	มื้อสุดท้ายก่อนตายของ แพต ชญานิษฐ์ l Last Supper EP.4 l [GoyNattyDream]
616	t1SZenqUghc	short	other	373234	เก่งมากดรีม👏🏻😂 #นิกกี้ณฉัตร #ถ้าหนูรับพี่จะรักป่ะ #EP100
617	V5u7tfk0hZE	short	other	373039	ถามเร็วตอบเร็ว ภาษาผู้หญิงเป็นแบบนี้จริงหรือไม่? #goynattydreamchannel
618	c1IYGfIvZFs	short	other	372453	มาช้าไปนิดนึง แต่พาเจ้าของเพลงมาด้วยนะ😝💖🇹🇭 #goynattydream #ก้อยนัตตี้ดรีม #bangkokcitychallenge
619	AXwM_ZIQTtU	short	other	372146	ลูก ครอบครัว งาน❤️ #พิธา #ลูกสาว#พิธาลิ้มเจริญรัตน์ #ถ้าหนูรักพี่จะรับป่ะ # #ก้อยนัตตี้ดรีม
620	hMwLZUGz9kM	long	other	371874	My Ambulove EP. 44 : มีน - ดรีม l [GoyNattyDream]
621	v5DS2QolEhk	long	other	370383	คำต้องพูด x PiXXiE อัพเดทหัวใจ ใครอินเลิฟ!? [GoyNattyDream]
622	fA5aYWhVRVs	long	other	369554	ถ้าโลกนี้ไม่มีรถส่วนตัว Part 2 [GoyNattyDream]
623	U-xC9vRkc74	long	other	369203	My Ambulove EP. 38 : จูเนียร์ - มาร์ค l [GoyNattyDream]
624	zDtWKoOJI6s	long	other	369150	ก้อย นัตตี้ ดรีม แปลงร่างเป็นนางเอกเกาหลี l [GoyNattyDream]
625	0-L6-gTmkmE	short	other	368006	หลอกเพื่อนว่าเป็นมิจจี้#goynattydreamchannel
626	Y4ShevddyQ8	short	other	364269	ยกที่1เริ่ม!!!! #นิกกี้ณฉัตร #goynattydreamchannel #ก้อยอรัชพร #หกฉากวาเลนไทน์
627	q_3faZaBYSQ	long	food	363272	ตกปลากินเองครั้งแรก มีช็อก!! [GoyNattyDream]
628	NplGGBoRedw	long	other	362788	ยังไงไหนเล่า EP. 69 คารีสา เล่าไปร้องไห้ไป เปิดปมฝังใจจากชาวเน็ต [GoyNattyDream]
629	Iebubbk1SAU	long	travel	360982	ทริปคนโสด! ภาค 2 ก้อยบอสตะลุยญี่ปุ่น [GoyNattyDream]
630	BcuLtFU0m90	long	other	360490	ยังไงไหนเล่า EP. 105 คิมเบอร์ลี่ ข้อดีที่มีหมาก ปริญ เป็นสามี! [GoyNattyDream]
631	Chx3rfh_81E	short	other	360137	เฟยขา เลิกบุหรี่ให้หน่อยได้ไหมคะ #goynattydreamchannel
632	sVjTbOPapc4	long	other	359512	CarราCarซัง EP. 8 : อาเล็ก - มาร์ช l [GoyNattyDream]
633	kHz2NQhxQag	long	other	359423	My Ambulove EP. 30 : นนน - มายด์ 4EVE l [GoyNattyDream]
634	vtfmOBuhsiQ	long	other	359052	เตะบอลตอบคำถามกับบิวกิ้น ชอบตัวเองตอนอยู่กับใครที่สุด? [GoyNattyDream]
635	O1zPAl3bBpA	short	other	357295	เสื้อเหมือนกันอ่ะเนาะ🤣 #ดรีมอภิชญา #หมากปริญ #goynattydreamchannel
636	bP4K0peiY6U	long	other	357182	เกมจับชู้ x เทพลีลา เหว่ง เติ๊ด ทอม นัชชา [GoyNattyDream]
637	NgKl3nHTXD0	short	other	353345	แล้วคุณคิดว่าใครด่าเจ็บที่สุด?? #friendsfly #goynattydream #ก้อยนัตตี้ดรีม
638	FgQS65Qnx9c	short	other	352530	เจแปนเดือดกลางรายการ! #goynattydreamchannel
639	ViXXeJw-cAk	long	other	351128	ยังไงไหนเล่า EP. 65 พิม พิมประภา เล่าทั้งน้ำตา ความยากของวงการบันเทิง [GoyNattyDream]
640	bkw4D4SxTIs	short	other	349268	ที่สุดนักแสดงชายฮอร์โมน#punpun_sutatta #ปันปันสุทัตตา #ก้อยนัตตี้ดรีม #goynattydream
641	DttsL8XS7kU	long	other	349212	Friendsfly วาเลนไทน์ [GoyNattyDream]
642	l6vyCDq3phw	long	other	347584	ถ้าหนูรับ พี่จะรักป่ะ Ep. 110 เจมส์มาร์ เปลี่ยนจากพี่น้องเป็นแฟนเพราะแบบนี้! l [GoyNattyDream]
643	o7UeKDQi5l4	short	other	347551	ถามไวตอบไว "YES or NO" ❤️ #goynattydreamchannel
644	0Ccp-KlPUDs	long	talk	346339	แบบทดสอบเสว คุยเรื่องเพศ Gen Y VS Gen Z [GoyNattyDream]
645	KRIp1XdigBY	short	other	344907	Ceo มีหน้าซีด! #GNDOuting2025 #goynattydreamchannel
646	pEluMvbpm0g	short	other	343691	เต้ย ฮอร์โมน & ปันปัน ชีวิตที่โดนบูลลี่ #goynattydreamchannel
647	RicU2Dn_10o	long	other	343015	เปิดใจเคลียร์ปัญหาพี่-น้อง! [GoyNattyDream]
648	0jB93USUqOw	long	other	342307	Friendsfly ลองเป็นแฟนกับเพื่อน เดทรับวาเลนไทน์ [GoyNattyDream] 
649	YW-konsoEsA	short	other	338349	เป้ยเป่า😗!! #นุนิว #ซีนุนิว #นุนิวชวรินทร์ #ซีพฤกษ์พานิช #ยังไงไหนเล่า #goynattydream
650	HcZUwuitKK4	long	other	337120	เอ้าท์ติ้ง 2 ถามเปิดใจ ชอบเทปไหนที่สุด! [GoyNattyDream]
651	pwid2KabfWc	long	other	336657	ระเบิดความโกรธที่สุดในชีวิตของก้อยนัตตี้ดรีม l [GoyNattyDream]
652	tKgfDYD2mpU	long	other	335982	หนูอยากออกเรือน - แม่นัตตี้บอกเคล็ดลับเด็ด มัดใจสามี ! l [GoyNattyDream]
653	7GeJMXz0rgs	long	food	333821	เลิกเศร้า! เปิดบ้านกั้งพร้อมแฟนใหม่ [GoyNattyDream]
654	MkrBeddR__c	long	other	333232	ลำดับวัดใจ! [GoyNattyDream]
655	cUee1C8FJ1U	long	other	331808	ถ้าแม่รับ ลูกจะรักป่ะ [GoyNattyDream]
656	iJjSIXG4POA	long	other	331358	ถ้าหนูรับ พี่จะรักป่ะ EP. 92 หน่อง ธนา เปิดใจ! เจออะไร ทำไมถึงไปบวช l [GoyNattyDream]
657	JfdNi1v_yr8	short	other	330918	เกม ห้ามพูดคำตรงกัน❌#goynattydream #ก้อยนัตตี้ดรีม
658	xy2UHD21PpU	long	other	330701	ห้างเปิดละโว้ย มาอย่างโทรม กลับอย่างนางฟ้า l [GoyNattyDream]
659	9hfZnCDg3CU	long	other	330417	ยังไงไหนเล่า EP. 83 แพรวา เปลี่ยนเพื่อนสนิท เป็นแฟนได้หรือไม่!? [GoyNattyDream]
660	6W_LkJtQwrE	long	other	328684	My Ambulove EP. 33 : ซี - เอมี่ l [GoyNattyDream]
661	1AcKb7v5g5U	short	other	328402	ถ้าถามว่าวี ไว้ใจเก้าจิรายุขนาดไหน #goynattydreamchannel
662	m1F8pnopSxs	long	other	328316	CarราCarซัง EP. 13 : ตรี - นาย l [GoyNattyDream]
663	qag1Qr0UiuU	long	other	327384	My Ambulove EP. 25 : เจมส์จิ - โฟม l [GoyNattyDream]
664	nLLKXjTIsMo	long	other	325939	ยังไงไหนเล่า EP. 93 มิ้นท์ I Roam Alone ตะลุยกินร้านเด็ดพาหุรัด [GoyNattyDream]
665	4EzQvlDFTTQ	long	other	323289	วันเกิดนัตตี้! 32 พร้อมมีลูกยัง? [GoyNattyDream] 
666	ezSF8bGyom0	long	other	321245	My Ambulove EP. 21 : หยิ่น - วอร์ l [GoyNattyDream]
667	AvEHfH30q20	short	other	320794	ฉันร้องตาม😭😭😭 #เผยความในใจ #พ่อ #คารีสา #คารีสาสปริงเก็ตต์ #goynattydream #ก้อยนัตตี้ดรีม
668	unU_b0yXG-c	long	other	320553	ยังไงไหนเล่า EP. 85 โยชิ ขอเคลียร์! ผู้หายหมดเพราะข่าวนี้ [GoyNattyDream]
669	E7LQaBIszvw	long	other	320366	ฝ่ารถติดกรุงเทพไปหาทอย แอลลี่ The Toys x Ally [GoyNattyDream]
670	7vHaVbUWoyQ	short	other	318701	ใครจะเลิกโสดก่อนกันนะ? #Friendsfly #ก้อยนัตตี้ดรีม #ก้อยอรัชพร #น้ําหอม #บอสสอก
671	WHju_TreoBM	long	other	318406	เกมจับชู้ x PROXIE [GoyNattyDream]
672	OdSlCNKziAo	short	other	318037	ทำไรกันน้าาาาา 🤭🤭
673	AL8vAugcpjw	long	other	315693	เที่ยวสงกรานต์ ฉบับคนโสด คนมีแฟน คนแต่งงาน [GoyNattyDream]
674	DgQnK6PgJ6A	long	other	311208	แกล้งร้องไห้กลางห้าง จะมีคนช่วยไหม!! [GoyNattyDream]
675	vL-vWqXGRLo	long	other	310985	My Ambulove EP. 29 : จั๋ง PERSES - มาง BAMM l [GoyNattyDream]
676	zxELsckaNgc	short	other	310748	รีแอคบิวบอง เสียงสองของก้อย #goynattydreamchannel
677	KrFdORseDD4	short	other	310262	คุณแม่น่ารักโบ๊ะบ๊ะมากก # #ก้อยนัตตี้ดรีม #goynattydream #มีนพีรวิชญ์ #ดรีมอภิชญา #มีนดรีม
678	Xvb-uLxGvZM	long	other	309394	ก้อยนัตตี้ดรีม เต้นจนตัวตาย l [GoyNattyDream]
679	MRBohiOkKkM	long	talk	309167	โว้ยยย นอนไม่หลับ EP. 4 ค้างบ้านก้อยฟังเรื่องผี น่ากลัวที่สุดตั้งแต่เคยได้ยินมา!!! l [GoyNattyDream]
680	BeEGDF3FpCo	short	other	308812	ถามเร็วตอบเร็ว ฉบับ คนมั่น #goynattydreamchannel
681	rw_7vINbtkE	short	other	308615	วีหว่อๆๆๆ รถแอมบูเลิฟแอมบูรักมาแล้ววว คู่ที่คิวปิดต้องทำหน้าที่ในวันนี่ "เฟย-จูเน่" ค้าาา
682	Ak9posTxTtM	long	other	308233	ถ้าหนูรับ พี่จะรักป่ะ Ep. 118 กลัฟ คณาวุฒิ จีบก่อนได้ ไม่ติดครับ l [GoyNattyDream]
683	2oWK2KNEsZs	long	other	307926	Choose Me - GOYNATTYDREAM [Official MV]
684	PprsixS6C5o	long	other	307668	CarราCarซัง EP. 11 : GAVIN:D - URBOYTJ l [GoyNattyDream]
685	ujzbGzG1tcI	long	travel	306463	ทริปดำน้ำดูฉลาม ไร้สัญญาณโทรศัพท์ [GoyNattyDream]
686	gq_rfcmk-uM	long	other	305348	ยังไงไหนเล่า EP. 103 พิมฐา อัพเดทชีวิตคู่ พร้อมแต่งไหม ! [GoyNattyDream]
687	fOWqmPxmjmY	long	other	304155	Friendsfly เปิดบ้านใหม่น้ำหอม ฉลองวันเกิด [GoyNattyDream] 
688	tWjt8Sj8CXw	long	other	303659	บุกเรือนหอชั่วคราวของนัตตี้-แมน ! [GoyNattyDream]
689	ck8SweTzzlU	long	other	303261	ลองเป็นผู้ว่ากทม. [GoyNattyDream]
690	DWMFXTyV7MY	long	travel	302944	มีนดรีมบอส เดท 3 คนที่เซี่ยงไฮ้ [GoyNattyDream]
691	V4FG4rumT4A	long	other	301234	มื้อสุดท้ายก่อนตายของ ปันปัน สุทัตตา l Last Supper EP.7 l [GoyNattyDream]
692	Cr1_jQi9hV0	long	other	298864	ดันพี่แมนแฟนนัตตี้ ให้เป็นดารา [GoyNattyDream]
693	uZmCfkKW2us	short	other	298697	มันมีคนเนียนเกิ๊นน!#ก้อยนัตตี้ดรีม #goynattydream #goynattydreamchannel
694	DQQL_KEyoTw	long	other	297771	มื้อสุดท้ายก่อนตายของ เก้า จิรายุ l Last Supper EP.1 l [GoyNattyDream]
695	Qz1WMV3fLMo	short	other	296372	ต้องมีอะไรผิดพลาดตรงไหน ไม่เข้าใจเลยสักครั้ง หรือเป็นเพราะราศี ดวง เดือนเกิด #ก้อยนัตตี้ดรีม #ฟรัง
696	3B2pjCoeYD8	long	other	295564	My Ambulove EP.16 : พีพี - กร PROXIE l [GoyNattyDream]
697	fqMph4ibi_U	short	other	294734	เหตุผลที่โอบ ไม่บอกชอบเลดี้ปราง! #goynattydreamchannel
698	wn7BTL28HO8	short	other	294412	วิธีสร้างความสุขง่ายๆ ฉบับคุณออน #goynattydreamchannel
699	PZOK0JAAdHw	long	other	292118	เกมจับชู้ x เจมส์มาร์ มีน ณิชา ติ๊ต๊ะ จูเนียร์ [GoyNattyDream]
700	-9ihTcDJvCc	short	other	291780	ดาราที่เป็นตัวท็อปจุฬา #goynattydreamchannel
701	TeOIyRC04EA	short	other	289944	ข้อดีของการมี “หมาก ปริญ” เป็นสามี #goynattydreamchannel
702	Q87ozwgi9OM	short	other	288536	เลิกรัก3ปี เป็นยังไง?! #อาร์มโอฮาน่า #อาร์มohana #ohana #ถ้าหนูรับพี่จะรักป่ะ
703	EuP6VA0r49U	long	other	286653	ดวลปืนวัดใจ กับแก๊งมือปืน [GoyNattyDream]
704	nh95_6YWzHA	short	other	285049	#จางหาย [Live Session] Goy Arachaporn Feat. Paper Planes // ทาง YouTube : GoyNattyDream Channel
705	cTu206iFbdo	long	other	284605	ยังไงไหนเล่า EP. 61 ขนมจีน หวาย กามิห้ามมีความรัก แต่ห้ามได้หรอ? [GoyNattyDream]
706	YxT1lOVGOog	long	other	284430	CarราCarซัง EP. 9 : จั๋งธีร์ - เอเอ BUS l [GoyNattyDream]
707	KmNukp49bPI	long	other	283008	โว้ยยย นอนไม่หลับ EP. 2 นอนไม่หลับ ...ปรึกษาพี่วี l [GoyNattyDream]
708	iPvVZxXbAAA	short	other	282296	ถามเร็วตอบเร็ว ถ้าต้องติดเกาะกับนักแสดงชาย GMMTV จะเลือกใคร? #goynattydreamchannel
709	_kh-i6G1F5s	long	other	281024	ซ้อมเลี้ยงลูกกับ 3 กุมาร GuyHaru Family [GoyNattyDream] 
710	axd7zaLCSPk	long	travel	280898	แยกเที่ยวต่างจังหวัดคนเดียว! EP. 2 | เชียงใหม่ ขอนแก่น สุพรรณบุรี [GoyNattyDream]
711	1zfzOC-_Sr8	short	other	279309	ในเต็นท์ตอนกลางวันก็ทนได้#แจ็คกี้ชาเคอลีน #น้ําตาลพิจักรขณา #CarราCarซัง #ก้อยนัตตี้ดรีม
712	af-DTMhlXjA	long	other	278843	ยังไงไหนเล่า EP. 96 เอแคลร์ แก๊งนี้! ใครจะมีแฟนต้องผ่านเพื่อน [GoyNattyDream]
713	3Mmaxl-dse0	long	food	278554	จับอึ่งกิน! ที่นครสวรรค์ [GoyNattyDream]
714	z7PDMneVlKI	short	other	278548	ปีหน้าพร้อมมีลูก! #goynattydreamchannel #friendsflyth
715	o8B_7mMNv7M	long	other	277334	CarราCarซัง EP. 4 : ฝน - นินิว l [GoyNattyDream]
716	ktAd9igyhdI	long	food	276924	กินอะไรใน 1 สัปดาห์! ภาค 3 [GoyNattyDream] 
717	d0HZLtivulk	short	other	274232	จากฮีโร่ สู่มิจฉาชีพ #goynattydreamchannel
718	7g36AeFK8y8	long	other	271664	ยังไงไหนเล่า EP. 81 เอ ศุภชัย เผยเคล็ดลับ ปั้นดารายังไงให้ดังทุกคน [GoyNattyDream]
719	tiEaJkpVlsY	short	talk	270879	ก็ความรักไม่ใช่ความลับ! จำนวนคนคุยตอนเรียน! ชื่อย่อคนคุยในวงการ!? ได้รับการยินยอมจากทุกฝ่ายแล้วนะค้า
720	tMQu7U9_Gtw	long	other	269503	My Ambulove EP. 45 : เก่ง - น้ำปิง l [GoyNattyDream]
721	1rVbpp46UKI	long	other	266883	My Ambulove EP.6 : ชิน ชินวุฒ - ลิลลี่ ภัณฑิลา l [GoyNattyDream]
722	W7174tOA3Fk	long	food	264773	ทายของใช้ ถูก VS แพง [GoyNattyDream] 
723	5IW1K84_oKE	long	travel	264435	ฮันนีมูนทริป นัตตี้พี่แมน ที่สวิส! [GoyNattyDream]
724	h9ivaquj-D0	long	other	264002	Q&A อยากเป็นดาราทำยังไงดีค้า? [GoyNattyDream]
725	N6bbwGLUPac	long	other	263183	My Ambulove EP. 32 : เกรท - เต้ย l [GoyNattyDream]
726	22o4AwCZjwE	short	other	260348	ชีวิตไม่ต้องการอะไรไปมากกว่านี้ #goynattydreamchannel
727	pvIFeUAbQcA	long	other	259634	ยังไงไหนเล่า EP. 99 เพิร์ธ พาทัวร์ บุกวังหลังแบบเด็กมธ.! [GoyNattyDream]
728	UIyc1WrWqqI	short	other	256730	เลี้ยงลูกแบบเพื่อนสาว #goynattydreamchannel
729	gsGhSvFrNIg	long	other	252273	ถ้าหนูรับ พี่จะรักป่ะ Ep. 115 ไบเบิ้ล ถ้าผมมีแฟน จะขี้อ้อนเหมือนแมว l [GoyNattyDream]
730	F7vz-lSddis	short	other	249083	พ่อเหว่งจะไม่ทน😂#เกมจับชู้ #ก้อยนัตตี้ดรีม #เทพลีลา #goynattydreamchannel
731	lH_Tq4O6taY	short	other	249075	แข่งกางเต็นท์ ใครแพ้หอมแก้ม #goynattydreamchannel
732	TF19-JJPsQo	long	other	247965	แอบแซ่บที่สยามกับ TASTE [GoyNattyDream]
733	tSSh2AbLlek	short	other	246819	คำด่าไหน เป็นของ “เก้า จิรายุ” #GoyNattyDreamChannel
734	KWNTaupdKWY	long	other	246690	ยังไงไหนเล่า EP. 86 เอินเอิน พี่เจ้าขุนคือคู่ปรับของหนู! [GoyNattyDream]
735	46nytcGckKQ	short	food	245756	บทเรียนในวันที่สายเกินไปของ “แพต ชญานิษฐ์“ #goynattydreamchannel
736	Plu0HpUaRv4	long	other	245340	ฝึกนัตตี้ขับรถให้แข็ง! [GoyNattyDream]
737	C8PJIGOXmAQ	short	other	244815	บ้านก้อยไปออฟฟิศ เกือบ 3 ชั่วโมง!!! #goynattydreamchannel
738	MZHceAhpNZQ	long	other	241338	ใครเก่งที่สุดใน 4 นาที กับ เจษ - ไบเบิ้ล [GoyNattyDream]
739	XUHKNfF8LTE	short	other	240629	ถามเร็วตอบเร็ว ถ้าต้องติดเกาะกับนักแสดงชาย GMMTV จะเลือกใคร? #goynattydreamchannel
740	uqI4tKqRL3Y	long	other	239664	ท้าตอบคำถามสุดเสียว! เต๋อ ต้นหน แพรว [GoyNattyDream]
741	BFpu1j6e3iw	long	other	239015	CarราCarซัง EP. 1 : เจแปน - หมูเติ้ล l [GoyNattyDream]
742	HAhRtqVlE5A	long	other	235615	ยังไงไหนเล่า EP. 88 ต้นหอม สเปกพี่ 2 คนนี้เท่านั้น! [GoyNattyDream]
743	OR-C1enJIXU	long	other	234902	เจมส์จิ-ภีมวสุ พาบุกโรงงานน้ำดื่มหมื่นล้าน!!! [GoyNattyDream]
744	WgZw6uXSPIo	short	other	233597	เขาเล่นกันแบบนี้หราา😜#friendsflyth #goynattydreamchannel
745	62XNWRTk7uI	long	other	233323	ยังไงไหนเล่า EP. 109 คริส หอวัง รีวิวความต่างระหว่างโสด vs มีแฟน [GoyNattyDream]
746	ljK217mrWVs	short	other	230576	มายด์ 4EVE ชอบเพลงไหนของตัวเองที่สุด!! 💘 #goynattydreamchannel
747	sY30HCC8wUY	long	other	228020	บุกกองถ่าย แอบดูใหม่-เต๋อ เป็นเบื้องหลัง! [GoyNattyDream]
748	LuESaVZgO2k	short	other	225964	โกหกยังไงให้มีพิรุธกว่าเดิม 😂 #ก้อยนัตตี้ดรีม #goynattydreamchannel #friendsflyth #violettewautier
749	kwSlm1T9Dd8	short	other	225558	เครื่องสำอางกันตายของ ก้อย #goynattydreamchannel
750	0F-MvnkIJ9o	long	other	225452	มื้อสุดท้ายก่อนตายของ มีน พีรวิชญ์ l Last Supper EP.3 l [GoyNattyDream]
751	wWzLZ-iABeU	long	talk	225010	Q&A 3 ปีที่ผ่านมา อะไรเปลี่ยนไป [GoyNattyDream]
752	OYb4dz-zEj0	long	other	223993	Deep talk ชีวิตวัย 30 ของก้อยนัตตี้ดรีม [GoyNattyDream]
753	PfzG5TINg9M	long	other	221424	ทายเครื่องดื่ม ถูก VS แพง [GoyNattyDream] 
754	NnFW6MPsmMI	short	talk	220379	จะยอมแลกความสัมพันธ์เพื่อนกับงานไหม#คุยความรักต่างวัย #ก้อยนัตตี้ดรีม #goynattydream
755	89XYwEUMJbE	short	other	219445	รีวิวน้ำอำมฤต #goynattydreamchannel
756	T8qJQ_fo9p8	long	food	218072	บุกหาดใหญ่ 2 ตะลุยกินร้านเด็ด! [GoyNattyDream] 
757	jUF7rXScuxw	long	travel	218059	แยกเที่ยวสงกรานต์ 3 บ้าน! [GoyNattyDream]
758	4EZmETMQZDQ	long	other	217866	CarราCarซัง EP. 6 : กร - โชกุน PROXIE l [GoyNattyDream]
759	fnH9rUGy1rU	short	other	217035	แต่งเพลงรักครั้งแรกของก้อย #โคจรด้วยรัก ขอบคุณพี่ฮายด้วยนะค้าาา 🙏🏻💖 #goynattydreamchannel
760	sfprtfTbDWQ	short	other	216804	เพลงที่เป็นที่สุดของ วี วิโอเลต #goynattydreamchannel
761	xJMRrbSdOp8	short	other	216754	เปิดมาก็เอาเลยนะเฟย😂 #goynattydreamchannel #เฟยภัทร #จูเน่ #myambulove
762	fMYYODp8tMA	short	other	216594	ทายคำ ทายใจ
763	ONpIeTNfgl0	short	other	216358	เพื่อนกับเราใจตรงกันมากแค่ไหนน!?!?#goynattydreamchannel #ก้อยนัตตี้ดรีม #เกมทายใจ
764	eZl5zk-dKPQ	long	other	216044	My Ambulove EP.18 : เจ้าขุน - คริส ALALA l [GoyNattyDream]
765	d8SMwADSqXE	long	other	214957	ถ้าหนูรับ พี่จะรักป่ะ Ep. 121 แกล้งให้หนัก ท็อปแท็ป ถ้าหนูรับ 3 อีพีสุดท้าย l [GoyNattyDream]
766	K9CK4q6HqgU	long	other	213801	Friendsfly ต้อนรับหลาน เก้าวี มีลูกแล้ว! [GoyNattyDream] 
767	f-HQyhhBe7w	short	other	213104	เคยคิดว่าเงินซื้อความสุขได้#มื้อสุดท้ายก่อนตาย #goynattydream #ก้อยนัตตี้ดรีม #โบกี้ไลอ้อน
768	O1AjT0MZlTo	long	other	211940	ยังไงไหนเล่า EP. 106 เจี๊ยบ ลลนา เมื่อก่อนเคยเจ้าชู้ !! [GoyNattyDream]
769	jL3Gd6xjCVU	short	other	211333	GoyNattyDream the 1st Fan Meeting : ถ้าหนูจัด พี่จะมาป่ะ ?" | Promo
770	10BkoHfO2Ak	short	other	211050	MVP มุขจีบของดรีม ปิดท้ายด้วยคนนี้ จะขาดไปไม่ได้เด็ดขาด #goynattydream #ก้อยนัตตี้ดรีม
771	D95i19buyE0	short	other	210189	ไม่เคยรักใครเท่าลิลลี่เลย😳#goynattydreamchannel #myambulove #ep6 #ลิลลี่ภัณฑิลา #ชินชินวุฒ
772	QUnR9ODZ6Ak	short	other	210047	ระดับตัวแม่🕷️🫦🕷️#GNDDrunkInLove #goynattydream
773	e-KDbSjbtqE	short	other	209943	ก็ฉี่กลางทุ่งไปเลยค่า🤣🤣🤣 #Friendsfly #goynattydream #มาดากัสการ์ #ก้อยนัตตี้ดรีม
774	vzvDK_k2FlM	long	other	209053	แจกสูตรสำเร็จ หมื่นล้าน เมย์ Afteryou [GoyNattyDream]
775	zfiNbOT6DJ0	short	other	208646	สีที่ใส่แล้วรอดแบบงงๆ #goynattydreamchannel
776	7bYGDmGiQqo	long	other	207917	ตามหาคนรู้ใจจากนักแสดง เพื่อน(ไม่)สนิท [GoyNattyDream]
777	gB4sHFxNBPI	long	other	207108	เปิดแบรนด์ใหม่ ก้อยนัตตี้ดรีม (BITCH WITH BRAIN)
778	pL12ENNxEck	short	other	206997	ถามเร็วตอบเร็ว "ภาษาผู้หญิงพูดแบบนี้แปลว่าอะไร?" #goynattydreamchannel
779	Az8OGNPdD_g	long	other	205830	บุกกองถ่ายซอมบี้ ZOMVIVOR [GoyNattyDream]
780	Bny50YtETEU	short	other	205090	เธอเก่งมากวีวิโอเลต🥰💖💖#วีวิโอเลตวอเทียร์ #คอนเสิร์ต #วี #วีวิโอเลต #ก้อยนัตตี้ดรีม #goynattydream
781	jXEXXALUwNs	long	other	205011	ปิดท้ายฮันนีมูนทริป หมดเป็นล้าน!! [GoyNattyDream]
782	0qMj07Wq3r4	short	other	204476	เกมระเบิดดด ตู้มมมม!!💣🧨#goynattydreamchannel
783	W_KOgGlbcbI	long	other	203333	ยังไงไหนเล่า EP. 101 บอสสอก เลือกคนนึงใน Friendsfly ขอเลือกก้อย ! [GoyNattyDream]
784	xzWXUUy7ezY	short	other	203058	เอ้ะ หนูคนไหนยังไม่มีแฟนค้าาาา? #goynattydreamchannel
785	MFAeb-cvzhk	long	other	203040	มื้อสุดท้ายก่อนตายของ ต่อ ธนภพ l Last Supper EP.6 l [GoyNattyDream]
786	BSUiQjgwqtE	short	other	202962	3คนในวันเดียว!!! จริงไหมคะก้อย😂 #ยังไงไหนเล่า #ก้อยอรัชพร #goynattydream
787	IOdW1w2HBkw	long	other	202275	เบื้องหลังคอนเสิร์ต นนท์ ธนนท์ [GoyNattyDream]
788	wqjKIUSTSiM	short	other	201573	ศีลต้องเสมอกันนะคะ ไม่งั้นไม่เริ่ด#Friendsflyth #วาเลนไทน์ #goynattydream #ก้อยนัตตี้ดรีม
789	oK1IxI30i9A	short	other	200452	อิ้งค์บอกว่าเฟยเป็นไปได้ #goynattydreamchannel
790	i3bW_sdK3vE	short	other	199946	เรื่องที่ผู้ชายมักจะงอนแฟน #goynattydreamchannel
791	vAR8ryWXzyY	short	other	199859	My Ambulove เติร์ดแฮนน่ามาเสิร์ฟตามคำเรียกร้องแล้วค่าาา เจอกันที่ช่องยูทูป มาฟินไปด้วยกันค่ะ!!!💖
792	Bn9nxbITx84	short	other	199554	สามพยางค์ง่ายไป งั้นขอ challenge สี่พยางค์บ้างดีกว่าา#ก้อยนัตตี้ดรีม #goynattydream
793	2b7hMNW5WAE	long	talk	199256	คุยแพชชั่นต่างวัย คิดยังไงเก่งแต่ไม่มีโอกาส [GoyNattyDream]
794	eu4DDZxwQmI	short	other	198939	สามหนุ่มบ้านนี้จะชอบสาวแบบไหนนะ?? #ก้อยนัตตี้ดรีม #goynattydream #เจ้านายจินเจษฏ์ #JAONAAY
795	rZr63KibiT4	short	other	198848	เรื่องที่มาร์ชแค้นอาเล็ก #goynattydreamchannel
796	LNBsrWxP-8s	long	other	198708	เปิดตัวคนขับรถก้อยนัตตี้ดรีม [GoyNattyDream]
797	JR83oBesyx0	short	other	198554	สิ่งที่ทำให้ก้อยอยากมีลูก #goynattydreamchannel
798	5oscAMNFD1U	long	other	197325	My Ambulove EP. 40 : โม - แพรขวัญ l [GoyNattyDream]
799	y5VuZZq4N00	short	other	197035	จุดเริ่มต้นความรัก💘 #บี้กุ๊บกิ๊บ #ยังไงไหนเล่า #บี้kpn #กุ๊บกิ๊บสุมณทิพย์ #goynattydreamchannel
800	cb0mwDhT95U	long	other	196762	ไทยท้าเกาหลี แข่งหมากเก็บกับ ITZY [GoyNattyDream]
801	voNHhVhQf8g	short	other	196356	จีบสองสาว สไตล์ผู้บ่าวไทบ้าน #goynattydreamchannel
802	II08fSy565I	long	talk	196080	“ก้อย” ตัวแทนจากไทย สัมภาษณ์ดาราฮอลลิวูด! [GoyNattyDream]
803	0hl46knSeS4	long	other	195103	ลำดับวัดใจ x อิงฟ้า อาโป เจษ ฟรีน [GoyNattyDream]
804	XIeQ3YBTX_s	long	other	194883	ส่งท้ายปีเก่า ต้อนรับ...ใหม่? 2026 [GoyNattyDream] 
805	O_HBh7aj6MU	long	other	194445	ยังไงไหนเล่า EP. 98 วุ้นเส้น ยอมแพ้ในความรัก จนเจอคนนี้ [GoyNattyDream]
806	P1UvW-9WX78	short	other	194375	ทอยส์แอลลี่ครั้งแรกเคมีน่ารักเว่อออ💖💖😍 #แอลลี่ #เดอะทอยส์ #แอลลี่ #เดอะทอยส์ #goynattydream
807	et_xhlvscmU	short	other	192187	สมัยเรียนใช้เงินกันกี่บาท? #goynattydreamchannel
808	2TWk0WOr_7Y	short	other	189436	ฮั่นแน่🤭 #ท็อปแท็ป #ถ้าหนูรับพี่จะรักป่ะ #ก้อยอรัชพร #goynattydream
809	6xNmZ6QbFfc	short	other	187674	น้องหมีที่อยู่กับโบกี้มา11ปี #มื้อสุดท้ายก่อนตาย #goynattydream #ก้อยนัตตี้ดรีม #โบกี้ไลอ้อน
810	9MXG7hX36FY	short	other	187046	ชัดเจนทายถูกหมด!!!#เทศน์ไมรอน #perthkvsr #คาราคาซัง#goynattydream #ก้อยนัตตี้ดรีม
811	YP_UqGWbrY4	short	other	186843	เปิดสเปคของตั้ง😂💖🫰🏻#ตั้งตะวันวาด #เปิดสเปค #TANGBadVoice #ตั้งหลิน #หลินตั้ง #ตั้งแบดว๊อย
812	UbHUwTyptRs	short	other	185467	จัดอันดับเรื่องที่จะทำให้เลิกเป็นเพื่อนกัน #goynattydreamchannel
813	gWhhl7bplaY	long	other	185440	พาเบียร์ไปฮีลใจ หลังผ่านมรสุมหนัก [GoyNattyDream]
814	_c9Os1rUeLA	long	talk	184902	คุยความรักต่างวัย อะไรทำให้รักล่มจม? [GoyNattyDream]
815	FWevF-Uc3S4	long	other	184699	My Ambulove EP. 23 : GELBOYS l [GoyNattyDream]
816	jIOPTayStIY	short	other	184251	1 คำให้นักแสดงชาย GMM#LastSupper #phuwintang #ภูวินทร์ตั้งศักดิ์ยืน #ก้อยนัตตี้ดรีม #goynattydream
817	f3EgdQ2lCZU	short	other	183986	เฮ้ย! วันนี้ไปตี้กัน😂 #ยังไงไหนเล่า #ณิชาณัฏฐณิชา #goynattydream
818	3FYs7bsMy20	short	other	183676	เรื่องเดียวที่ซีไม่ชอบนุนิวว #ก้อยนัตตี้ดรีม #ซีนุนิว #myambulove
819	UC_64JZXivY	short	other	182812	ซ้าย-ขวาเลือกข้างไหนดีนะ 🤔#ก้อยนัตตี้ดรีม #goynattydream
820	GI4XtMGY9d4	short	food	182775	พี่แมนนนน! #goynattydreamchannel #ก้อยนัตตี้ดรีม #ตะลุยกิน #บรรทัดทอง
821	DO6rgFdnMug	long	other	181856	ยังไงไหนเล่า EP. 94 มายด์ ณภศศิ รักครั้งนี้ทำให้พี่สงกรานต์เด็กลง [GoyNattyDream]
822	qo6uwgLJEyE	long	other	180680	มื้อสุดท้ายก่อนตายของ ณัฏฐ์ กิจจริต l Last Supper EP.11 l [GoyNattyDream]
823	FRMJ5QBBjqs	short	other	179708	กรี้ดดดดด สถานที่สุดหวือหวาของอัพ🥹จะตอบไม่ตอบ!?(ได้รับการยินยอมจากทุกฝ่ายแล้วนะค้า)#ก้อยนัตตี้ดรีม
824	MRxNylmPr4c	short	other	179634	มันเป็นยังง๊ายยย!!!! #เรื่องแซ่บ #กลอ์ฟไมค์ #ไมค์พิรัชต์ #ถ้าหนูรับพี่จะรักป่ะ #goynattydream
825	_4Aqs1aqQho	long	other	177791	ยังไงไหนเล่า EP. 111 เชียร์ ฑิฆัมพร เคยคบผู้หญิงมาตั้งแต่แรก! [GoyNattyDream]
826	Jmip4dxcNEk	long	other	177590	ปีนเขาพิสูจน์รักแท้! นัตตี้-แมน [GoyNattyDream]
827	bCIEnbSPNk4	long	other	177227	CarราCarซัง EP. 18 : สกาย - นานิ l [GoyNattyDream]
828	qZLhutVlaAg	short	other	176956	ถามเร็วตอบเร็ว3ข้อ #ก้อยนัตตี้ดรีม #goynattydream #friendsfly #friendsflyth
829	yLqlq0oV_Ro	long	talk	176476	ช่างแต่งน้า EP.6 ช่างพี่นัทกับผู้ช่วยน้องจิ๋ม#นัทนิสามณี #ก้อยนัตตี้ดรีม #goynattydream #ช่างแต่งน้า
830	fMGgBaC1K_A	short	other	174729	ผู้ชายไม่ชอบผู้หญิงตลก จริงไหม!! #goynattydreamchannel
831	iHCtPXyED-s	long	other	174593	มื้อสุดท้ายก่อนตายของ กิต Three man down l Last Supper EP.9 l [GoyNattyDream]
832	w-nET1Fllbc	long	other	174387	ทำละครเวทีเอง ครั้งแรกในชีวิต! [GoyNattyDream]
833	oQy9dN50EBI	long	other	174150	CarราCarซัง EP. 10 : ว่าน - ป๊อบ l [GoyNattyDream]
834	w8hZUOQh-Hw	short	other	172434	ก้อยขอเบิกตัว แขกรับเชิญพิเศษ🎉#ก้อยอรัชพร #ก้อยนัตตี้ดรีม #goynattydream
835	GIvJfdV2nPM	long	food	171961	เป็นพนักงาน MK 1 วัน จะรอดมั้ย [GoyNattyDream]
836	HBqqVQSC5Q0	short	other	171816	กรี๊ดด มิวตุลย์มาเยือน My Ambulove แล้วค้า ไปดู! บอกเลยว่าฮาและน่ารักมาก!!🤪💖 #goynattydreamchannel
837	TWueysUdf_Y	long	other	168508	เดตแรกไปที่ไหนดีน้าา#goynattydream #ก้อยนัตตี้ดรีม #วาเลนไทน์ #เดตแรก
838	hXrZ_jjZ_2Y	short	other	168422	ซีรู้เพราะเคยจูบแล้ว #ซีนุนิว #ก้อยนัตตี้ดรีม #myambulove
839	GRu6b2SatNA	long	other	168142	มื้อสุดท้ายก่อนตายของ นนน กรภัทร์ l Last Supper EP.12 l [GoyNattyDream]
840	tNfMqo5NZ4s	short	other	168107	ดรีมตัวตึง!! ใครไม่เมาดรีมขอเมาก่อนนะ🤣 #friendsflyth #ดรีมอภิชญา
841	jSSCGbuw_dk	short	other	168064	เคลียร์ดราม่า!! โฟมชอบช็อตฟีลเจมส์จิ #goynattydreamchannel
842	D_60dASHgt4	long	other	167852	My Ambulove EP. 26 : เอม - เฌอปราง l [GoyNattyDream]
843	h5-AirKuffc	short	other	167734	แฟนใครเป็นแบบนี้ ห้ามแตะตัวตอนนอน #goynattydreamchannel
844	Ikgs0tQF9bI	short	other	167177	พระเอกในดวงใจของแจ็คกี้จะเป็นใคร?!?#แจ็คกี้ชาเคอลีน #CarราCarซัง #goynattydream #ก้อยนัตตี้ดรีม
845	N1cN5j3t-ow	long	other	167121	โจอี้ ฮาย เซน เคยโดนหลอกให้รักไหม? [GoyNattyDream]
846	d48CxquIEm4	long	other	167058	ลำดับวัดใจ x Tattoo Colour [GoyNattyDream]
847	KajHNx7vkJQ	long	other	167007	ทายเครื่องดื่ม แอลกอฮอล์ ถูก vs แพง [GoyNattyDream] 
848	ZBOGeqNh3uw	short	other	166389	ทำ Challenge เต้นกับน้อง ๆ KISS OF LIFE แต่ก้อยนัตตี้ดรีมขอทำหน้าที่เปิดแบบเก๋ ๆ พอค้าาา🤣
849	c4rqTTdjcTs	short	other	163888	สรุป จีบเธอได้มั้ยน้าาาา
850	oEIo0vawYNk	short	other	163136	เหตุผลยอดนิยมที่ทำให้คู่รักทะเลาะกัน #goynattydreamchannel
851	rL0_x_ICSG0	long	other	162999	CarราCarซัง EP. 7 : ไบร์ท - กลัฟ l [GoyNattyDream]
852	f6JZ6dZNnmU	long	other	162528	เปิดออฟฟิศใหม่ แต่กลับโดนผีหลอก [GoyNattyDream]
853	ki9iqpRCarA	long	other	162116	ลำดับวัดใจ x ธี่หยด 3 [GoyNattyDream]
854	JcKLBnOIIBA	short	other	161677	ทักDMใครน้า…. #นิกกี้ณฉัตร #goynattydream #ถ้าหนูรับพี่จะรักป่ะ
855	VM_bX-AiUDs	long	other	161521	ก้อยนัตตี้ดรีม มูอะไรบ้าง! [GoyNattyDream]
856	c9y92YCbqXk	long	other	161327	ถ้าคนบอกเราไม่สวย! ทำยังไง? [GoyNattyDream]
857	KCz3nbqDPDY	short	other	161167	เพื่อนเจ็บแต่ไม่ลืมที่จะขาย🤣🤣#goynattydream #ก้อยนัตตี้ดรีม
858	a_W2KkBYQIo	short	other	159885	อยากเป็นน้องดรีมตลอดไป#uppoompat #poompps #UpPoom #goynattydream #ก้อยนัตตี้ดรีม
859	J6n7nAEod_0	long	other	159424	ลำดับวัดใจ x สมุย โมนิก้า MEYOU [GoyNattyDream]
860	kDjR_B5dsho	long	other	159385	ไปเชียร์แฟนแข่ง Hyrox [GoyNattyDream] 
861	2CfVQ720SKQ	long	other	158992	มื้อสุดท้ายก่อนตายของ โจอี้ ภูวศิษฐ์ l Last Supper EP.14 l [GoyNattyDream]
862	xtqEvrZZQyI	short	other	158946	ต้องให้เขาจริงๆ😂😳 #goynattydreamchannel #myambulove #ep5 #เบสท์คำสิงห์ #บาธธัญชนนท์
863	hSBStEsiziM	long	other	157378	มื้อสุดท้ายก่อนตายของ อิ้งค์ วรันธร l Last Supper EP.5 l [GoyNattyDream]
864	6tgy5Un2flM	long	other	156433	ลำดับวัดใจ x แม่โย แม่อี๊ด แม่ดาว [GoyNattyDream]
865	eOoSm99I1vY	long	other	156147	My Ambulove EP. 20 : ออฟ จุมพล - นนท์ อินทนนท์ l [GoyNattyDream]
866	B18XOQCcgKw	long	other	156005	บททดสอบโหด! ประเมินพนักงานบริษัท [GoyNattyDream] 
867	zh8eNZhMfAQ	long	other	155686	ท้าตอบคำถามสุดโหด ปันปัน สุทัตตา [GoyNattyDream]
868	P0b0dRWUeQk	short	other	155353	วิธีเลี้ยงลูกฉบับใหม่-เต๋อ #goynattydreamchannel
869	PiEAsl1mX6I	long	travel	155151	พาเตนล์เที่ยวสยาม แบบเด็ก GEN Z [GoyNattyDream] 
870	soKrHFyeZ6A	long	food	154609	ตะลุยกินร้านเด็ดบรรทัดทอง ภาค 2 [GoyNattyDream]
871	afFQqgbm6AE	short	other	154201	เผยสเปคของคนที่จะมาเป็น Honey ของไบเบิ้ล!#ก้อยนัตตี้ดรีม #ไบเบิ้ล #ไบเบิ้ลวิชญ์ภาส #goynattydream
872	oZN1B-B0MZk	short	other	153850	เพื่อนกันก็จริง แต่แข่งกันสุดใจ #goynattydreamchannel
873	FJI7ocxFxgY	long	other	153367	My Ambulove EP. 37 : เมื่อต่างพรรคต้องมารักกัน l [GoyNattyDream]
874	PkJPHoanyVw	short	other	153278	อันไหนที่เพื่อนๆแอยนอยด์บ้าง??#goynattydream #ก้อยนัตตี้ดรีม
875	h779jYnFgUA	short	other	153179	He is 10 but …#ก้อยนัตตี้ดรีม #goynattydream #friendsfly #friendsflyth
876	DbptTbnHduE	short	other	152937	มีนเจ้าระเบียบ#myambulove #มีนดรีม #มีนพีรวิชญ์ #dreamapichaya #ก้อยนัตตี้ดรีม
877	Ci6_AkxIdQs	long	other	152718	ยังไงไหนเล่า EP. 100 เชอรีน ในวันที่กลับมารักตัวเองได้อีกครั้ง [GoyNattyDream]
878	AZroCa_dShI	long	other	152135	My Ambulove EP. 39 : แทน - ญดา l [GoyNattyDream]
879	1zVONRyGxdc	short	other	151859	มึง "กูชอบเขา" #goynattydreamchannel #4eve
880	9MkS0rhqB6g	short	other	151135	ความผิดพลาดวัยเด็กของ “ปันปัน” #goynattydreamchannel
881	rFYuiWswYIY	short	other	150260	Play With Me — Goy #GNDDrunkInLove #goynattydream #ก้อยอรัชพร #goyarachaparon #ก้อยนัตตี้ดรีม
882	ePnejQ3SaMs	long	other	149817	มื้อสุดท้ายก่อนตายของ อาโป ณัฐวิญญ์ l Last Supper EP.13 l [GoyNattyDream]
883	jlVDnDrerBg	long	other	149684	ยังไงไหนเล่า EP. 90 พีค ภัทรศยา เคยแสบ! แต่พอคิดได้จะหยุดเอง [GoyNattyDream]
884	LRHZLdxcXkA	short	other	149421	พวกเราไม่เจ้าชู้ววนะฮ้า😎#3ยอดกุมาร #guyharufamily #ก้อยนัตตี้ดรีม #goynattydream
885	YcsAe9AI7Is	long	other	149166	ดรีมบอสล่องเรือดิสนีย์ฟีลคู่รัก [GoyNattyDream] 
886	P4hZopc51ic	short	other	149146	คลั่งรักแค่ไหน ก็แค่สกรีนชื่อแฟนไว้หลังเสื้อบอลค้าบ #ณัฏฐ์กิจจริต #ฟ้าษริกา #ถ้าหนูรับพี่จะรักป่ะ
887	dumA2z8JHuM	long	other	147947	เมารัก ฉลองแฟนมีต 6 ปี! [GoyNattyDream] 
888	2xht1PN9zTY	long	other	147854	ยังไงไหนเล่า EP. 113 พั้นซ์ 4EVE เม้าท์สเปกแพ้ทางหนุ่มตี๋ [GoyNattyDream]
889	btiKDVH-K-E	long	other	147197	ยังไงไหนเล่า EP. 110 ตู่ Soundtiss รัก 10 ปี ไม่มีคำว่าง่าย! [GoyNattyDream]
890	-b59Ot0RP0g	short	other	145572	หวงแฟนเบอร์นี้!!! แฟนข้าใครอย่าแตะ #ริววชิรวิชญ์ #ถ้าหนูรับพี่จะรักป่ะ #ryuvachirawich
891	cRGvnvvAEpo	long	other	145452	มื้อสุดท้ายก่อนตายของ วี วิโอเลต l Last Supper EP.15 l [GoyNattyDream]
892	wMgWU_PdJFw	short	other	144921	สปอย!!! คู่ที่มาเยือน MY AMBULOVE เจอกันค่าาา #goynattydreamchannel
893	XA5R0xhue9U	long	other	144841	ถ้าหนูรับ พี่จะรักป่ะ Ep. 111 imase จีบหนุ่มญี่ปุ่นครั้งแรก!!! l [GoyNattyDream]
894	PN0nlx0iiC8	long	other	144802	มื้อสุดท้ายก่อนตายของ เจ้านาย จินเจษฎ์ l Last Supper EP.2 l [GoyNattyDream]
895	J9pzMCKRe2U	short	other	143925	เมื่อเพื่อนในกลุ่ม ขี่จักรยานไม่แข็ง #goynattydreamchannel
896	t49PvBUcrAc	long	other	143352	ปะทะ CEO ลองใช้ชีวิต 1 วันกับพนักงาน
897	yDeX6SjP4xA	short	other	142210	ใครเคยกลัวความรักบ้างคะเนี่ย!?❤️‍🩹#กลัวความรัก #ไมค์พิรัชต์ #goynattydream #ถ้าหนูรับพี่จะรักป่ะ
898	qFuZOKTOKvo	long	other	141610	มื้อสุดท้ายก่อนตายของ ณเดชน์ คูกิมิยะ l Last Supper EP.18 l [GoyNattyDream]
899	5aU1J8X2VbQ	short	other	140424	ใน CEO BWB พูดถึงสิ่งนี้ จะนึกถึงใคร#ก้อยนัตตี้ดรีม #goynattydream #goynattydreamchannel
900	Y3w1_MyF1gw	long	other	140225	วัดความต่าง GEN Z VS GEN Y [GoyNattyDream]
901	l-zZgY4cdHk	short	other	140180	พิธา ยังอยากเป็นนายกไหม #goynattydreamchannel
902	Uk1wJ3S9fcA	long	other	140111	ลำดับวัดใจ x มาร์ช ยูโด วิคเตอร์ [GoyNattyDream]
903	xRZOS61Ti8U	short	other	139926	น้ำหอม กูรูด้านชุดชั้นใน!! #goynattydreamchannel
904	52xitWs6lGE	long	other	139414	ลำดับวัดใจ x แจม เน๋ง [GoyNattyDream]
905	ZW35bCO6rkU	short	other	139227	เกมแกะรหัส 🧮👩‍💻 ดูสิใครจะชนะ! หึหึ #goynattydreamchannel
906	1W78y6kQEtI	short	other	137688	คู่นี้เขาหวานกันไม่หยุดดด🥰🥰#GNDDrunkInLove #goynattydream #ก้อยนัตตี้ดรีม #มีนดรีม
907	UIsVLha5Uho	long	other	137662	ปรึกษาภาวะซึมเศร้ากับจิตแพทย์ l [GoyNattyDream]
908	dYyd1sU0I_w	long	talk	137366	คุยความรักต่างวัย คบแฟนเก่าของเพื่อนได้ไหม? [GoyNattyDream]
909	fqn6r5WsDho	short	other	136363	น้ำหอมงอน🥺!!! #น้ำหอมนาราดา #งอน #namhormnarada #Friendsfly #ก้อยนัตตี้ดรีม
910	aWHldg8FwEk	long	talk	136329	เปิดใจคุยเรื่อง Sex Worker! [GoyNattyDream]
911	L94Yx0QENmM	long	other	136166	บุกบาร์เกย์สีลม กับอัพภูมิ [GoyNattyDream] 
912	i4JEN5ni9uk	short	other	135071	ถามเร็วตอบเร็ว นิกกี้ ณฉัตร!!!! #ถามเร็วตอบเร็ว #นิกกี้ณฉัตร #goynattydreamchannel #หกฉากวาเลนไทน์
913	KqJMjf2eDsU	short	other	134985	จะทายถูกกี่ข้อน้าา😝✅ #CarราCarซัง #ก้อยนัตตี้ดรีม #urboytj #gavind #goynattydream
914	faAH6W7yPeI	short	other	134962	พี่ชอบอะไร หนูเป็นให้ได้หมดค่ะ🤣 #myambulove #ep5 #เบสท์คำสิงห์ #บาธธัญชนนท์ #goynattydreamchannel
915	pHQ7nqPFc3w	long	other	134019	ยังไงไหนเล่า EP. 104 ท้าตบ! (ลูกขนไก่) กับคุณออน สมฤทัย [GoyNattyDream]
916	LEdiY3NoPvw	short	other	133712	จัดอันดับ Friendsfly ใครแต่งตัวช้าสุด#goynattydreamchannel #friendsflyth
917	VokeDEjyGSE	long	other	133580	My Ambulove EP. 41 : KT KRATAE - โตชิ l [GoyNattyDream]
918	3DONC8onuYE	short	other	133490	ทายชื่อสมาชิกในวง BUS #goynattydreamchannel
919	6-mKufA50C4	short	other	133143	กอล์ฟไมค์ หรือจะสู้ ก้อยไมค์ #ไมค์ก้อย #ก้อยอรัชพร #goyyog #goynattydream #ไมค์พิรัชต์
920	Xgl9gghO05Y	short	other	133135	ถ้าเจอแฟนเก่าที่สเปน ทำยังไง #goynattydreamchannel
921	PfPtNgyRIiw	long	other	131157	My Ambulove EP. 43 : อุ้ม - แบม l [GoyNattyDream]
922	CVWDRwDJ_p0	long	other	129915	อัพเดทสถานะหัวใจเจ้านาย [GoyNattyDream]
923	iHmQzFrqemQ	long	other	128892	CarราCarซัง EP. 20 : โอ๊ต - ป๊อบ l [GoyNattyDream]
924	O0XXehF1Ses	short	other	128481	โคจรด้วยรักกับ FriendsFly คู่ที่สอง "มีน-ดรีม" 🙈❤️ #โคจรด้วยรัก #GoyArachaporn
925	pHMilAiq5TY	short	other	128459	ที่สุดของ Three Man Down!! 🙌🏻 #goynattydreamchannel
926	omxkdqMRvcw	long	other	127804	มื้อสุดท้ายก่อนตายของ มินนี่ ณิชา l Last Supper EP.8 l [GoyNattyDream]
927	KJ59GKVF5_k	short	other	127801	อะไรครับเนี่ยยย#โอ๊ตปราโมทย์#ป๊อบปองกูล #CarราCarซัง#goynattydream #ก้อยนัตตี้ดรีม
928	oZ-o1tH4QVA	short	other	127758	จากคนที่ไม่รู้จักกลายเป็นคนรัก#myambulove #มีนดรีม #มีนพีรวิชญ์ #dreamapichaya #ก้อยนัตตี้ดรีม
929	Fr3rXe53hcA	short	other	127494	He is a 10 but พูดภาษาอังกฤษไม่ได้#ก้อยนัตตี้ดรีม #goynattydream #friendsfly #friendsflyth
930	ERoEbiE8GiQ	short	other	127088	รุยเจีย Ver. friendsfly 😂😤 #goynattydreamchannel
931	1-4qgOUtjz4	short	other	127023	สาเหตุที่แบงค์ ธิติ ชอบกดไลค์รูปเซ็กซี่ #goynattydreamchannel
932	tW1xoJDzoas	long	other	126524	ปะทะ CEO EP2 บริษัทนี้งานสบาย จริงมั้ย? [GoyNattyDream] 
933	Ahf8qct0ibs	short	other	126200	กรี๊ดๆๆๆ ที่นี่ที่แรก!!! เพลงใหม่จากวี วิโอเลต วอเทียร์🔥 #herManhisNatty #goynattydreamchannel
934	vavOsj8m6Hk	short	other	126147	1 2 3 ไป! #goynattydreamchannel
935	iuXsnnxWH0E	short	other	125908	ไอเราก็อุตส่าห์ลุ้น#ใบเฟิร์นพิมพ์ชนก #BaifernBah #ก้อยนัตตี้ดรีม #goynattydream
936	EQgSBetyudU	long	talk	125751	คุยชีวิตรับสิ้นปี เมื่อเราอยากแต่งงานใหม่อีกครั้ง! [GoyNattyDream]
937	bVAh09mlqu8	short	other	125721	Play Girls อยากจะคบกับ Game Boys
938	y7ppArhSRdQ	long	other	125165	โชว์รอยสักให้แม่ดู [GoyNattyDream]
939	Jg__RavKp0o	short	other	124451	ถามเร็วตอบเร็ว เพลงของ (G)I-DLE ที่มินนี่ชอบที่สุด #goynattydreamchannel
940	NdFu_VCNsMc	short	other	123230	ความลับของเติ้ลที่ไม่มีใครรู้.... #goynattydreamchannel
941	A1xczlqxFRM	short	other	123085	🫢🫢แอฟพูดถึงนนกุล!! มันยังไง⁉️🫢 #แอฟทักษอร #นนกุล #แอฟนนกุล #นนแอฟ #ยังไงไหนเล่า #goynattydream
942	A4-jk21CpzM	long	other	122850	แข่งเกมเอาชีวิตรอด ชิงเงิน 100,000 [GoyNattyDream]
943	9_gUWm2Q8aY	short	other	122803	คนที่นัตตี้แอบปลื้ม😳😳#ปันปันสุทัตตา #punpun_sutatta #ก้อยนัตตี้ดรีม #goynattydream
944	RgEMSPbNIVM	short	other	122626	เมื่อพี่อนันดาโดนแกล้ง ให้ปิดตาทายเจ้าของมือที่จับ จะจำได้มั้ยว่าเป็นใคร 🤣#ก้อยนัตตี้ดรีม #อนันดา
945	Aewgg1Os9Ec	long	other	122541	ยังไงไหนเล่า EP. 114 เจสซี่ ผู้หญิงไม่มีใครไม่หึง! [GoyNattyDream]
946	J5X1TduzbIY	short	other	122395	ถามเร็วตอบเร็ว ภาษาผู้หญิง #goynattydreamchannel
947	oSlw9rHBn-M	short	other	122282	เมื่อถูกกดดันให้มีลูก!! #goynattydreamchannel
948	EO2CpBIkOc4	short	other	121992	มีอะไรหวานกว่านี้อีกกกก! 🩷#วีวิโอเลต #เก้าจิรายุ #goynattydreamchannel #Retrospect
949	oS4W5pX1tU0	short	other	121169	เราก็ถือว่าอินเทรนด์อยู่น้าา #ก้อยนัตตี้ดรีม #goynattydream #ก้อยอรัชพร #นัตตี้นันทนัท #ดรีมอภิชญา
950	6cN1F1jrXQU	long	other	120368	My Ambulove EP. 42 : เมเบิ้ล - แป้งจี่ l [GoyNattyDream]
951	JAkvm157SJ0	short	other	120239	วิธีจีบสาวยอดนิยม #goynattydreamchannel
952	p-wRDY5-ITM	long	talk	120204	ช่างแต่งน้า EP.4 สารพัดช่าง"ศักดิ์สง่า" และลูกมือของเขา#ช่างแต่งน้า #ท็อปทศพล #ก้อยนัตตี้ดรีม
953	Q28acZ0kS_0	short	other	119774	คริสติน่าไม่ถนัดอังกฤษ #goynattydreamchannel
954	ax1u8fooAyk	short	other	119645	จัดลำดับหนังไทยแมส #goynattydreamchannel
955	VsajEl3Ct3I	short	other	119465	จัดอันดับคนดีในปล่อยกูไป #goynattydreamchannel
956	og-LyczX5RA	short	other	119316	แน็ก ชา ลี!!!!!!! #แน็กชาลี #goynattydreamchannel #ก้อยนัตตี้ดรีม
957	uHCnnE2maro	short	other	118695	เรื่องที่เศร้าที่สุดของปี🥹 #ก้อยอรัชพร #นัตตี้นันทนัท #ดรีมอภิชญา #goynattydreamchannel
958	FxbxieFKmas	short	food	117066	ระหว่าง เธอ กับ กิน เราเลือกกินกับเธอ 😝 #goynattydreamchannel
959	Ti6aBY46J4U	long	other	116921	มื้อสุดท้ายก่อนตายของ พิมพ์ พิมพ์มาดา l Last Supper EP.17 l [GoyNattyDream]
960	tYHuuy2Hicw	long	other	116877	ยังไงไหนเล่า EP. 117 เบ็คกี้ ชอบใครต้องให้เค้ารู้ [GoyNattyDream]
961	QIU4GSnW7ic	long	other	115564	มื้อสุดท้ายก่อนตายของ โบกี้ไลอ้อน l Last Supper EP.16 l [GoyNattyDream]
962	HWwdDD5HeTY	long	other	115491	ยังไงไหนเล่า EP. 116 GALCHANIE ความรักแบบ Gen Z ยากจริงมั้ย? [GoyNattyDream]
963	OJNVHiRmSYk	short	other	115253	ขอยากกว่านี้#ก้อยนัตตี้ดรีม #goynattydream #goynattydreamchannel
964	kilO7VmIh5c	short	other	115038	ตี้ก้อยจะไม่ทน555555 #goynattydream #มีนพีรวิชญ์ #ดรีมอภิชญา
965	1FTYRgT1wBA	long	other	114280	ตามหาครีเอทีฟใหม่ของช่อง [GoyNattyDream]
966	PlQjZEDeOe4	short	other	113898	ลงเรือ!!!!! #ตะวันฉาย #น้ําหอมนาราดา #ถ้าหนูรับพี่จะรักป่ะ #ep120
967	_EnSb373GQg	short	other	113049	มินนี่ (G)I-DLE ร้องเพลงของวีให้วีฟัง #goynattydreamchannel #gidle
968	aqw0DefIOU0	short	other	112770	มีด้อมไหนตรงกับเพื่อนๆบ้างน้า#GoyNattyDream #ก้อยนัตตี้ดรีม
969	Y1nUnWFN8mM	long	food	112716	จับคู่ดูแล พนักงานออฟฟิศ [GoyNattyDream] 
970	ytWERbNdP-k	long	other	112678	มื้อสุดท้ายก่อนตายของ ภูวินทร์ ตั้งศักดิ์ยืน l Last Supper EP.17 l [GoyNattyDream]
971	4KxQ7HjiKCY	long	talk	112155	ช่างแต่งน้า EP.3 พี่น้ำคะหนูขอเรฟพันซ์คุง#ช่างแต่งน้า #goynattydream #แต่งหน้า #ก้อยนัตตี้ดรีม
972	hXQvYU522OI	short	other	112146	เจอแบบนี้ ไปต่อ หรือ พอแค่นี้ #goynattydreamchannel
973	GHQiw5yCBog	short	other	111960	จับคู่ ATLAS X 4EVE ❤️‍🔥 #goynattydreamchannel
974	rRZ9c7J-ays	long	other	111837	CarราCarซัง EP. 16 : แจ็คกี้ - น้ำตาล l [GoyNattyDream]
975	-cDVynvwEUw	short	other	110734	ม มึง ท ทิ้ง ก กูไป 🔥#goynattydreamchannel
976	-xjE9l7aw9I	short	other	110365	แจดพิกัดมู วงการบันเทิง 🌟 #goynattydreamchannel
977	LbTRmMoj9JE	short	other	110292	เห็น CEO ไปแล้วมีความสุขเราก็อยากไปด้วยค่า☺️☺️#ก้อยนัตตี้ดรีม #goynattydream
978	2TU8QW0J9DI	short	other	109520	ใครไหวไปก่อนเลย 😭#ก้อยนัตตี้ดรีม #goynattydreamchannel #ถ้าหนูรับพี่จะรักป่ะ #มาริโอ้ #หมากปริญ
979	-ylaq7kT5H0	short	other	109438	รีวิวมาม่าเผ็ดเกาหลี vs ไทย #goynattydreamchannel
980	pkfc0S4bCfg	short	other	109428	พาคู่เก้าวีมาสบตา จะเขินหรือจะขำดี ให้คนดูช่วยตัดสินค่ะ!🤣 #ลืมเวลา #GoyArachaporn #เพลงดังtiktok
981	y5_RH2U78ZQ	long	food	107963	ตะลุยกินร้านเด็ดตลาดนัดมศว [GoyNattyDream]
982	PEUynAaHZM8	long	other	107858	บุกห้องซ้อม ดาราลัยก่อนแสดง [GoyNattyDream] 
983	VsHHozvr2Ro	short	other	106121	ความลับอยู่ที่แมว🐈👀 #goynattydreamchannel
984	EgH_sgaPN-Y	short	other	105832	จัดอันดับคนแฟ่ดที่สุดใน GMM#carราcarซัง #สกายนานิ #skynani #ก้อยนัตตี้ดรีม #goynattydream
985	EzSAc73WbCI	short	other	105806	จาก Steve สู่ Sweetheart💖👩🏻‍❤️‍💋‍👨🏻#ก้อยนัตตี้ดรีม #goynattydream #disneycruiseadventure
986	qOeaF8ymNZY	long	other	105450	My Ambulove EP. 46 : เพิร์ล - พีค l [GoyNattyDream]
987	FayOOEdpdrM	long	other	105210	ประเมินพนักงานครึ่งปี มีคนไม่รอด!? [GoyNattyDream]
988	5Mh3PdiJkxI	long	other	105002	CarราCarซัง EP. 17 : จี๋ - จ๋าย l [GoyNattyDream]
989	loSjr5O2h4g	short	other	104697	เครื่องสำอางกันตายของ นัตตี้ #goynattydreamchannel
990	yBW4ZdLu168	short	other	104516	ผู้หญิงที่เท่ในสายตาเจ้านาย #ก้อยนัตตี้ดรีม #goynattydream #เจ้านายจินเจษฏ์ #JAONAAY
991	vW1IIDJcXIY	short	other	104092	ฮันนีมูนครั้งนี้ หมดเงินเกือบล้าน!!! #นัตตี้แมน #นัตตี้นันทนัท #สวิตเซอร์แลนด์ #goynattydreamchannel
992	hok4BpxyFRY	short	other	103435	รียูเนี่ยนนนน #goynattydreamchannel #urboytj #gavind #ไปเจ็บกับเขาซะให้พอ
993	ZQ1sxoRNsVc	long	other	103139	CarราCarซัง EP. 19 : อเล็กซ์ - จีซัง DICE l [GoyNattyDream]
994	p4i-o6u5EH8	long	other	103132	CarราCarซัง EP. 15 : เทศน์ - เพิร์ธ l [GoyNattyDream]
995	C5vydRGwS-k	short	other	102761	ถ้าถามว่าบอสตันมีอะไรที่ชอบบ้าง#ก้อยอรัชพร #ก้อยนัตตี้ดรีม #goynattydream
996	sMsG3gFaSsY	short	other	102578	ของเด็ดมศว บุฟเฟต์นํ้าลำไย ถูกใจสุดๆ #goynattydream #ก้อยนัตตี้ดรีม
997	RbU5uT-sGRg	short	other	101836	จุดเริ่มต้นความรักพี่กุ๊บกิ๊บ-บี้ KPN ซีรีส์เกาหลีเว่อ เคยไม่ชอบกันแล้วมารักกันค่าา #ก้อยนัตตี้ดรีม
998	V6eotrpS7Qo	short	other	101696	อยู่ไหนน้า #friendsfly
999	Co_NvA5gPzo	short	other	101535	น้ำหอมตกเครื่อง #goynattydreamchannel #friendsflyth
1000	J8a90YPV4FA	short	other	100739	This or That วงร็อคในดวงใจของ โจอี้ 🤘🏻💘 #goynattydreamchannel
1001	sJCNKOcz9tE	short	other	100324	จุดเริ่มต้น Thank you Kateyki #goynattydreamchannel
1002	Qx42xwm2KuY	long	other	100140	ให้ทายใครเก่งสุด #friendsflyth #ก้อยนัตตี้ดรีม #goynattydream
1003	aRAlywNGGNM	short	other	99813	ส่งผ้าให้คนที่...ที่สุด!! #ก้อยนัตตี้ดรีม #goynattydream #karnfoei #กานเฟย #ปล่อยกูไป
1004	7SNzoXVlWwg	short	other	99596	มีคนมาคุมถึงที่! ไปดูความน่ารักของคู่นี้เต็มๆได้ที่ My Ambulove ออนแล้วตอนนี้ #goynattydreamchannel
1005	SBeS3RRiajM	short	other	99473	เก้าจิรายุ : เมื่อไหร่ Friendsfly จะมีทริปให้แฟนไป #goynattydreamchannel #friendsflyth
1006	aXlsv_SqLk0	long	other	99114	บุกกองถ่ายแดงไบเล่ย์ [GoyNattyDream] 
1007	D4rvavCtibc	short	other	99062	เซียนหรั่ง บิวบอง ชวน 3 สาวไปดูโลมา #goynattydreamchannel
1008	FAPQm11bfpw	short	other	98818	สเปคพีช พชร เรื่องนี้ เรื่องใหญ่!!!! #goynattydreamchannel
1009	UJbWWHcaZMU	short	other	98462	ดาราลัย เดอะ มิวสิคัล [Official Teaser]
1010	EnwFQXoGlLk	short	other	98340	วิธีจีบแบบณเดชน์ #goynattydreamchannel
1011	tvIHUVcP8LE	short	other	98245	เกมจับโกหก เธอหลอกชั้นไม่ได้หรอก!!#ก้อยนัตตี้ดรีม #goynattydream
1012	-HkVkifDwSE	short	other	98187	อยากเกิดเป็นพี่โฟม!!! #goynattydreamchannel
1013	UH9N648xf4k	short	other	96004	งานนี้ทำผมเครียดเลยคร้าบบ#myambulove #มีนดรีม #มีนพีรวิชญ์ #dreamapichaya #ก้อยนัตตี้ดรีม
1014	5ALqwpmFlos	short	other	95791	อยากมีแฟนมากกว่านี้ แต่ดันเจอคนที่ใช่เร็ว🤣 #nattynantanat #ก้อยนัตตี้ดรีม #goynattydreamchannel
1015	cWMhNg4baZE	short	other	95576	ไอร่ารูัไหมเมื่อไหร่ที่ฟ้า ษริกาจับปืน #goynattydreamchannel
1016	DZcI4MdatzI	short	other	94940	ยังจะให้พูดหรือคะ!!#แจ็คกี้ชาเคอลีน #น้ําตาลพิจักรขณา #CarราCarซัง #goynattydream #ก้อยนัตตี้ดรีม
1017	MsQztXlBLps	short	other	93966	เสียอาการนะเราอ่ะ #ถ้าหนูรักพี่จะรักป่ะ #ริววชิรวิชญ์ #goynattydream
1018	PAQ93cFDZF4	long	other	93746	My Ambulove EP. 47 : ออกัส - เล้ง l [GoyNattyDream]
1019	cCO-Su-4frw	short	other	93032	ไปต่อหรือพอแค่นี้ ดรีม-นนน 😝
1020	aRJYPmlsinw	short	other	92801	นนท์ ธนนท์ ชอบเพลงไหนของตัวเองมากที่สุด #goynattydreamchannel
1021	DjvpSd0Uhh0	short	other	92797	พี่น้องใครเป็นแบบนี้บ้าง #goynattydreamchannel
1022	D40DKT4GHnM	short	other	92742	ชาเลนจ์ใหม่ของก้อยและนัตตี้#ก้อยนัตตี้ดรีม #goynattydream #ดาราลัยเดอะมิวสิคัล #DaralaiTheMusical
1023	Rwjjlojbgb4	short	other	92442	ก็คนมันอยากมีแฟนอ่าาา😫 #goynattydreamchannel
1024	s2vC8VKvE6U	short	other	92357	พูดไปเขินไปนะคะเนี่ย🥰🩷#มื้อสุดท้ายก่อนตาย #ณเดชน์ #ณเดชน์คูกิมิยะ #ก้อยนัตตี้ดรีม #goynattydream
1025	osLMCoacp60	short	other	92289	ดูเอาเถิดชาวเน็ต 🤣🤣 #goynattydreamchannel
1026	AwIWT5KGP6E	short	other	92261	ต่อบท กับตัวแม่ตัวมีม#goynattydreamchannel
1027	QZ4rvYJGIkc	short	other	92176	นึกถึงก้อย นึกถึงอะไร?? #goynattydreamchannel #บางกอกคณิกา #อิงฟ้าวราหะ #ก้อยนัตตี้ดรีม
1028	IZiER4BbZOQ	short	other	91358	ถ้าวุ้นเส้นติดเกาะ จะเลือกอยู่กับใครในแก็งนางฟ้า ✨ #goynattydreamchannel
1029	ht0MWZW72_k	short	other	90980	คำอวยพรจากแขกรับเชิญกิตติมศักดิ์#GNDDrunkInLove #ก้อยนัตตี้ดรีม #เก้าจิรายุ #violettewautier
1030	zEs_dmT1cxg	short	other	90742	แมงกะพรุน หัวกระปุ๋น 😂🥢 #goynattydreamchannel
1031	ko6kqHUOqQA	short	other	90674	คู่จิ้นสู่คู่จริง เพราะ Facetime! #goynattydreamchannel
1032	iIkyzivWb_k	short	other	90298	พร้อมเป็นเพื่อนเจ้าสาวแล้วค่าา 🥰 #goynattydream #ก้อยนัตตี้ดรีม #นัตตี้นันทนัท #พรีเวดดิ้ง
1033	zL0FdM0jLbo	short	other	89572	เพื่อนๆรวมตัวเป็นเสียงเดียวกัน😂 #friendsflyth #ep33 #goynattydreamchannel
1034	Ra5Ht2m1JNs	short	other	89233	จับฉลากธีมซื่อของให้เมีย #goynattydreamchannel
1035	OPs1HkKSJg0	short	other	88640	7 คนพูด 0 คนฟัง #friendsflyth #ก้อยนัตตี้ดรีม #goynattydream
1036	k7obxXY6g1g	short	other	88563	ถ้ามีเสียงไก่อีกพี่ว่าใช่เลย🐓🐓#guyharufamily #3ยอดกุมาร #ก้อยนัตตี้ดรีม #goynattydream
1037	VGm2b7ZYIHc	short	other	87988	Play With Me — Dream #GNDDrunkInLove #goynattydream #dreamapichaya
1038	Xd-KXinCJYs	short	other	87958	เท่าที่ดูๆน่าจะเต็มล้านนะคะ 😝#GNDDrunkInLove #goynattydream
1039	lemQhj1Xsdw	short	other	87917	มื้อสุดท้ายก่อนตาย อยากให้ใครมาร่วมโต๊ะ #goynattydreamchannel
1040	5TZUMk9uRvc	short	other	87587	ไม่คิดว่าเจมส์จิจะซื้อสิ่งนี้ให้ 😱 #goynattydreamchannel
1041	-JWNX4a7GYE	short	other	87161	อันดับ1จะเป็นอันไหนน้ออ🥰#goynattydream #ก้อยนัตตี้ดรีม
1042	dUTL5RrLeW8	short	other	85136	พระเอกที่เป็นที่สุดของ พิมพ์ พิมพ์มาดา#GoyNattyDream #ก้อยนัตตี้ดรีม
1043	Xy_MqF3rUcs	short	other	84978	มันจะมีเพื่อนอยู่คนนึงที่อะไรๆก็ “ไม่หรอกมึง” แต่เรารู้กัน 👀✨✨#ก้อยนัตตี้ดรีม #goynattydreamchannel
1044	kcfxgPydU7o	short	other	84465	MVP รวมมุขจีบของก้อย บอกเลยไม่ธรรมดา ใครโดนตกบ้าง ขอมือหน่อยค่าา #goynattydream #ก้อยนัตตี้ดรีม
1045	VVEyxuAlXAQ	short	other	84035	ถ้าซอมบี้บุก ใครจะรอด
1046	c6v_2bl_Rps	short	other	83569	สเปกไหนที่ใช่ #ชิปปี้ศิรินทร์ #ชิปปี้ #ก้อยนัตตี้ดรีม #goynattydream #จัดอันดับ
1047	XS_dpuKZVME	short	other	83373	#แฝด นัตตี้-ดรีม ทุกคนแยกออกกันมั้ยค้า?? 🥰❤️ #ก้อยนัตตี้ดรีม #goynattydream
1048	cquv8hZRY9M	short	other	82915	นึกถึงคนนี้จะนึกถึงอะไร#แดงไบเล่ย์ #ก้อยนัตตี้ดรีม #goynattydream
1049	Hv_277fTvnc	short	other	82856	หวานกันแบบสม่ำเสมอ🥰💖#มื้อสุดท้ายก่อนตาย #ณเดชน์ #ณเดชน์คูกิมิยะ #ก้อยนัตตี้ดรีม #goynattydream
1050	ahNJmhgPDG8	short	other	82761	ประชันความแสบ เจมส์จิ-ภีมวสุ #goynattydreamchannel
1051	xjJGslp1Zig	long	talk	82750	ช่างแต่งน้า EP.1 ตรงเรฟมั้ยฮ้าฟฟ#ช่างแต่งน้า #แต่งหน้า #goynattydream #เก้าจิรายุ
1052	36XJKUAK1E8	short	other	82576	ใครที่กำลังเจอเรื่องยาก ๆ ในชีวิต ขอให้ผ่านไปได้ด้วยดีนะคะ ♥️#ก้อยนัตตี้ดรีม #goynattydreamchannel
1053	sg5IdPUoy1A	short	other	82473	ไปทะเลด้วยกัน พูดแล้วน้าาาา!!! ไอซ์! #myambulove #goynattydreamchannel #pimma_pixxie #ไอซ์พาริส
1054	XuHAwJS715o	short	other	82251	สาวๆ 4EVE เหมาะกับคนแบบไหน #goynattydreamchannel
1055	NE0PvMt4DAI	short	other	82184	เจษในวัยเด็กเคยทำสิ่งนี้หรือออ?! #เจษฎ์พิพัฒ #goynattydream #ก้อยนัตตี้ดรีม #ถ้าหนูรับพี่จะรักป่ะ
1056	xvF5m9EkKyw	long	other	82093	ส่งท้าย ดาราลัย จะมีให้ดูอีกหรือไม่!? [GoyNattyDream] 
1057	kGvzPPDPUs0	short	other	82040	แค่นี้ยังเขินขนาดนี้ ไปดูคลิปเต็มจะเขินขนาดไหน! 😳🫣 #goynattydreamchannel
1058	aB5C4X3dads	short	other	81128	บิวโบว์การละคร #goynattydreamchannel
1059	wKKuR6vkMMg	short	other	80292	โคจรด้วยรักกับ FriendsFly มาเริ่มกันที่คู่ของ นัตตี้-พี่แมน ค้าา 😍💖 #โคจรด้วยรัก #GoyArachaporn
1060	a7lSksr_Uio	short	other	79760	วอนชาวเน็ต!! ช่วยตามหาผู้ชายในคลิปให้บอสสอกที #goynattydreamchannel
1061	MXFpbfsAC_U	short	other	79208	เคมีที่ครูอุ๊ตามหา🙈 ดูคู่นี้เต็มๆได้ที่ MV #ลืมเวลา - Goy Arachaporn ที่ช่อง #goynattydreamchannel
1062	Ds-IQWNbvZY	short	other	78800	ความแซ่บของภูวิน 🔥 #goynattydreamchannel
1063	vMhE-eCIPCo	short	other	78733	ถ้าใจบอกว่าใช่ สเปคที่ตั้งไว้ก็ไม่จำเป็น 🫣 #goynattydreamchannel
1064	wFiNIicJ0DQ	short	other	78713	ใหม่ ดาวิกา เรียกเข้าห้องเขียว = 😱😭 #goynattydreamchannel
1065	aQSbUQQ1ONg	short	other	78710	บูท Chanel เริ่ดๆอยู่แล้ว💅🏻#ก้อยนัตตี้ดรีม #goynattydream #karnfoei #กานเฟย #ปล่อยกูไป
1066	k7WXA9INhT0	short	other	78471	เราจีบเองค่ะ! #goynattydreamchannel #4eve
1067	nINRJ0upiwM	short	other	78175	อยากรีบแต่งงาน เพราะเหตุผลนี้ #goynattydreamchannel
1068	CuRR-InNwzo	short	other	77830	Perfect match ของกันและกัน#Friendsflyth #วาเลนไทน์ #goynattydream #ก้อยนัตตี้ดรีม
1069	KJhT0nYBSzc	short	other	77031	แฟนเพื่อนมีชู้ จะบอกเพื่อนไหม? #goynattydreamchannel
1070	21ecaJ9PPxY	short	other	76601	ดวงอ่อนแอแต่หัวใจแข็งแรงนะค้าา💖#ก้อยนัตตี้ดรีม #GoyNattyDream #ก้อยอรัชพร
1071	coU8cZ-sN38	short	other	76263	Blackpink in your area!! บลิ้งค์อย่างพวกเราจะพลาดได้ยังไงง #goynattydream #bornpinkinbangkok
1072	xgtCoeDcylE	short	other	75061	ป่วนกองถ่าย!! #goynattydreamchannel #บางกอกคณิกา #ก้อยนัตตี้ดรีม
1073	uDr0gOnSV70	short	other	74617	นนท์กับภาษารัก #goynattydreamchannel
1074	yvcl7DhuiCg	short	other	74350	พี่แมนเขาของจริง!!!🤣 #นัตตี้นันทนัท #ถ้าหนูรับพี่จะรักป่ะ #goynattydream
1075	sbsNhezfNgQ	short	other	74205	ความในใจรัศมีแข #goynattydreamchannel
1076	wizN-d5D1l4	short	other	74073	อาเล็ก=คนที่ทุกคนอยากมอม #goynattydreamchannel
1077	XK9sZ2wv93A	short	travel	73634	แต่งตัวเที่ยวสเปนสไตล์น้ำหอม 🫣 #goynattydreamchannel
1078	IEYMD3iQan4	short	other	73583	พี่น้องคู่ไหนทะเลาะกันบ่อย ๆ บ้างค้าา #ก้อยนัตตี้ดรีม #goynattydreamchannel #goynattydream
1079	w6MFn1Dl7Sk	short	other	73213	น้องบ็อบของพี่เบคเบค🦈#ยังไงไหนเล่า #beckyarmstrong#Beckyangels#goynattydreamchannel #ก้อยนัตตี้ดรีม
1080	LLxBq17NaxM	short	other	73074	ไม่พูดเยอะ หยุมเท่านั้น #goynattydreamchannel
1081	RYJ6ypYawnI	short	other	72964	อยู่กับคู่นี้แล้วลืมเวลาไปเลยค่า อร้ายย 😍💘 #ลืมเวลา #GoyArachaporn
1082	Mx4mBlKsiXU	short	talk	72696	รู้ว่าเสี่ยงแต่คงต้องขอลอง😳 #goynattydreamchannel #Q&A #ก้อยนัตตี้ดรีม
1083	ZTxRM-HyXi4	short	other	72138	เกิดแต่กับก้อย #goynattydreamchannal
1084	v4Eu-_w0LPo	short	other	71509	ถ้านี่คือวันสุดท้ายจะพา Friendflys แต่ละคนไปทำอะไร?#goynattydreamchannel
1085	UGjuOmnjQWo	short	other	71455	เจอคนที่ใช่ ตอนจะง้อคนเก่า #goynattydreamchannel
1086	INGGdNDUu18	short	other	71330	ช้อตฟีล #goynattydreamchannel
1087	Zn5b-PKUY9Y	short	other	71278	ผมสั้นที่แท้ทรู💖 #ก้อยอรัชพร #goynattydreamchannel #songkran2024
1088	XsSEGRIRJns	short	talk	70923	👀เรื่องไหนจริงเรื่องไหนโกหกน้าาาา #Q&A #goynattydreamchannel #dreamapichaya
1089	N6D9phRkx2U	short	other	70667	เลือกฉันก่อนเธอ ก้อย อรัชพร x มีนตรา อินทิรา OUT NOW #เลือกฉันก่อนเธอ #ก้อยอรัชพร #มีนตราอินทิรา
1090	t0zHHhiEPeM	short	other	70343	ไม่จริงค่าา #goynattydreamchannel
1091	JrHGA9zCQoc	short	other	70330	อันนี้ถามธามไทหรือก้อยนะคะ 🤣 #goynattydream #ก้อยนัตตี้ดรีม #ถ้าหนูรับพี่จะรักป่ะ #ธามไท
1092	V3Fd--ulskc	short	other	70054	วินาทีที่รู้ว่ากระเป๋าหาย 😱 #goynattydreamchannel
1093	FClSUvjUb8c	short	other	69970	ส้มรักพ่ออออ🧡 #ก้าวไกล #พิธาลิ้มเจริญรัตน์ #goynattydream #ก้อยนัตตี้ดรีม #ถ้าหนูรับพี่จะรักป่ะ
1094	jloeLw-PRT4	short	other	69756	เจ้าสาวคนต่อไป!! วุ่นกันทั้งกลุ่ม😂 #friendsflyth #วีวิโอเลต #นัตตี้นันทนัท
1095	VnYCLkh9S_0	short	other	69528	ทุกบ้านCharacter ชัดเจน 🤣🤣#goynattydream #ก้อยนัตตี้ดรีม #วันแม่
1096	Vw23zYCiCWY	short	other	69482	สเปกแบบนี้ ที่แม่ๆอยากได้เป็นสะใภ้ #GoyNattyDreamChannel
1097	Gy-_AcOT3wc	short	other	69364	สิ่งที่หายไปตอนเรียนต่างประเทศ #goynattydreamchannel
1098	kwoCht-PKfQ	short	other	69019	ทำไมแพรวาถึงไม่มีแฟนซะที!!! #แพรวา #แพรวาณิชาภัทร #ยังไงไหนเล่า
1099	es2d_WY51Jk	short	other	68995	ใครกันน้า อยู่กับผู้ชายเสียงสอง อยู่กับเพื่อนเสียงแข็ง 😂 #ก้อยนัตตี้ดรีม #goynattydream #เผาก้อย
1100	t1FfantoTeI	short	other	68865	ไหนดูซิ้ แต่ละคนชี้ตรงกันไหม #goynattydreamchannel
1101	gkGUoupey8Y	short	other	68518	อ่ะๆ เวอร์ชั่นบอยเฟรนด์ ซะหน่อยย #goynattydreamchannel
1102	i2lJVYrxX3I	short	other	67776	เสื้อมงคล ❌ / วาสนานัตตี้ ✅ #goynattydreamchannel
1103	yKSMHBDvURE	short	other	67484	รู้ว่าดรีมชอบเล่นเกมแต่ไม่คิดว่าจะขนาดนี้ #goynattydreamchannel
1104	4uMalP054Ho	short	other	66994	ใครฟิตสุดใน Friendsfly 💪🏻 #goynattydreamchannel
1105	wWQs5zuZm1I	short	other	66512	โคจรด้วยรักกับ FriendsFly คู่รักข้าวใหม่ปลามัน ก้อย-บอสสอก 😂❤️‍🔥 #โคจรด้วยรัก #GoyArachaporn
1106	dpMMqr__pjM	short	other	65908	ถ้าโลกนี้ไม่มีแอร์ทำยังไงล่ะแม๊🔥🔥🔥 #ดรีมอภิชญา #ก้อยนัตตี้ดรีม #ถ้าโลกนี้ไม่มีแอร์ #GND
1107	NouOkgyQ7bc	short	other	65732	พา ตรี-นาย มาออกสเต็ปกันหน่อยย👯‍♂️#CarราCarซัง #ตรีนาย #ตรีภรภัทร #นายณภัทร#ก้อยนัตตี้ดรีม
1108	ht7q4qcS3CQ	short	other	65323	เมื่อเราชอบเข้าสังคม แต่ไม่แน่ใจว่ารู้จักกันมั้ย นัตตี้มีวิธีเนียนๆมาแชร์ค่ะ 555555 #ก้อยนัตตี้ดรีม
1109	IoKvXmYSBnY	short	other	64896	วันนั้นของเดือนฉบับ เก้า จิรายุ#วันนั้นของเดือน #ก้อยอรัชพร #goyarachaparon #เก้าจิรายุ
1110	n3MwqwWxy6I	short	other	64866	ใหม่ ดาวิกา กับฉายา “โปรพับเป็ด” #goynattydreamchannel
1111	L61R0eO2HfM	short	other	64672	น้ำหอมโดนฝรั่งชูส #goynattydreamchannel #friendsflyth
1112	VAAUiN1Q9ME	short	other	63516	ใครเป็นชู้? ดรีมเตือนแล้วนะ!!!! #ดรีมอภิชญา #goynattydream
1113	5y3AqIe83aE	short	other	63482	เจอหลิง-ออม ครั้งแรก 💖 #goynattydreamchannel
1114	lTLVxiGcVRk	short	food	63132	“โคตรอยากกิน” ตอนมีประจำเดือน #goynattydreamchannel
1115	VLjiENhAOIQ	short	other	63124	ตื่นกันยังน้า #friendsfly
1116	5kBLSClszgM	short	other	62729	ทะเลาะกันเพราะเสียงดัง!? #goynattydreamchannel
1117	68re10byz5U	short	other	62702	ถนนพระราม 2 จะสร้างเสร็จกี่โมง! #goynattydreamchannel
1118	Jt1CKNf5FNg	short	other	62618	ใครนอนกับก้อยก็ร้องไห้!#goynattydreamchannel #friendsflyth
1119	PaBrPGinUrA	short	other	62124	ขอนำเสนอภาษาที่ใช้ได้ทั่วโลก🤣🤣#ก้อยนัตตี้ดรีม #goynattydream #vlog
1120	Av63cBw49hY	short	food	61801	กลืนไม่เข้า=ร้อน😂 #goynattydreamchannel #ตะลุยกิน #บรรทัดทอง #ก้อยนัตตี้ดรีม
1121	HI31H7Cye-s	short	other	61752	ได้แค่ไหน เอาแค่นั้นละกันเนอะ😂 #goynattydreamchannel
1122	SMsV8heYnD0	short	other	61096	เรื่องเจ้าชู้ที่แย่ที่สุด! เล่าได้มั้ยพี่จี้ ออนแอร์ได้เปล่าน้า🫠ได้รับการยินยอมจากทุกฝ่ายแล้วนะค้า
1123	Ents2Fqyi6I	short	other	60517	มองกันแบบนี้ ก็ลืมเวลาไปเลยสิครับ￼ #ลืมเวลา #GoyArachaporn
1124	0ee6IAnD_QA	short	other	60121	ใครไม่งงจะงงมาก🤣🤣. #goynattydream #เดอะทอยส์ #ใบ้คำ #แอลลี่ #goynattydream #ก้อยนัตตี้ดรีม
1125	oblBTXM9Juc	short	other	60064	เบสท์! ถึงกับร้องไห้กลางรายการ🥹 #myambulove #ep5 #goynattydreamchannel #เบสท์คำสิงห์ #บาธธัญชนนท์
1126	JAxELIpp58s	short	other	59975	จะทำสิ่งนี้ทุกครั้งที่กลับไทย #goynattydreamchannel
1127	VVbZHPwIEYc	long	talk	59341	ช่างแต่งน้า EP.2 เมื่อช่างหน้าหมัดแมนมาแต่งหน้าดาราสาวคุณนัตตี้#ช่างแต่งน้า #goynattydreamchannel
1128	06WpdQDRe_Y	short	other	59296	เขารักกันจริงใช่ไหมแม่55555🤣🤣 #คู่กัด #ฝนนินิว #ยังไงไหนเล่า #เพื่อนสนิท #ฝนนินิว #goynattydream
1129	xA_TpnxBz5c	short	other	58327	ขอเลือกปรึกษาสองคนนี้#LastSupper #phuwintang #ภูวินทร์ตั้งศักดิ์ยืน #ก้อยนัตตี้ดรีม #goynattydream
1130	bg7zoWRISrk	short	other	58119	แค่มองก็รู้เลย#ก้อยนัตตี้ดรีม #goynattydream
1131	cBnw52mwWlE	short	other	57852	ระดับตัวแม่ใบ้คำแค่นี้ชิวๆอิอิอิ #goynattydream #ก้อยนัตตี้ดรีม #เดอะทอยส์ #แอลลี่ #thetoys
1132	NCNfgENiDNo	short	other	57836	Boy Group K-POP ในดวงใจ เชอรีน 💘 #goynattydreamchannel
1133	bE-NCSn0Fys	short	other	57803	ดรีมเคยแพ้อะไรบ้าง #GNDOuting2025 #goynattydreamchannel
1134	B7vMBfF2P20	long	talk	57576	ช่างแต่งน้า EP.10 ช่างชิปกับแฟนหนุ่มของเขา#วารีร้อยศพ #DisneyPlusTH #ชิปปี้ศิรินทร์ #ช่างแต่งน้า
1135	8EbHz8oX_kU	short	other	57118	ก้อยมามั้ยคะ🤣 #goynattydream #ก้อยอรัชพร #ยังไงไหนเล่า
1136	RbOX0ZBf2jk	short	other	57113	เครื่องสำอางกันตายของ ดรีม #goynattydreamchannel
1137	1C_2xL6JjLY	short	other	56980	น้องขอมาพี่ก็จัดให้ #ก้อยนัตตี้ดรีม #goynattydream
1138	HqMvlO06mPo	short	other	56769	รักต่างวัย รอดยาก? #goynattydreamchannel
1139	DktM0E7yvOI	short	other	56628	แอบเดตกันบนรถ #goynattydreamchannel
1140	PthBQR90tYk	short	other	56304	เมาท์ได้มั้ยน๊าาา😁 #goynattydreamchannel #minniegidle #bambam #ยังไงไหนเล่า
1141	P0sLJ4LOcFc	short	other	56220	เม้าท์ความฮอตของ “เต ตะวัน” #goynattydreamchannel
1142	sMjLL6HWoqg	short	other	55888	โคจรด้วยรักกับ FriendsFly วันนี้ขอเสนอ วี-เก้า 😝❤️ #โคจรด้วยรัก #GoyArachaporn
1143	EN-JeBad0FI	short	other	55404	ก้อยลูกกตัญญู #ก้อยนัตตี้ดรีม #goynattydream #karnfoei #กานเฟย #ปล่อยกูไป
1144	C3ZSlvAZmfM	short	other	54513	เมื่อคุณต้องบิ้วท์เพื่อน ละครแนวตั้งจึงเกิด
1145	IWqUwgduQms	short	other	54301	เมื่อก้อยมาบอกแม่ว่าท้องก่อนแต่ง! แม่จะว่าไงบ้าง ไปดู! #ก้อยนัตตี้ดรีม #goynattydreamchannel
1146	OVPyvzm6g6Q	short	other	54249	ถามเร็วตอบเร็ว! เป็นมเหสีที่เขาไม่รัก vs นางสนมที่เขารักสุดใจ #goynattydreamchannel
1147	mrU4dvv--FI	short	other	54023	โชว์สวีทกันกลางรายการ! #goynattydreamchannel
1148	e6FUdBBLLag	short	other	53596	เมื่อเรามีแขกรับเชิญพิเศษเป็นน้องหมา มาดูกันสิว่าใครจะพูดภาษาน้องๆได้เหมือนกว่ากัน! #ก้อยนัตตี้ดรีม
1149	ABUtfqcNLEM	short	other	53449	บอสสอกออกทุกงาน#ก้อยนัตตี้ดรีม #goynattydream #friendsfly #friendsflyth
1150	D8zlQiNOUX8	short	other	53004	เป่าเปาหวงป๊ามากก ฮือ ครอบครัวนี้อบอุ่นเว่อ พ่อไมโครเวฟ 🥹✨#ก้อยนัตตี้ดรีม #GoyNattyDream #เป่าเปา
1151	5j7BFUBkcdM	short	other	52855	ขอดูวงเขียวปันปันหน่อยค่าา#ปันปันสุทัตตา #punpun_sutatta #ก้อยนัตตี้ดรีม #goynattydream
1152	k8x0Gn3wDNg	short	other	52454	a little bit you, a little bit i 🫶🏻 #goynattydreamchannel
1153	JdbzjZPTNkc	short	other	52398	ตกหลุมรักกับคนเดิม!!!💞 #จังหวะตกหลุมรัก #ก้อยอรัชพร #goynattydream
1154	E47BnT8BfB4	short	other	52356	พี่เฌอเห็นหนูไหม 🤫 #ก้อยนัตตี้ดรีม #goynattydream #วีbnk48 #เฌอปราง #bnk48 #ยังไงไหนเล่า
1155	Vrkx9VwSmpo	short	other	51601	อวัยวะที่คนมองเป็นอย่างแรก #goynattydreamchannel
1156	rBRIdNlVhuk	short	other	51589	DMว่าอะไรนะ!! ไอซ์พาริส😳#myambulove #ไอซ์พาริส #pimma_pixxie #goynattydreamchannel
1157	OvdcX2rRGD0	short	other	51375	Kiss/ Marry/ Kill ผู้ชายใน GMMTV #goynattydreamchannel
1158	PiSPR7IN398	short	other	51222	ถ้าเธอชอบ เราก็พร้อมจีบ👉🏻👈🏻 #goynattydreamchannel
1159	KhpCKcUCDic	short	other	51039	ตัวแม่ค่ะลุยเลย💅🏻#KTkratae #MyAmbulove #goynattydream #ก้อยนัตตี้ดรีม #โตชิกระแต
1160	pL77i4w87A0	short	other	51005	เปิดค่ายแล้ว เลิกอยากมีลูก! #goynattydreamchannel
1161	4Njlc6CnEng	short	other	51001	แต่งตัวตามทำนองเพลง “ตือ ดื๊อ ดือ ดือ” #goynattydreamchannel
1162	6VZlzW76PAg	short	other	50498	อย่าเดิมพันชีวิตกับแค่ทางเดียว #goynattydreamchannel
1163	uwn_SauF1eQ	short	other	50459	ไปต่อหรือพอแค่นี้ - เอมมี่ #goynattydreamchannel
1164	zgmASIpAr4s	short	other	50211	คำถามวัดใจ มีนอยากมาดิสนีย์กับใคร 😂 #goynattydreamchannel
1165	cpRsQQGm42I	short	other	50021	ถามไวตอบไว ทำคอนเทนต์ให้ได้ล้านวิว#goynattydreamchannel #gndouting2025
1166	eHIHd75B6G0	short	other	49972	วี น้ำหอม ดรีม ใครจะเป็นเจ้าสาวคนถัดไป! #goynattydreamchannel
1167	dlLKb3LJ8-I	short	other	49653	สิ่งที่สำเร็จในปี2025 ปีหน้าอะไรจะสำเร็จอีกบ้างน้า🤔#goynattydreamchannel
1168	f_mf78Z1FLk	short	other	49630	งานและความรัก ต้องเป็นที่ 1 ทั้งคู่ #goynattydreamchannel
1169	E0XV1ih41Fo	short	other	49444	เพลงที่เป็นที่สุดของโบกี้ไลอ้อน#โบกี้ไลอ้อน #bowkylion #goynattydream #ก้อยนัตตี้ดรีม
1170	YMzSmkzklv8	short	other	49385	ณิชาคะ!!
1171	HJDbtwPNsBM	short	other	48973	พี่น้องบ้านนี้โสด2เลยค่า😍 #ก้อยอรัชพร#ก้อยนัตตี้ดรีม #goynattydreamchannel
1172	-730Gf3S_hU	short	other	48907	วีอีกแล้วววว🤣 #มื้อสุดท้ายก่อนตาย #วีวิโอเล็ต #เก้าจิรายุ #ก้อยนัตตี้ดรีม
1173	u52z1rU6zHA	short	other	48806	อายที่ต้องเป็น "เด็กฝรั่ง" #goynattydreamchannel
1174	Ahm0y3211Xg	short	other	48401	ไม่ได้ดื้อ แค่ฟังแต่ยังไม่เชื่อ #goynattydreamchannel
1175	1Z8arz0CGrs	short	other	48397	พี่ๆหมดตัวแน่!!#guyharufamily #3ยอดกุมาร #ก้อยนัตตี้ดรีม #goynattydream
1176	j9N2FqGStfg	short	other	48245	ลงเรือได้ เค้าพายกันเองแล้ว #goynattydreamchannel
1177	BHzeFp7EzwY	short	other	48229	Girl Group K-POP ในดวงใจ เชอรีน 💘 #goynattydreamchannel
1178	7pMCsH9bdTw	short	other	47971	หวานไม่พักแม่น้ำมะพร้าว😚🥥🌴#GNDDrunkInLove #goynattydream #ก้อยนัตตี้ดรีม #มีนดรีม #มีนพีรวิชญ์
1179	_j-I3t0AgbM	short	other	47963	คำยอดนิยมที่คู่รักใช้เรียกแทนกัน #goynattydreamchannel
1180	adb5h7Ae6C0	short	other	47839	อย่าเล่นกับอากาศประเทศไทยนะจ๊ะะ!!!🫠 #นัตตี้นันทนัท #ถ้าโลกนี้ไม่มีแอร์ #GND #goynattydream
1181	29VaBEE___8	short	other	47716	ต้องทำยังไงน้าา 😘 #ก้อยนัตตี้ดรีม #goynattydream #เฌอปราง #ก้อยอรัชพร #นัตตี้นันทนัท #ดรีมอภิชญา
1182	OeP2Xx3DY-M	short	other	47317	ฝน-นินิว "บอกรักกัน" #goynattydreamchannel
1183	-sHX_n_Kkjc	short	other	46896	เบาบับ เบาใจ💘💕💖 #เบาบับ #Friendsfly#ep16 #มาดากัสการ์ #ก้อยนัตตี้ดรีม
1184	7umjP4MlhLY	short	other	46679	ขอเป็น Steve ตลอดไป#myambulove #มีนดรีม #มีนพีรวิชญ์ #dreamapichaya #ก้อยนัตตี้ดรีม
1185	JIVQtlzKwNQ	short	other	46656	ว่าด้วยเรื่องบิ๊กอาย #ก้อยนัตตี้ดรีม #goynattydream #ก้อยอรัชพร #นัตตี้นันทนัท #ดรีมอภิชญา
1186	TyP2XHGPhso	short	other	46595	แล้วสองสาวคนนี้จะรู้ใจกันมากแค่ไหน🧡💖#ก้อยนัตตี้ดรีม #goynattydream #karnfoei #กานเฟย #ปล่อยกูไป
1187	SaN99qlBgsc	short	other	46156	ตัดสินใจเลิกกันแม้ว่าจะมีลูก #goynattydreamchannel
1188	saEOW0Xyqes	short	other	46084	ดรีมคือสิ่งที่ดีที่สุดในปีนี้ ของ... 🤭 #goynattydreamchannel
1189	M0a0VngPIkc	short	other	45993	ก้อยยยยยย😂 #ก้อยอรัชพร #ก้อยนัตตี้ดรีม #goynattydreamchannel
1190	BmGg_ouUCiY	short	other	45949	ศิลปินในดวงใจของเจ้านาย #ก้อยนัตตี้ดรีม #goynattydream #เจ้านายจินเจษฏ์ #jaonaay
1191	rWLqJ1BH4zM	long	other	45761	แล้วปีนี้ก้อยจะเจอความรักที่ดีมั้ยน้าา#Friendsflyth #วาเลนไทน์ #goynattydream #ก้อยนัตตี้ดรีม
1192	mQ3Fzec2KNQ	short	other	45622	3 สาวที่เซ็กซี่ขนาดนี้เป็นของ นนท์ ธนนท์นะ #goynattydreamchannel
1193	vuEnofZZtx4	short	other	45543	ก้อยกับกีฬาไม่ใช่ของคู่กัน #goynattydream #ก้อยนัตตี้ดรีม #Hyrox
1194	DwzTF5t1YLQ	short	other	45273	จับฉลากของที่ช่วยคุณได้ เมื่อโดนงูรัด #goynattydreamchannel
1195	i5GhuYGxta8	short	other	45121	( Teaser ) เลือกฉันก่อนเธอ GoyArachaporn X MEENTRA #เลือกฉันก่อนเธอ #มีนตราอินทิรา #ก้อยอรัชพร
1196	xviuK0s9sVc	short	other	45091	ก้อยอรัชพร ทนไม่ไหว!!! #ก้อยอรัชพร #ยังไงไหนเล่า #วีวิโอเลต #บอสสอก
1197	FhRjCiXQDxc	short	food	45038	มัทฉะน้ำมะพร้าวร้านโปรดของเพื่อนๆคือร้านไหน แชร์พิกัดกันน#ก้อยนัตตี้ดรีม #goynattydream
1198	6-1YYyaeoJw	short	other	45032	ยังงไงไหนเล่า KISS OF LIFE ออนแล้วนะค้าาา ไปดูน้องๆจูบชีวิตเม้าท์เรื่องสเปคกันนน😂💖 #goynattydream
1199	hRHCqDZ36Oc	short	other	44912	ถ้าแฟนนอกใจ นอกกาย คริสจะทำสิ่งนี้!! #goynattydreamchannel
1200	ArTUbnluouA	short	other	44804	ฉันคือคู่หมั้นคุณชายพุฒิภัทร จุฑาเทพ #goynattydreamchannel
1201	eTZoH_jzy5Q	short	other	44400	คุณแม่สมัยใหม่ มีลูกแต่ก็มีชีวิตของตัวเอง #goynattydreamchannel
1202	ci7re94pFIw	short	other	44346	เข้าเรื่องส่วนตัวแล้วนะดรีม!!!😂 #มื้อสุดท้ายก่อนตาย #goynattydreamchannel #มีนพีรวิชญ์ #ดรีมอภิชญา
1203	BPe9k9Bq35A	short	other	44172	# ญี่ปุ่นหวานเจี๊ยบ 😝 #goynattydreamchannel
1204	KdnRH7awA8k	short	talk	43988	เปิดใจพี่น้อง คุยกัน!!! #ดรีมอภิชญา #goynattydream #ก้อยนัตตี้ดรีม
1205	KikJ7D548x0	short	other	43697	เก้า - เจนเย่ ใคร ... กว่ากัน #goynattydreamchannel
1206	KU3e5rDL5Tc	short	other	43685	อย่าแย่งกันเป็นเจ้าภาพก็พอ🤣🤣 #เก้าจิรายุ #มื้อสุดท้ายก่อนตาย #goynattydream
1207	9Qltpv_fgx8	short	other	43322	ถามยิ่งกว่านักข่าว ก็เพื่อนๆนี่แหละ #friendsfly #ก้อยนัตตี้ดรีม #goynattydream #violettewautier
1208	bKy_Ry68mTw	short	other	43312	ไม่จริงนะครับข่าวมั่ว#uppoompat #poompps #UpPoom #goynattydream #ก้อยนัตตี้ดรีม
1209	G8zMg4RnRRE	short	other	43260	บลูชีสร่วมสาบาน #goynattydreamchannel
1210	T6dHeFFFPVg	short	other	43136	เจนิส อาบน้ำใหญ่มาถ่ายซอมบี้ #goynattydreamchannel
1211	TCp-9CqAznQ	short	other	43087	พี่บี้รุกแรงเว่ออออ ก้อยตั้งหลักไม่ทันแล้วค่าาาา😳😳😳#ก้อยนัตตี้ดรีม #GoyNattyDream #บี้kpn
1212	Zui2ySdX9VQ	short	other	42830	ความเห็นจาก Intern ที่มีต่อ CEO🔥👩‍💻#goynattydreamchannel #ก้อยนัตตี้ดรีม
1213	KONEbHEF_sU	short	other	42758	ยุคนี้ใครทันกระแส คนนั้นรอด! #goynattydreamchannel
1214	p-EtSO2xTZc	short	other	42636	ใครจะโดนยาพิษคนแรก?!?!#ก้อยนัตตี้ดรีม #goynattydream #เยลลี่ยาพิษ
1215	9tvDBfW3Uuk	short	other	42346	เมื่อ perfectionist มาเจอกัน#มื้อสุดท้ายก่อนตาย #ณเดชน์คูกิมิยะ #ก้อยนัตตี้ดรีม #goynattydream
1216	IhMZsCC3JZo	short	other	42073	วันเกิดดรีม 23 เอ้ย 32 [GoyNattyDream]
1217	MuS2PMPvLEY	short	other	42035	20 พฤศจิกายน 2568
1218	F4nCLKfovL8	short	other	41807	ดรีมสู้สุดใจค่ะ! #ดรีมอภิชญา #dreamapichaya #goynattydream #ก้อยนัตตี้ดรีม
1219	Zwui5KZmV3U	short	other	41749	GALCHANIE แต่งเพลงสดๆ #goynattydreamchannel
1220	RlxoEpvLi90	short	other	41728	เรือนหอนัตตี้แมน👩🏻‍❤️‍💋‍👨🏻💍🫧!!!! #เรือนหอ #นัตตี้นันทนัท #แมนนัตตี้ #goynattydream
1221	JdRLHa53Oi8	short	other	41575	พี่กิ๊ฟ เอ้ย พี่ก้อย!🤣#GoyNattyDreamXTEN #เตนล์ #TENLEE #ก้อยนัตตี้ดรีม #goynattydream
1222	SPLbJHwKy0o	short	other	41253	ความสัมพันธ์ Toxic ในรูปแบบหวังดี #goynattydreamchannel
1223	Zk-siCtAcmA	short	other	41235	เกม อะไรเอ่ยที่เหมือนกัน #goynattydreamchannel
1224	KZsEKFrNDX4	short	other	41030	วันเกิดเบบี๋ทั้งที ชลบุรีก็แค่ปากซอย #goynattydreamchannel
1225	Yn6T6fM2cjw	short	other	41028	เจนชอบเก้าตั้งแต่ฮอร์โมนส์ #goynattydreamchannel
1226	eArfugRKjQI	short	other	40665	เป็นเพราะเลือดกรุ๊ปOแน่ๆ!#ถ้าหนูรับพี่จะรักป่ะ #ไบเบิ้ลเป็นคนแปลก #ไบเบิ้ลวิชญ์ภาส
1227	9_sBx04Bhd0	short	other	40478	เต๋อใหม่ ทำงานด้วยกันทะเลาะกันไหม? #goynattydreamchannel
1228	4l67E_Wa4Zc	short	other	40469	A friend in need is a friend indeed.🙌🏻❤️ #herManhisNatty #goynattydreamchannel
1229	84ySNaCAWZE	short	other	40411	พี่แมนปวดหัวละนะ55555 #แมน #แมนนัตตี้ #ก้อยนัตตี้ดรีม #เรือนหอ #บ้านใหม่ #goynattydream
1230	run9dfO7tlU	short	other	40322	ขอลูก.. ชีวิตนี้ต้องเล่น 1 กีฬา 1 ดนตรี #goynattydreamchannel
1231	RDpFWMZGUZo	short	other	40262	พี่ก็พึ่งรู้วันนี้ว่าตุ๊กแกรสชาติคล้ายไก่🦎#guyharufamily #3ยอดกุมาร #ก้อยนัตตี้ดรีม #goynattydream
1232	D91UvyPcGBU	short	other	40198	อย่าไปบอกใครนะว่าเธอเป็นแฟนเก่าเรา 😩#goynattydreamchannel
1233	olF6InA5moM	short	other	40129	สเปกเจ้าขุนชอบคนพูดไม่ชัด?! #goynattydreamchannel
1234	fuUCvo4iLWw	short	other	40116	ระหว่างน้ำตาล กับ มีนดรีม มดจะขึ้นอะไรก่อนน้า😳💘 #ดรีมอภิชญา #มีนพีรวิชญ์ #OneLastRide
1235	KNlc2_R9p54	short	other	40100	ดวงมีแต่ 💩 บัง #goynattydreamchannel
1236	3eorZipz1OA	short	other	39820	เกม "พูดคำให้ตรงกัน" #goynattydreamchannel
1237	orQK8400nCQ	short	other	39466	ถ้าตายไปอยากให้คนจำ "แพต ชญานิษฐ์" แบบไหน #goynattydreamchannel
1238	aCw1puQvvJw	short	other	39391	1 เหตุการณ์ ที่ชัดที่สุดในครึ่งปีแรก #goynattydreamchannel
1239	LB_ZW6NTpy0	short	other	39387	จะให้หนูทำอะไรดีค้าา #goynattydreamchannel #ชินลิลลี่ #myambulove
1240	H_3lPmvJgDU	short	other	39336	เหตุผลที่ไม่เจอกระเป๋า #goynattydreamchannel
1241	-BpWmBCQ_X8	short	other	39102	และนี่คือดอกไม้งามที่ราคาแพงที่สุด! #goynattydreamchannel #ก้อยนัตตี้ดรีม #บางกอกคณิกา
1242	KFFt4n6KS0U	short	other	39075	ขอยอมแพ้เป็นคนตามใจดีกว่า #แจ็คกี้ชาเคอลีน #น้ําตาลพิจักรขณา #CarราCarซัง #ก้อยนัตตี้ดรีม
1243	EIBdJANBqMQ	short	other	38967	ผมไม่ใช่ลุกคุณหนูนะครับ🫡#LastSupper #phuwintang #ภูวินทร์ตั้งศักดิ์ยืน #ก้อยนัตตี้ดรีม
1244	2b4PtV6efl8	short	other	38955	ผิดมั้ยง่ะะ🥺#goynattydream #ก้อยนัตตี้ดรีม
1245	GoymN_WjB8U	short	other	38894	เดิมพันวงด้วย 7 ล้าน ของ โอม Cocktail #goynattydreamchannel
1246	DrDoSF5OLwI	short	other	38637	แฟนเป็นวันนั้นของเดือนเท่ากับ💣💣💣 #เจษฎ์พิพัฒ #เจษฎ์ #แฟน #วันนั้นของเดือน #goynattydream
1247	D1UG9HGCtpU	short	other	38344	โด๊นนน🤣🤣 #ก้อยนัตตี้ดรีม #goynattydream #karnfoei #กานเฟย #ปล่อยกูไป
1248	1I_pcXc-wXo	short	other	38305	สวยงามมากก ❤️ #goynattydream #ก้อยนัตตี้ดรีม #นัตตี้นันทนัท #พรีเวดดิ้ง #แมนนัตตี้
1249	Wpm6QfyRVRk	long	talk	38300	ช่างแต่งน้า EP.7 ช่างนทประสบการณ์20ปี#นทพนายางกูร #notep #ก้อยนัตตี้ดรีม #goynattydream #ช่างแต่งน้า
1250	0ghE0tByJK8	short	other	38246	ประสบการณ์เดทกัน 3 คน #goynattydreamchannel
1251	OcGzFmc026w	short	other	38180	ถ้าชอบมากก็ขอไม่ฟังนะครับน้องชาย #ก้อยนัตตี้ดรีม #goynattydream #เจ้านายจินเจษฏ์ #jaonaay
1252	OsfGSOTCwIw	short	other	38079	พบคนเสียอาการ 2 อัตรา #goynattydreamchannel
1253	i4uYpdFnGHY	short	other	37780	นัตตี้กับรถเมล์ 40 ป้าย!! #goynattydreamchannel
1254	Pxjf4ICYxk8	short	other	37751	ไหนใครเคยมีคนที่อยู่ด้วยกันแล้วเหมือนโลกหยุดหมุนบ้าง สบตา 10 วิ มีความสุขไปอีก 10 วัน แชร์มาอวดด่วนน
1255	5BkjWz3E28A	short	other	37545	MVP มุขจีบของนัตตี้ บอกเลยคนนี้ก็ไม่ยอมน้อยหน้า แพรวพราวสุ้ดๆ #goynattydream #ก้อยนัตตี้ดรีม
1256	cAIx0l7fb9c	short	other	37269	เจมส์จิ BUS x ภีมวสุ จุฑาเทพ #goynattydreamchannel
1257	cbiSZ49DZ7Y	long	talk	37181	ลองถ่ายรายการใหม่ EP.0#ช่างแต่งน้าา #goynattydreamchannel
1258	fKDDnpwThho	short	other	37122	เป็นไปได้ไง! กระเป๋าหายอีกรอบ #goynattydreamchannel
1259	4c9qfmfBSWI	short	other	37112	ขอกินมังแทนได้มั้ย#ก้อยนัตตี้ดรีม #goynattydream #karnfoei #กานเฟย #ปล่อยกูไป
1260	LNHeiii64fE	short	food	37092	ถ้าตอบผิดจะเลิกกินมัทฉะ!!#ก้อยนัตตี้ดรีม #goynattydream #matcha
1261	vZ0ZkLUmWCo	short	other	37049	เมื่อดรีมต้องเลือกระหว่าง คุณพระ vs คุณชัด #goynattydreamchannel #friendsfly
1262	2UWQICE2Dvg	short	other	37048	เพลงอะไร ช่วยนึกหน่อย #goynattydreamchannel
1263	yFjWqEcU1Rg	short	other	36797	สนิทกันจนแฟนหึง #goynattydreamchannel
1264	xds9nEEZNNg	short	other	36661	เพราะมากกกก ✨😍 #มินนี่ #gidle #goynattydreamchannel
1265	U4SOgP0FhMM	short	other	36448	เคยโดนด่า "ร้องเพลงได้สยองขวัญมาก"#goynattydreamchannel
1266	2O7XJMBAE0Q	short	other	36325	T-Thailand ค่า🥰#ก้อยนัตตี้ดรีม #goynattydream #friendsfly #friendsflyth
1267	GyzcPhVqH7g	long	other	36172	เลียนแบบคนใน DMD จะทายกันถูกไหมม#MyAmbulove #KengNamping #เก่งน้ำปิง #ก้อยนัตตี้ดรีม #goynattydream
1268	u7UT1hS-e3o	short	other	36151	เป็นเพื่อนกันถอะน้า บอสขอร้อง#Friendsflyth #วาเลนไทน์ #goynattydream #ก้อยนัตตี้ดรีม
1269	HMStVJtx-aQ	short	other	35854	ไหนแววตาเจ้าชู้มันยังไงน้าา #ไอซ์พิมมา #goynattydreamchannel
1270	kCz97YChWnA	short	other	35829	Bare Minimum or Princess Treatment 👑ฉบับสองหนุ่ม ไบร์ท - กลัฟ 🧐#goynattydreamchannel
1271	0fGhPRpXMro	short	other	35828	Choose Me | OFFICIAL TEASER - GOYNATTYDREAM
1272	w-2uvp7eN_c	short	other	35641	ไหนดูสิ้ จะเป็นยังไง#Sunflower #ทานตะวัน #Goyarachaporn #GoyNattyDream
1273	Mujt9NHZnrs	short	other	35410	เมื่อก้อยวิ่งแก้บนไม่ครบ! 😱 #goynattydreamchannel
1274	-GuZXoBJ5mA	short	other	35376	เมื่อเพื่อนผู้ชายต้องมาชมกัน #goynattydreamchannel
1275	4j7RmQRkwHw	short	other	35111	ต้องเจอเบลล่า!!! #เบลล่าราณี #ยังไงไหนเล่า #goynattydream
1276	l3Osk9rlpj0	short	other	35104	คลินิกจัดฟันใกล้ฉัน!! 😳❤️‍🔥 #ลืมเวลา #GoyArachaporn
1277	rULnROnYE5o	short	other	35088	ต่อเพลงที่มีคำว่ารัก ฉบับ หวาน100%🩷🤟🏻#goynattydreamchannel #myambulove #ไอซ์พาริส #pimma_pixxie
1278	K9NWyEcb26U	short	other	35037	ไม่ได้รับใครเป็นเพื่อนง่ายๆ #goynattydreamchannel
1279	ahckzEdORUk	short	other	34841	3ข้อที่ปันปันอยากทำ#ปันปันสุทัตตา #punpun_sutatta #ก้อยนัตตี้ดรีม #goynattydream
1280	AB0XrQ1fw-s	short	other	34425	ได้เวลาเติมเน็ตมาดูคนรักกันแล้วค่าา อิอิ 🤭 ￼ #ลืมเวลา #GoyArachaporn
1281	GxXuXginvVc	short	other	34344	เบื้องหลัง MV “ลืมเวลา“ มาแล้วค่า ❤️‍🔥🥹 อย่าลืมไปดู MV กันเยอะๆน้าา #ลืมเวลา #GoyArachaporn
1282	at16AM46a7w	short	other	34337	ถามเร็วตอบเร็ว กับเบลล์ #goynattydreamchannel
1283	J7mHlNaeXxA	short	other	34319	สมาชิกเตรียมตัว😅🍻#ยังไงไหนเล่า #แพรวาณิชาภัทร #goynattydream
1284	xLUy1xBJJBY	short	other	34188	พูดชื่อดาราชาย ห้ามซํ้า!! #GNDOuting2025 #goynattydreamchannel
1285	5xldQRRa25I	short	food	34173	เมนูแปลกของกิต ราดหน้ากับข้าวสวย! #goynattydreamchannel
1286	sRJ0E_QaF7E	short	other	34055	อาร์มโอฮาน่าจะตอบไหม?!😂 #ohana #อาร์มโอฮาน่า #ถ้าหนูรับพี่จะรักป่ะ #ก้อยนัตตี้ดรีม #goynattydream
1287	9oh39XykNjg	short	other	34044	ประเทศที่ชีวิตนี้ต้องไปสักครั้ง! #goynattydreamchannel
1288	zG3qiHoW0rg	short	other	33989	The Face ทะเลาะกันจริงไหม?! #goynattydreamchannel
1289	TucsbD_V_Sw	short	other	33870	ทำผิดแล้วขอโทษเลย น่าร้ากก#KTkratae #MyAmbulove #goynattydream #ก้อยนัตตี้ดรีม #โตชิกระแต
1290	8THJQEBTcl8	short	other	33862	เหตุการณ์ที่โรแมนติกที่สุด ของ ชินลิลลี่💕💕#ลิลลี่ภัณฑิลา #ชินชินวุฒ #myambulove #ep6 #goynattydream
1291	xd6CKqGgMg0	short	other	33836	GEN Y ทายคำศัพท์ GEN Z #goynattydreamchannel
1292	uPrFUqhcWK4	short	other	33785	สร้างบ้านให้เวิร์ก ต้องสร้างจากนิสัยผู้อยู่ #goynattydreamchannel
1293	OlHLvZ-Sufk	short	other	33770	ทาย “น้ำหอม” ถูก vs แพง Dupe ของจริง !! #goynattydreamchannel
1294	ih0kklF_euk	short	other	33669	ถึง คนที่ “ตอบไลน์ช้าแล้วงอน” #goynattydreamchannel
1295	grXBt1m57xQ	short	other	33609	แล้วเพื่อนๆคิดว่าใครน่ากลัวที่สุด??#myambulove #มีนดรีม #มีนพีรวิชญ์ #dreamapichaya #ก้อยนัตตี้ดรีม
1296	5fyhbDCrMqM	short	other	33507	คู่ดรีม-นัตตี้จะทายใจกันแม่นแค่ไหน??#ก้อยนัตตี้ดรีม #goynattydream #karnfoei #กานเฟย #ปล่อยกูไป
1297	SKLvpKtWAqw	short	other	33498	เป็นแฟนเกรท = ยิ่งกว่าโชคดี! #goynattydreamchannel
1298	SQt_XdLAFXM	short	other	33451	เห็นอย่างงี้ผมเรียบร้อยนะค้าบบ🤓✅#CarราCarซัง #ก้อยนัตตี้ดรีม #urboytj #gavind #goynattydream
1299	HuhRjpySL5c	short	other	33448	ก้อยนัตตี้ดรีม พาไปส่องเบื้องหลังการถ่ายทำตลก 6 ฉาก! เอ็กซ์คลูซีฟสุดๆ#ก้อยนัตตี้ดรีม #GoyNattyDream
1300	Vsgns4L8dZM	short	other	33415	เที่ยวแบบธรรมดาก็ไม่ใช่แก๊งเราสิค้าา ไหนปกติทุกคนไปเที่ยวเล่นเกมอะไรกันอีกบ้าง #ก้อยนัตตี้ดรีม
1301	zQGwKgVHnuw	short	travel	33397	ดรีมเที่ยวเวียดนามคนเดียว จะรอดไหม!!!😳#ดรีมอภิชญา #เวียดนาม #goynattydreamchannel
1302	OMFJA97KFOk	short	other	33248	เทคนิคโมโหแฟนแบบพี่ธนิน #goynattydreamchannel
1303	CVVt5_CDINc	short	other	33046	เบลล่าทำงานหนักแค่ไหน? จนลืมตัวเอง!! #ยังไงไหนเล่า #เบลล่าราณี #เบลล่า
1304	4qE_X3ma-oA	short	other	33028	ไหนขอแอบส่องหน่อยสิ้ 👀 #goynattydreamchannel
1305	k3UVi8WzeDE	short	other	32867	เรื่องเงินทำเสียเพื่อน!!#ปันปันสุทัตตา #punpun_sutatta #ก้อยนัตตี้ดรีม #goynattydream
1306	l_tVAxULZes	short	other	32837	เจอกันแฟนมีต 6 May แล้วมาเมารักด้วยกันน้าา🍾💘#GNDDrunkInLove #goynattydream
1307	ouXytpfQ6-o	short	other	32816	รีวิวผับที่แพงที่สุดในเซี่ยงไฮ้ #goynattydreamchannel
1308	A6uvHFgdGio	short	other	32782	จับคู่ได้ถูกต้องเพื่อนๆว่างั้นมั้ยค้า🤣#guyharufamily #3ยอดกุมาร #ก้อยนัตตี้ดรีม #goynattydream
1309	oiVQjWuC2Nw	short	other	32706	ยังไง? โอบโดนแซวยับ!🤣#โอบเลดี้ปราง #เลดี้ปราง #โอบนิธิ #ถ้าหนูรับพี่จะรักป่ะ
1310	tNXrtZDNIIs	short	other	32455	เดินป่ามันทำไมหล่ะดรีม! #goynattydreamchannel
1311	YuBmLVhf6ts	short	other	32409	ล้วงลับความในใจ!!🤨 #Friendsfly#บอสสอก #รีวิวเหล้า #มาดากัสการ์ #goynattydream
1312	A5lvpmSq-C4	short	other	32406	ไหนคนเจ้าชู้ แถวนี้ไม่มีน้าา👀#ก้อยนัตตี้ดรีม #goynattydream #GELBOYS2ตกอยู่ในสถานะติ่งแฟน #GELBOYS2
1313	YBLPSIEXXd0	short	other	32318	เราซัพพอร์ตเพลงนายนะเจฟ🪐#CarราCarซัง #ก้อยนัตตี้ดรีม #goynattydream #เตตะวัน #ต้าห์อู๋
1314	3SV_3258gmM	short	other	32180	มีทางม้าลาย มีไฟจราจร แต่ข้ามไม่ได้😅😅😅 ดรีมควรทำยังไงดีค้าทุกคนนน#ก้อยนัตตี้ดรีม #GoyNattyDream
1315	xCl8AIuIUTo	short	other	32074	คุณแม่มือใหม่#friendsflyth #goynattydream #ก้อยนัตตี้ดรีม
1316	1PJzrwT1-wk	short	other	32043	ใครจะได้แต่งงานคนต่อไปน้าา👀💍#Sunflower #ทานตะวัน#goyarachaporn #goynattydream
1317	wWEM80V6ldo	short	talk	32022	คุยความรักกับ ChatGPT คนที่เหมาะกับก้อยในช่วงนี้ก็คือออ...#กรุงศรีแอปใหม่ #สมาร์ทกว่าชีวิตก็ง่ายกว่า
1318	z3icr4pbn9M	short	other	31863	ความรักในวัย17ของมิย่า!! #ยังไงไหนเล่า #มิย่าทองเจือ #มิย่า
1319	V-2-EYQBgl8	short	other	31795	มากับผู้ชายจะขี่เอง หรือ นั่งซ้อน #goynattydreamchannel
1320	mXTr44NiiBg	short	other	31791	ศิลปินหรือขนมครก หยอดเก่งไม่ไหว #goynattydreamchannel
1321	M4fjyVUa0p0	short	other	31550	ประวัติศาสตร์ได้จารึกนัตตี่แล้ว!! 😂 #goynattydreamchannel
1322	g45Ctcj08Fk	short	other	31543	ชื่อไทยของ (G)-IDLE !!! #goynattydreamchannel
1323	JUJRxyNxoa8	short	other	31543	บอสตันหวานมดขึ้น😚💖#ก้อยนัตตี้ดรีม #goynattydream
1324	Hw3BkbqGK3M	short	other	31306	แหนะมาเบล!👀 #ยังไงไหนเล่า #มาเบล #มาเบลpixie #goynattydream
1325	ZrsreQtaHHM	short	other	31264	พี่ก็ไม่ได้หัวร้อนขนาดนั้นนะ#CarราCarซัง #ก้อยนัตตี้ดรีม #goynattydream #เตตะวัน #ต้าห์อู๋
1326	dx98Ac7texI	short	other	31237	ศึกนี้ไม่มีใครยอมใคร#ก้อยนัตตี้ดรีม #GoyNattyDream #nattynantanat
1327	y8pZv1pKsCs	short	other	31053	ตัวแม่ขอชาเลนจ์! คารีสาจะทายถูกกี่ข้อ 👀#คารีสา #carissa_spg #ก้อยนัตตี้ดรีม #goynattydream
1328	Z01ZEZfc8Xo	short	other	31026	เบื้องหลัง MV ชาวช่องทำอะไรกันบ้าง??#วันนั้นของเดือน #GoyArachaporn #VioletteWautier
1329	eE04x2gXVr4	short	other	30943	เมื่อต้องเลือกระหว่าง แม่ กับ แฟน #goynattydreamchannel
1330	RWJCtnux9UQ	short	other	30941	ถ้าโดนจีบแบบนี้ ตอบยังไงดี #goynattydreamchannel #friendsflyth
1331	at57agmTtro	short	other	30927	One Last Ride Fan Meeting Concert การเดินทางครั้งสุดท้ายของ ถ้าหนูรับพี่จะรักปะ
1332	J0U4cjx-Fvg	short	other	30916	มันเป็นยังไงไปดูกัน!!!! #ศิธา #แด๊ดดี้สายฟาด #goynattydream #ก้อยนัตตี้ดรีม #ถ้าหนูรับพี่จะรักป่ะ
1333	Fpz6bEsPp_g	short	other	30910	ถ้าเลือกได้ ขอเลือกก๋วยเตี๋ยว#มื้อสุดท้ายก่อนตาย #goynattydream #ก้อยนัตตี้ดรีม #โบกี้ไลอ้อน
1334	Qo9haIaqugA	short	other	30893	เหตุผลที่คนมาสายชอบใช้! #goynattydreamchannel
1335	MFY6x7Cup1g	short	other	30854	คลั่งรักกระทิง จนแต่งเพลงให้ #goynattydreamchannel
1336	ujfW2p011q8	short	other	30803	เอ๊ะ ทำไมฟังแล้วแปลกๆ#ใบเฟิร์นพิมพ์ชนก #BaifernBah #ก้อยนัตตี้ดรีม #goynattydream
1337	C3Ig_442Dug	short	other	30702	ชู้มีพิรุธตรงไหน ไม่มี๊🤣 #เกมจับชู้ #เทพลีลา #goynattydreamchannel
1338	hp_8D_p612E	short	other	30688	เมา=?#friendsflyth#นัตตี้นันทนัท #ดรีมอภิชญา #ก้อยอรัชพร #วีวิโอเลต #น้ําหอมนาราดา #บอสสอก
1339	bNRaee658lQ	short	other	30556	ฉันรู้ดีจะผ่านได้ทุกอย่าง🤍 #วันนั้นของเดือน #goyarachaporn #violettewautier
1340	k5mXi7u6i7Y	short	other	30516	2026 อยากเจอหน้าใครคนแรก?#goynattydreamchannel #friendsflyth
1341	MRqhubQXF34	short	other	30492	ไม่ได้ตั้งใจน้าาพี่เฟิร์น#ใบเฟิร์นพิมพ์ชนก #BaifernBah #ก้อยนัตตี้ดรีม #goynattydream
1342	49AdByPt04k	short	other	30457	อายุ 32 มีเอมวีเป็นของตัวเอง #Sunflower #ทานตะวัน #Goyarachaporn #GoyNattyDream
1343	PsvK4atcQnI	short	other	30438	พูดเรื่องตัวเองแต่มีคนสะดุ้งแรง 😂 #goynattydreamchannel
1344	hoRBZ7hYtKE	short	other	30421	แล้วคู่นี้เค้ามีใจให้กันอ๊ะป่าว?? #เพิร์ธวีริณฐ์ศรา #เทศน์ไมรอน #สกุณาซ่อนรัก #tatemyron #perthkvsr
1345	yyKDMqr1WOM	short	other	30374	น้ำจิ้มยังขนาดนี้ แล้วถ้าเป็นน้ำเมาวันแฟนมีตจะขนาดไหน🥂😝#GNDDrunkInLove #goynattydream
1346	GoG5w5mZ1X8	short	other	30272	ล็อคเป้าหมายเป็นคนนี้มาตั้งนานแล้ว☺️💖#MyAmbulove #ก้อยนัตตี้ดรีม #goynattydream #blejie #เบิ้ลจี่
1347	ZvlWDkbKkyk	short	other	30260	เวรกรรมของดาร์ลิน 🥹😂 #goynattydreamchannel
1348	RgZ_wpARtjA	short	other	30129	ทะเลาะกัน! จนต้องไปหาถึงบ้าน #goynattydreamchannel
1349	xvN4YgJGfak	short	other	30090	โอฮาน่าที่แปลว่าบันเทิง🤣 #ohana #บริษัท #อาร์มohana #ถ้าหนูรับพี่จะรักป่ะ #goynattydream
1350	1uEeqd-T4CQ	short	other	30055	Friendsfly x สิ่งที่ได้ไปต่อ 2026 #goynattydreamchannel #friendsflyth
1351	81RBdKfFPNQ	short	other	30045	เหตุผลที่ผู้หญิงมักจะงอน #goynattydreamchannel
1352	I4aulyikgUM	short	other	30020	ถูกขอเป็นแฟนในวงเหล้า! #goynattydreamchannel
1353	xtaIZS6T07c	short	other	29926	ถ้ามาร์ชต้องเตือนโบว์ อาเล็กเตือนเยลลี่ #goynattydreamchannel
1354	23tbhLKgSUg	short	other	29755	ช้าหน่อยแต่ถึงแน่#ก้อยนัตตี้ดรีม #GoyNattyDream
1355	Nq8S051qjro	short	other	29724	โดนปะแป้งจนคนจำหน้าไม่ได้!!#dreamapichaya #มีนพีรวิชญ์ #ก้อยนัตตี้ดรีม #goynattydream
1356	M1CDJdTBXCY	short	other	29642	มีเวลาให้แน่นอนค่าา#แจ็คกี้ชาเคอลีน #น้ําตาลพิจักรขณา #CarราCarซัง #goynattydream #ก้อยนัตตี้ดรีม
1357	w0AN2BFWTno	short	other	29547	อย่าไปกลัวเวลาที่ฟ้าไม่เป็นใจ ก้อยร้องเพลงให้คุณแม่❤️ #ก้อยอรัชพร #OneLastRide #goynattydreamfanmeet
1358	wqzqidXjbX0	short	food	29421	ร้านอาหารไทยในตปทจะต้องเลือกจากอะไร?? #ก้อยนัตตี้ดรีม #goynattydream #nattynantanat
1359	RUhNdN28s1Y	short	other	29371	ห้องลับสำหรับต่อขนตา👁️👁️#ก้อยนัตตี้ดรีม #goynattydream #friendsfly #friendsflyth
1360	AAEqbWnpdxs	short	other	29332	ฟังไปฟังมา เอ๊ะถามหรือด่า 😂#ก้อยนัตตี้ดรีม #goynattydreamchannel #ถ้าหนูรับพี่จะรักป่ะ #มีนพีรวิชญ์
1361	fKcJHXcOHmM	short	other	29257	ภูมิบอส หรือ บอสภูมื#uppoompat #poompps #UpPoom #goynattydream #ก้อยนัตตี้ดรีม
1362	2hgptN02TmI	short	food	29189	เมื่อเห็นก้อยกินข้าวกับผู้ชาย #goynattydreamchannel
1363	SQAZrV6eszY	short	other	29123	ให้คะแนนความรู้ใจของสองคนนี้เท่าไหร่ดีค้าา??🤔🤔#ก้อยนัตตี้ดรีม #goynattydream #karnfoei #กานเฟย
1364	hCC3i4F8cqY	short	other	29110	คำต้องห้ามคือคำว่า“เลิก”#KTkratae #MyAmbulove #goynattydream #ก้อยนัตตี้ดรีม #โตชิกระแต
1365	4rgvBHS6cw8	short	other	29017	เปิดเทปแรกด้วย เก้าจิรายุ!! มื้อสุดท้ายก่อนตาย!!! #มื้อสุดท้ายก่อนตาย #เก้าจิรายุ
1366	LdjPRsjBC9U	short	other	28977	ยังไงจ๊ะพ่อหมี!!🫣 #โอ๊ตปราโมทย์ #แฟนใหม่ #พิชญ์กาไชย #พลอยหอวัง #goynattydream #พ่อหมี #Thedriver
1367	PUCtwNcp9I4	short	other	28975	สิ่งที่ทำอยู่ใช่ความสุขจริงไหม?#มื้อสุดท้ายก่อนตาย #goynattydream #ก้อยนัตตี้ดรีม #โบกี้ไลอ้อน
1368	1LsZWiLUJ6Q	short	other	28958	กรือโป๊ะะะ!!!😂 #รีวิว #กรือโป๊ะ #ก้อยนัตตี้ดรีม #แอมมี่ #ไปค่ะพส #ปัตตานี #goynattydream
1369	haXrKeq9HSM	short	other	28952	ใจเย็นขึ้นแล้วครับบ #ก้อยนัตตี้ดรีม #goynattydream #เจ้านายจินเจษฏ์ #JAONAAY
1370	0tMvSp1SkBE	short	other	28923	เกิดแต่กับก้อย (อีกแล้ว) #goynattydreamchannel
1371	v0yFl6qNtgA	short	other	28892	เมื่อเพื่อนอยากขับเรือ.... #goynattydreamchannel
1372	wRQRC4ZSlCs	short	other	28864	จำและนำไปใช้ค่าา🤣🤣#ก้อยนัตตี้ดรีม #goynattydream #vlog
1373	GD1RR55DZws	short	other	28768	รูปสวยมากกก #goynattydream #ก้อยนัตตี้ดรีม #นัตตี้นันทนัท #พรีเวดดิ้ง
1374	JU3KuApE7H4	short	other	28758	พูดอีกทีสิจ๊าาา😂 #ดรีมอภิชญา #มีนพีรวิชญ์ #goynattydreamchannel
1375	8dR8rAr8v2I	short	other	28580	เพลงนี้แฟนเขาเล่นกันนะ #mopear #โมจิแพรขวัญ #ก้อยนัตตี้ดรีม #goynattydream
1376	_749Rfu5g8s	short	other	28535	เบื้องหลังก่อนขึ้นคอนเสิร์ต นนท์ ธนนท์ #goynattydreamchannel
1377	CKoYTcLV5UQ	short	other	28366	ช็อตฟีลอ่ะ😂 #นนท์อินทนนท์ #ยังไงไหนเล่า #goynattydreamchannel
1378	vo7j_U-9KwI	short	other	28357	รักนะเตงง💖😚#Friendsflyth #วาเลนไทน์ #goynattydream #ก้อยนัตตี้ดรีม
1379	wgQrQP9ZNNI	short	other	28354	นางเอกช่องสาม vs เจ้าหญิงดิสนีย์ #goynattydreamchannel
1380	qak8CqGJR_Q	short	travel	28094	Coffee or tea ดีคะคุณนักท่องเที่ยว#เทศน์ไมรอน #perthkvsr #คาราคาซัง#goynattydream #ก้อยนัตตี้ดรีม
1381	txUKKBHWgbI	short	other	28042	ละครเรื่องไหนจะมัดใจน้ำตาลได้อยู่นะ??#น้ําตาลพิจักรขณา#CarราCarซัง #goynattydream #ก้อยนัตตี้ดรีม
1382	gqyk_Rw7jwE	short	other	28041	นั่งรถที่นัตตี้ขับครั้งแรก รอด หรือ ร่วง!! #goynattydreamchannel
1383	WhnfHUGRSh0	short	other	28016	มนต์รักตู้หู้ #goynattydreamchannel
1384	QWYIs1Izagc	short	other	27802	ยูนาชอบเล้งแซ่บค่าาาา🩷 #ITZY #yuna #goynattydreamchannel #ก้อยนัตตี้ดรีม
1385	O2ZmhsvSOpg	short	other	27761	เทคนิคคบแฟนนาน ต้องไม่คาดหวัง! #goynattydreamchannel
1386	IJ2TFG6dJJo	short	other	27708	มาร่วมแชร์โมเมนต์ที่ไม่เคยจางหายไปกัน🤍 อันนี้ของก้อยเองค่า อิอิ #จางหาย #GoyArachaporn
1387	0D0mwWOgdgo	short	other	27648	ทิม พิธา กลัวตายไหม? #goynattydreamchannel
1388	kX4l7-9uiNI	short	other	27575	เจอครูดี คือ Fast Track #goynattydreamchannel
1389	MqsKBRGGwEs	short	other	27516	มาฟังเบื้องหลังที่พิมประภาหายจากวงการไปถึง 2 ปี เป็นกำลังใจให้พี่พิมกันน้า 💖#ก้อยนัตตี้ดรีม
1390	vent-kpQrnY	short	other	27493	ตัวตนที่แท้จริงของ แน็ก ชาลี เป็นแบบนี้!!!😱 #goynattydreamchannel #แน็กชาลี
1391	Sb0U-CrLEYs	short	other	27490	ถามไวตอบไวคนที่ดีลด้วยยากสุด = นัตตี้!! #goynattydreamchannel #gndouting2025
1392	xDsJ7IIYcm8	short	other	27465	Hormones ยุคแรกของ GL #goynattydreamchannel
1393	-th0EpRCiLI	short	food	27301	คู่หูดูโอ้กินยาก#ก้อยนัตตี้ดรีม #goynattydream #vlog
1394	mHFlUOQy0JI	short	other	27086	เมื่อ Friendsfly ไปเที่ยวใครแต่งตัวช้าสุด #goynattydreamchannel
1395	SA1yu3KGvAg	short	other	27063	วิธีรีพลายสตอรี่คนที่ชอบ!! #goynattydreamchannel
1396	ETFNZkwfk3s	short	other	27056	กระทิงใบเฟิร์นเจ้าตัวรีเควสเองนะค้า😝🩷#คาราคาซัง #กระทิงมีน #ก้อยนัตตี้ดรีม #goynattydream
1397	3-BWKrihX9Q	short	other	27053	พีค รับมือยังไง!!! #พีคภัทรศยา #ยังไงไหนเล่า #goynattydreamchannel
1398	FZr73MYPoCc	short	other	27006	3 คนนี้ ใครเคยจะเลิกทำช่อง #goynattydreamchannel #gndouting2025
1399	AT_WZ0jc8sk	short	other	26951	ใครคือแฟนพันธุ์แท้ Friendsfly #goynattydreamchannel
1400	58k5Zk7C3DM	short	other	26907	ผู้จัดรออะไรคะ GL คู่ใหม่ มาแรงส์#Sunflower #ทานตะวัน #Goyarachaporn #GoyNattyDream
1401	pZrUtCFTqWA	short	other	26835	นิยาม “หล่อเหมือน อาบน้ำวันละสิบรอบ” #GoyNattyDreamChannel
1402	7Zqh7RxK5kw	short	other	26835	พยายามทำให้ดีที่สุด #ก้อยอรัชพร #goynattydream #thedevilwearsprada2 #annehathaway #merylstreep
1403	BEgwhQ9DsrY	short	other	26789	บิวกิ้นน่ารักขนาดนี้จะไม่เขินได้ยังไงกันคะเนี่ย!!😳💖💖 #ซาร่าห์ #บิวกิ้น #ถ้าหนูรับพี่จะรักป่ะ
1404	jIYEnITy8jo	short	other	26679	โดนไก่หยุมหัว 🐓 #goynattydreamchannel
1405	sKIVKotxn_U	short	other	26635	เข้ม-มุกดามีคนเสียอาการจริง!😳 #goynattydreamchannel
1406	tG39fI2Yb_4	short	other	26616	ส่องวิธีจีบบอสสอกของชาวแก๊ง friendsfly !!! มีใครเคยใช้มุกไหนบ้างคะ😂💖#ก้อยนัตตี้ดรีม #friendsfly
1407	akDDzu94ftE	short	other	26596	ทำงานมาหนักครับ🤣#โอ๊ตปราโมทย์#ป๊อบปองกูล #CarราCarซัง#goynattydream #ก้อยนัตตี้ดรีม
1408	q9c_ekCQ490	short	other	26480	ฮวงจุ้ยเรือนหอ!!!!#ฮวงจุ้ย#บ้าน #เรือนหอ #แมน #นัตตี้นันทนัท #แมนนัตตี้ #ก้อยนัตตี้ดรีม
1409	zDL0kHtLAxc	short	other	26465	พี่เบิ้ลคนเก่ง🫳🏻#MyAmbulove #ก้อยนัตตี้ดรีม #goynattydream #blejie #เบิ้ลจี่
1410	-OGjfm2UVBc	short	talk	26431	Q&A with Goyyog #goynattydreamchannel
1411	lHjNqwKw42g	short	other	26369	ความเสียดาย ไม่ได้เล่นจุฑาเทพ #goynattydreamchannel
1412	NhRYWJA-law	short	other	26368	นึกถึงคนเหล่านี้นึกถึง Blush สีอะไร ??#goynattydreamchannel #goynattydream #ก้อยนัตตี้ดรีม
1413	LuZbdwZP_DE	short	other	26212	ความรักอีก 3 ปีพร้อมลงสนาม #goynattydreamchannel
1414	-fbdQ6VUz_M	short	other	26210	อินเดีย 🇮🇳 #goynattydreamchannel
1415	aGfAgGAcHgM	short	other	26209	นัตตี้เธอมันแน่ เธอมันแน่มาตลอด #goynattydreamchannel
1416	Kx_4pZo6oE8	short	other	26148	เจ็บมาเยอะ ขอรักตัวเองก่อน!! #แพรวาณิชาภัทร #ยังไงไหนเล่า #goynattydream
1417	mn-Zeom9xsk	short	other	26121	เชื่อว่าคู่รักส่วนใหญ่ เจอปัญหานี้!! #goynattydreamchannel
1418	J6PMVSP68Jk	short	other	26054	ยังไงไหนเล่าซิ! #ทิมแอฟ #ทิมพิธา #แอฟทักษอร #ยังไงไหนเล่า #goynattydream
1419	s10LEaE50E0	short	food	25930	บักบกเป็นเหตุ!!!!! #goynattydreamchannel #ก้อยนัตตี้ดรีม #ตะลุยกิน #บรรทัดทอง
1420	UtwwwmbW8IU	short	other	25893	Fit Check "ก้อยตี้ดรีม x ปล่อยกูไป" #goynattydreamchannel
1421	SHjVSGYt_qA	short	other	25856	สำหรับเออร์วิน ฝ้ายเก่งที่สุด! 😝 #goynattydreamchannel
1422	6gW9JjhrWbg	short	other	25852	มันเป็นยังไงกันนะไปฟังพี่ซาร่ากันเลยค่า #ซาร่าห์ #Sexualharassment #sarahsalila #คุกคาม #ซาร่าห์
1423	BtBy7lDuAig	short	other	25789	ใครเป็นแบบนี้ โสดด้วยความสามารถ #goynattydreamchannel
1424	Kci6QSdDhtI	short	other	25730	ฟังนะตอบ32ไว้ก่อน#ก้อยนัตตี้ดรีม #goynattydream #karnfoei #กานเฟย #ปล่อยกูไป
1425	qFu8HVJfVYs	short	other	25725	ต้องเจอวิจจี้😂😂 #นัตตี้นันทนัท #goynattydreamchannel
1426	ZrPCwReBy_U	short	other	25710	แฉ Olympop มีคนไม่เชียร์สีตัวเอง!! #goynattydreamchannel
1427	0PeoYfWAcak	short	other	25630	ก้อยตี้ดรีมแจกอั่งเปาตรุษจีน #short #shorts #ตรุษจีน #chinese #อั่งเปา #GoyNattyDream
1428	671bpIefvag	short	other	25613	แฟนเพลงหรือแฟนพี่ 🥰 #goynattydreamchannel
1429	sJLt3R61xRk	short	other	25607	Friendsfly การละครกระจกจ๋าาาา ใครงามเลิศในปฐพี!👩🏻‍🦰🍎#Friendsfly #สโนไวท์ #goynattydream
1430	7Zm_SVVjVfY	short	other	25572	ตั้งจะเลือกใครกันนะ😳!? #TANGBadVoice #ตั้งตะวันวาด #ก้อยนัตตี้ดรีม #ถ้าหนูรับพี่จะรักป่ะ
1431	pLVpEw5ij-8	short	other	25515	เก่งแล้วลูกที่ยังจำชื่อพ่อแม่ได้#guyharufamily #3ยอดกุมาร #ก้อยนัตตี้ดรีม #goynattydream
1432	5TEww3gcqW0	short	other	25509	ก่อนเป็นนักร้องเคยเป็นครูมาก่อน #goynattydreamchannel
1433	HtHoWTawgdE	short	other	25442	เซอร์ไพรส์ของแท้!!! โยชิถึงกับตกใจ#myambulove #goynattydreamchannel #โยชิรินรดา
1434	oPCOpsMHCww	short	other	25406	ออกจะตัวแม่🫦#friendsflyth #goynattydream #ก้อยนัตตี้ดรีม
1435	-VWy2A4RBqU	short	other	25389	อ้อนใครได้บ้างค้า😳💘 #minniegidle #ยังไงไหนเล่า #goynattydreamchannel
1436	si4762mW0Qs	short	other	25383	“นาย” จะเดาถูกไหม คำด่าไหนมาจาก “ตรี”#CarราCarซัง #ตรีนาย #ตรีภรภัทร #นายณภัทร#ก้อยนัตตี้ดรีม
1437	RqQIXyoEzXg	short	other	25347	มุมคลั่งรักของ มิ้นท์ I Roam Alone 💖 #goynattydreamchannel
1438	4c2v5aKE5jY	short	other	25238	แจ็คกี้จะทายถูกกี่ข้อ??#แจ็คกี้ชาเคอลีน #น้ําตาลพิจักรขณา #CarราCarซัง #ก้อยนัตตี้ดรีม
1439	8UDfh6nydWk	short	other	25212	สาเหตุที่อ๊ะอายบอกว่าไม่มีคนมาจีบเลย #goynattydreamchannel
1440	qKZqwRlHG6o	short	other	25173	เมื่อดรีมกับมีนพาเพื่อนไปเวิร์กชอปวาดรูป จะออกมาเป็นไงน้าาา 🥳💖#ก้อยนัตตี้ดรีม #มีนดรีม
1441	FzQ0X-k_ABg	short	other	25142	คนไว้ใจที่ร้ายที่สุดด#CarราCarซัง #ก้อยนัตตี้ดรีม #goynattydream #เตตะวัน #ต้าห์อู๋
1442	ziZNcrXC5Xk	short	other	25137	แฟนเข้ากับเพื่อนเราได้ = โชคดีมาก #goynattydreamchannel
1443	Myc30oCDUdw	short	other	25125	เสน่ห์ของณัฏฐ์เป็นแบบนี้นี่เอง💞❗️!!!! #ถ้าหนูรับพี่จะรักป่ะ #ณัฏฐ์กิจจริต #goynattydreamchannel
1444	ZMp0R8zkUN8	short	other	25115	Friendsfly เหมาะกับคนรักแบบไหน 🤭 #goynattydreamchannel
1445	4tI2Y2_6xLs	short	other	25080	แข่งร้องไห้ ภายใน 4 นาที!!! #goynattydreamchannel
1446	BlcsbwsvVAc	short	other	25080	เกม "จ้องตา ทายสี" #goynattydreamchannel
1447	vTmjCwigeIU	short	travel	25076	ทริปฮันนีมูน!! หวานจนมดขึ้นแล้วค่าาา💖#นัตตี้แมน #นัตตี้นันทนัท #สวิตเซอร์แลนด์ #goynattydreamchannel
1448	BCe8E949hb0	short	other	25076	ผมอยากเป็นคนที่ดีขึ้นเพราะเขา#มื้อสุดท้ายก่อนตาย #ณเดชน์ #ณเดชน์คูกิมิยะ #ก้อยนัตตี้ดรีม
1449	0JZx4wpwqpU	short	other	25001	เป็นห้องพักที่ตื่นเต้นตลอดเวลา🤣 #มาดากัสการ์ #Friendsfly #goynattydream
1450	YGtDxcpaOHY	short	other	24998	มันจะมีคนนึง ที่โป๊ะทุกงาน #goynattydreamchannel
1451	nK8J9tuC9O0	short	other	24998	เกม ใครแพ้หมดแก้วว!!🥂#GNDDrunkInLove #goynattydream
1452	UmMPcWZd1bk	short	other	24982	อาจจะตั้งใจแลกพินไปนิส #ก้อยนัตตี้ดรีม #goynattydreamchannel #goynattydream #disneycruiseadventure
1453	AGWQcGqy_bk	short	other	24978	กลั้นสุดชีวิต! 🤣 เกมจับชู้กับน้องๆ PROXIE ออนแล้วนะค้าาา #goynattydreamchannel
1454	w9WAXbMSdr8	short	other	24949	คุณชาย เอ๊ะ อะไรนะ??#ก้อยนัตตี้ดรีม #GoyNattyDream
1455	8vkghOMxrC0	short	travel	24899	มาเที่ยวชิลๆอยู่ดีๆได้ Trekking⛰️#ก้อยนัตตี้ดรีม #goynattydream #vlog
1456	k_Z_4UlgrWc	short	other	24859	จากคนที่เป็นที่รักของทุกคนสู่ดาวจรัสแสง#ก้อยนัตตี้ดรีม #ดาราลัยเดอะมิวสิคัล #DaralaiTheMusical
1457	TqayBFY524Q	short	other	24811	เก้าจำไฝทุกเม็ดบนหน้าเจนได้ #goynattydreamchannel
1458	MppoiD2Gn_I	short	other	24750	มาร์คแอบน้อยใจจูแล้วนะ😣#MyAmbuloveXJuniorMark #GoyNattyDream #ก้อยนัตตี้ดรีม #junniorrs #markjrtn
1459	MnH1rQzgDF8	short	other	24704	ผมอยากเป็น city boy ครับ#LastSupper #phuwintang #ภูวินทร์ตั้งศักดิ์ยืน #ก้อยนัตตี้ดรีม
1460	2TXIrX-jQeE	short	other	24697	ดรีมเมา EP.11 คอปเตอร์ไม้ไผ่มาแว้ว#goynattydreamchannel #friendsflyth
1461	FSItWwbiGOU	short	other	24643	วัยรุ่นเซ็งครับ#ก้อยนัตตี้ดรีม #goynattydream #karnfoei #กานเฟย #ปล่อยกูไป
1462	bGjVzRyTFQo	short	other	24614	ผมโชคดีที่มีแฟนคนนี้ #goynattydreamchannel
1463	zTXoZ9ygnGQ	short	other	24595	ผู้หญิง ไม่มีใครไม่ขี้หึง #goynattydreamchannel
1464	eq2RwpCEZ5c	short	other	24577	ใครจะโคจรยังไงเราไม่รู้ แต่วงโคจรเราเป็นเธอนะ อร้ายย 🫣🤭 #โคจรด้วยรัก #GoyArachaporn
1465	8tee7gmDknI	short	other	24562	หวานเจี๊ยบเลยค่า💞#มีนดรีม #มีนพีรวิชญ์ #ดรีมอภิชญา #gndlonelastride #goynattydreamfanmeet
1466	of8CNI_AyWo	short	other	24490	เพราะเหตุผลนี้ เพื่อน 50 ปีก็ยังไม่เลิกคบกัน #GoyNattyDreamChannel
1467	iaQNak5v0gk	short	other	24461	ถามเร็วตอบเร็ว ภาษาผู้หญิงเป็นแบบนี้จริงหรือไม่? #goynattydreamchannel
1468	ND4XTOyndUo	short	other	24460	จะทะเลาะหรือแก้ปัญหา!!! #ณิชาณัฏฐณิชา #โตโน่ภาคิน #goynattydream #ยังไงไหนเล่า
1469	bnBv2SyI1p0	short	other	24385	แม่มีบุญมาก ที่มีวีเป็นลูก #goynattydreamchannel
1470	6YHgwiogcXQ	short	other	24313	โดนจีบ หรือ จีบก่อน😳 #goynattydreamchannel
1471	_FG4aQEUXK0	short	other	24266	แกล้งทีมงาน รับน้องสักหน่อย! #goynattydreamchannel
1472	fHz0GhAyakQ	short	other	24244	มีน ดรีม บ้านแตกเพราะเกม! #goynattydreamchannel
1473	WlIz-L9ut4Y	short	other	24236	เก่งแบบนี้ ต้องไปแข่งเกมทศกัณฐ์แล้วค่ะน้องแทน#แทนญดา #tanyda #ambulove #GoyNattyDream
1474	JtMKp40oRMc	short	other	24156	จัดแรงก์แฟนชวนไปทำสิ่งนี่!!#ก้อยนัตตี้ดรีม #goynattydream #GNDDrunkInLove #goynattydreamchannel
1475	K6lh5fvFpco	short	other	24085	Friendsfly ถ้าเจอคนหล่อจะทำยังไง #goynattydreamchannel
1476	Za6zOl0Jrw8	short	other	24020	ซีนหวาน #รัศมีแขชาร์เลท #goynattydreamchannel
1477	MbG3_WKMyCo	short	other	23907	อรัชพร ชื่อนี้มีแต่ความแซ่บ 🌶️🔥 #goynattydreamchannel
1478	lpKwx1Bv5j4	short	other	23904	ถามเร็วตอบเร็ว ฉบับวันนั้นของเดือน #GoyArachaporn #VioletteWautier #tonhontantivejakul
1479	p286Ddy8epI	short	other	23873	อัปเดตชีวิต Friendsfly ปี 2025 #goynattydreamchannel
1480	O9R1rcAH91k	short	other	23802	คนนี้ใครน้าาาา!!!😁 #ท็อปแท็ปจิรกิตติ์ #ถ้าหนูรับพี่จะรักป่ะ #ท็อปแท็ป
1481	QxWh9N2LQh8	short	other	23756	￼จะเขินหรือจะขำดีคู่นี้ 😂😂 #ลืมเวลา #GoyArachaporn
1482	BhZ22FIzz1M	short	other	23634	ซีเจอเอมี่ครั้งแรก อย่างกับละคร #goynattydreamchannel
1483	KHNuy8zwGu4	short	other	23626	รองเท้าในตำนาน👟#CarราCarซัง #ก้อยนัตตี้ดรีม #urboytj #gavind #goynattydream
1484	vjCJqCoLIaU	short	other	23624	นุนิว แกก็ปากแข็งเกิ๊นน #goynattydreamchannel
1485	GtoSsEuMbhA	short	other	23621	ถ้าแฟนไม่ถูกกับที่บ้าน เทศกาลจะไปกับใคร? #goynattydreamchannel
1486	AX7PWEbZDVw	short	other	23614	มาเอ้าท์ติ้ง แต่ CEO ไม่เตรียมอะไรเลย #GNDOuting2025#goynattydreamchannel
1487	4l_5pgBON3A	short	other	23590	ข้อดี-ข้อเสียของการมี ฝน เป็นเพื่อนใน 30 วิ!! 🤣 #goynattydreamchannel
1488	f8zMZGYm6M4	short	other	23580	"ความไม่มั่นใจ" เปลี่ยนชีวิตดรีม #goynattydreamchannel
1489	Shfs2o-kV2w	short	other	23535	วันนี้รักกัน พรุ่งนี้อาจจะไม่รักแล้ว #goynattydreamchannel
1490	20rXbuSdwZM	short	other	23524	วิธีจีบสาวแบบเจ้าขุน ให้พนักงานช่วย! #goynattydreamchannel
1491	wiLnQ98dO5M	long	other	23430	แนวเพลงไม่ซ้ำ #ก้อยนัตตี้ดรีม #goynattydream #karnfoei #กานเฟย #ปล่อยกูไป
1492	5OZ29yNCzUI	short	other	23409	แล้วจากแฟนคลับจะกลายเป็นแฟนครับได้ป่าวอ่า👉🏻👈🏻 #โมแพร #MyAmbulove #ก้อยนัตตี้ดรีม #goynattydream
1493	nkdCCjmRun8	short	other	23383	โอ๊ตดีใจที่คบกัน‼️#ก้อยอรัชพร #goynattydream #โอ๊ตปราโมทย์ #ก้อยนัตตี้ดรีม
1494	OnUS0S4EWPY	short	other	23336	มื้อในความทรงจำเด็กนิจุ#ก้อยนัตตี้ดรีม #goynattydream #vlog
1495	juV2AWPS04U	short	other	23274	8 พฤษภาคม 2569
1496	fYJKxrlhmw8	short	other	23250	จังหวะตกหลุมรัก เป็นอย่างนี้ 🥰 #goynattydreamchannel
1497	SBJZLiM2QXc	short	other	23093	8 ก.พ. กากี่ใบ? กาอะไรบ้าง?#เลือกตั้ง69 #ประชามติ
1498	SI9qB3C1GfE	short	other	23092	กับแกล้มยอดฮิตในวงเหล้า! #goynattydreamchannel
1499	vfLoPyH2H5w	short	other	23070	ขอไอจีหน่อยได้มั้ยครับ#ก้อยนัตตี้ดรีม #goynattydreamchannel
1500	HZ4pq_qTsnw	short	other	22951	ตัว ติด หนึบ😚🤟🏻#ก้อยนัตตี้ดรีม #goynattydream #karnfoei #กานเฟย #ปล่อยกูไป
1501	-txnJgUiP94	short	other	22826	"ก้อย อรัชพร" #ตำนานที่ยังมีลมหายใจ #goynattydreamchannel
1502	7sog11rtAQ4	short	other	22780	Deep talk คำถามชีวิตคู่ #goynattydreamchannel
1503	MIz4crgAVtk	short	other	22719	ocean eyes #goynattydreamchannel
1504	nTTEQU_CKU8	short	other	22717	ช่วงเวลา "แหลกสลาย" ของนัตตี้ #goynattydreamchannel
1505	-f1a_nW-6r0	short	other	22647	ศึกระหว่าง แกรนด์ กับ จันจิ เท่านั้น!!! #hermanhisnatty #goynattydreamchannel
1506	9lH38E4Tfl0	short	other	22630	คิดยังไงถ้าลูกอยากเป็น “โสเภณี” #goynattydreamchannel
1507	2DeOmsHfa6Q	short	other	22624	เผลอมองตาฉันดูไหม 👀💘#Sunflower #ทานตะวัน#goyarachaporn #goynattydream
1508	nwQCDQxsJwk	short	other	22612	การกลับมาในครั้งนี้มีความหมายกับเรามากๆ#ก้อยอรัชพร #goynattydream #annehathaway #merylstreep
1509	53kp--1wd4s	short	other	22578	ถามไวตอบไวทีมงานช่องเป็นด้อมกระท้อน!! #goynattydreamchannel #gndouting2025
1510	nSCgnJZbXVc	short	other	22518	Sensitive or Savage#วันนั้นของเดือน #GoyArachaporn #VioletteWautier
1511	ANWkzol5BxM	short	other	22517	โย่วโบร✋🏻#เทศน์ไมรอน #perthkvsr #คาราคาซัง#goynattydream #ก้อยนัตตี้ดรีม
1512	9HzLoOKZZkA	short	other	22515	แฟนเก่า คือ จุดเปลี่ยนชีวิต #goynattydreamchannel
1513	gMQ6SwcMjfE	short	other	22505	จีบได้น้าาาาาา😳💗 #เบลล่าราณี #ยังไงไหนเล่า #goynattydreamchannel
1514	Lk4Fz7A5gV4	short	other	22488	ทุกปัญหาทำให้เราเติบโต💪🏻#CarราCarซัง #ก้อยนัตตี้ดรีม #urboytj #gavind #goynattydream
1515	nTUaXhdWb7I	long	talk	22406	ช่างแต่งน้า EP.9 ช่างพี่ไก่ว่าที่เจ้าสาวป้ายแดง#ช่างแต่งน้า #คาริสา #ก้อยนัตตี้ดรีม #goynattydream
1516	KaimJn72RQU	short	other	22349	เขินอ่าา🫣🫣#อุ้มแบม #oombam #ก้อยนัตตี้ดรีม #goynattydream
1517	OAcXEz01mnU	long	other	22289	เพราะมีกันและกันเราเลยเข้มแข็ง#มื้อสุดท้ายก่อนตาย #goynattydream #ก้อยนัตตี้ดรีม #โบกี้ไลอ้อน
1518	EqMgOfomcE8	short	other	22288	เออร์วิน - ฝ้าย แต่งงานกันเถอะ!! 😳😳😳 #goynattydreamchannel
1519	NtvIZv_iwVE	short	other	22268	จุดที่กดดันตัวเองของณเดชน์#มื้อสุดท้ายก่อนตาย #ณเดชน์ #ณเดชน์คูกิมิยะ #ก้อยนัตตี้ดรีม #goynattydream
1520	u0_LCPFfDOk	short	other	22265	ถ้า ก้อยตี้ดรีม & ปล่อยกูไป เรียนห้องเดียวกัน #goynattydreamchannel
1521	O5stC33IkyY	short	travel	22250	ธรรมชาติ VS เที่ยวห้าง เลือกเดทที่ไหน #goynattydreamchannel
1522	StbSRqMLhX0	short	other	22213	ก่อนเป็นนักร้องเคยเป็นครูมาก่อน #goynattydreamchannel
1523	tnxXyCp7OQE	short	other	22184	ข้อนี้ใครจะเดาถูก ??!#ก้อยนัตตี้ดรีม #goynattydream
1524	oHp_zycL5Es	short	other	22102	จะทักก่อนมั้ยน้าาา👉🏻👈🏻🌈🩷#ไม่ทักก่อน#goynattydream#dreamapichaya
1525	LbSU3LCaLak	short	other	21989	เปิดเฟรนด์ชิปมา เจอแต่ “ขอให้มีแฟนฝรั่ง” #goynattydreamchannel
1526	dyNnUhamvCw	short	talk	21947	แล้วเพื่อนๆคิดว่าใครคุยด้วยง่ายสุดบ้างง??#ปะทะCEO #goynattydream #ก้อยนัตตี้ดรีม
1527	uTU25sv-UN8	short	other	21936	เมื่อดรีมมาบอกแม่ว่าท้องก่อนแต่ง! แม่จะว่าไงบ้าง ไปดู! #ก้อยนัตตี้ดรีม #goynattydreamchannel
1528	gktfMLFQUzY	short	other	21889	ดื่มก่อนเครียดทีหลัง #friendsflyth
1529	FYsMmoQYV9s	long	talk	21882	ช่างแต่งน้า EP.8 ช่างน้ำหอมรีเทิร์น! ความแซ่บอัปเกรด#KerastaseThailand #GenesisTH #ก้อยนัตตี้ดรีม
1530	_Qu4FDBcUTM	short	other	21870	เลิกชอบสีชมพูเพราะโดนด่า ปลอม! #goynattydreamchannel
1531	nysv3QpN1PQ	short	other	21869	โปรเจกต์แทกุกไลน์ ที่ (อาจจะ) เกิดขึ้น!! #goynattydreamchannel
1532	iR9f4pWnK3Y	short	other	21837	คนที่เพื่อนในวง “เคยหมั่นไส้”#goynattydreamchannel
1533	htjxXIKvbIE	short	other	21812	เก็บใหม่อาจจะเหนื่อยน้อยกว่านะค้าา🤣🤣#ก้อยนัตตี้ดรีม #goynattydream #karnfoei #กานเฟย #ปล่อยกูไป
1534	x9N6U5hz9T0	short	travel	21810	แชร์ทริค เที่ยวสวิสด้วยตัวเอง 🌟 #นัตตี้แมน #นัตตี้นันทนัท #สวิตเซอร์แลนด์ #goynattydreamchannel
1535	KFb4wx_13gg	short	other	21775	เจษฎ์พิพัฒจะแพรวพราวไปถึงไหนค้าาาา😳 #เจษฎ์พิพัฒ#สกิล #เมื่อเจอคนที่ชอบ #ถ้าหนูรับพี่จะรักป่ะ
1536	YW0pSCjpbFo	short	other	21675	ร้องเพลงหรือบอกความในใจ 😍 #goynattydreamchannel
1537	OlA5fQwmvS0	short	other	21664	Introducing B*TCH WITH BRAIN
1538	-5UC73Ti9YA	short	other	21579	เจอกันวันแรกเป็นแฟนกันเลย! 😵 #goynattydreamchannel
1539	1mBR06aHHzA	short	other	21558	ถ้าเจอคนรักแบบนี้ จะไปต่อหรือพอแค่นี้? #goynattydreamchannel
1540	uBbnjLox7OI	short	other	21557	บอสวี จะเป็นไปได้ไหม#Sunflower #ทานตะวัน #Goyarachaporn #goynattydream
1541	o2J3zdPkL4g	short	other	21550	รอดตายเพราะ FC ขาหื่น! ขอบคุณพี่แพงและบุญคุณจากพี่นิกกี้มากๆนะคะะะ 😭💖💖💖#ก้อยนัตตี้ดรีม
1542	BpTmVwpHiR4	short	other	21536	มองพี่เป็นไอดอล #มื้อสุดท้ายก่อนตาย #goynattydream #ก้อยนัตตี้ดรีม #โบกี้ไลอ้อน#bowkylion
1543	4g7-YFq2ooM	short	other	21524	tier list ของคนเลี้ยงน้องหมา🐶#ก้อยนัตตี้ดรีม #เจ้านายจินเจษฏ์ #JAONAAY #โกฮังหัวใจโกโฮม
1544	WJx10o5AQRg	short	other	21522	ตายแล้วว ไหนเผามาเลยจู#MyAmbuloveXJuniorMark #GoyNattyDream #ก้อยนัตตี้ดรีม #junniorrs #markjrtn
1545	wfoN82PjPtQ	short	other	21517	ถามเร็วตอบเร็ว กับเต๋อใหม่
1546	TdZeqkbUu0g	short	other	21453	ข้อดี-ข้อเสียของการมี นินิว เป็นเพื่อนใน 30 วิ!! 🤣🥊 #goynattydreamchannel
1547	r605-r8sqyo	short	other	21451	นี่ยังไม่เกร็งนะครับ#Sunflower #ทานตะวัน #Goyarachaporn #GoyNattyDream
1548	XBfuiBXy0fg	short	other	21373	สาบานว่าจะทำทุกอย่างให้เธอภายใน 4 นาที😳 เจอเจษไบเบิ้ลกับมิชชั่น 4 นาทีได้ทางช่องยูทูป
1549	gsKkQhxLFDE	short	other	21355	ผู้ชายเจ้าชู้ฟังไว้! #goynattydreamchannel
1550	q_0osEqU-HA	short	other	21311	อะไรที่ทำให้รู้ว่าคนนี้คือแม่ของลูก! #ก้อยนัตตี้ดรีม
1551	oBdZgbF-q7g	short	other	21224	ถ้าเป็นไปได้อยากมีลูก#LastSupper #phuwintang #ภูวินทร์ตั้งศักดิ์ยืน #ก้อยนัตตี้ดรีม #goynattydream
1552	ES1Jr63qzIc	short	other	21206	ขอไปเที่ยวนะคะแม่#MyAmbulove #ก้อยนัตตี้ดรีม #goynattydream #blejie #เบิ้ลจี่
1553	nevNgO7pGyU	short	other	21163	ว่านรู้ใจป๊อบแค่ไหน #goynattydreamchannel
1554	vkshDAkHJrk	short	other	21161	เมื่อFriendsfly บุกผับเกาหลี!!!🥳#friendsflyth #ผับเกาหลี
1555	J94uS5PpmA8	long	talk	21158	ช่างแต่งน้าEP.11ช่างปันวินิจกับเทคนิค Longevity#วารีร้อยศพ #DisneyPlusTH #ปันปันสุทัตตา #ช่างแต่งน้า
1556	Hq5BC2h6sDk	short	other	21156	ช่วยยกของ Stand Out ของจริง#คาราคาซัง #กระทิงมีน #tingmeen #ก้อยนัตตี้ดรีม #goynattydream
1557	WAvXVVN13ho	short	other	21096	เหตุผลที่อยู่ด้วยกันมา 5 ปี #ก้อยนัตตี้ดรีม #ซีนุนิว #myambulove
1558	4kbzzlkLIYs	short	other	21096	หลิง-ออม ชอบกันเพราะ… 💘🫣 #goynattydreamchannel
1559	UwnnBJPcHxw	short	food	21089	วิธีจีบสาวในร้านเหล้า 🍺 #goynattydreamchannel
1560	ZWSGbWZ5veg	short	other	21054	เกิดวันเดียวกัน นี่มันเนื้อคู่!! #goynattydreamchannel
1561	lIklzgpxGZ8	short	other	21041	ก้อยนัตตี้ดรีม ลองทำท่าพับเป็ด #goynattydreamchannel
1562	WNboVXYSDnk	short	other	20996	คอนเสิร์ตน้องดรีม ที่ไม่ใช่ NCT 🤣 #goynattydreamchannel
1563	ePH4sHiH7v0	short	other	20979	วิธีง้อแฟนฉบับหนุ่มๆ Tattoo Colour #goynattydreamchannel
1564	2P2M8az4m5k	short	other	20978	วิถีตัวแม่อ่ะเนาะ😂 #ยังไงไหนเล่า #goynattydreamchannel #ต้นหอมศกุนตลา
1565	54uykN4a-C4	short	other	20975	เหตุผลที่ไม่อยากได้ดอกไม้วันวาเลนไทน์ #goynattydreamchannel
1566	zsnOXGcLFLk	short	other	20882	1 คนทุกข์ 2 คนแฮปปี้#โอ๊ตปราโมทย์#ป๊อบปองกูล #CarราCarซัง#goynattydream #ก้อยนัตตี้ดรีม
1567	UEsgA0YVedI	short	other	20862	เล่น APT เวอร์ชั่นคนไทย #goynattydreamchannel #friendsfly
1568	sxicTf1oi_s	short	other	20844	ปฏิเสธแฟนยังไง ไม่ให้ทะเลาะ? #goynattydreamchannel
1569	VADd1w316SI	short	other	20760	ระวังกุ๊กนะจ๊ะสาวๆ👻#ก้อยนัตตี้ดรีม #goynattydream #karnfoei #กานเฟย #ปล่อยกูไป
1570	MAjQvccx9DI	short	other	20733	ให้กำลังใจด้วยนะค้า เก่งมั้ย🥹💖#ก้อยอรัชพร #ก้อยนัตตี้ดรีม #goynattydream
1571	fukAbsYMQJU	short	other	20713	เลิ่กลั่กสุดๆ เมื่อเฟย์ดูหนังโป๊กับ… 😂 #ก้อยนัตตี้ดรีม #goynattydreamchannel #kamikaze #ffk
1572	71REdImwdRI	short	other	20696	พูดเลยว่าจะไม่ทำให้คนดูผิดหวังค่าา 👀❤️#ก้อยนัตตี้ดรีม #goynattydreamchannel #ถ้าหนูรับพี่จะรักป่ะ
1573	eZATn0RO3ek	short	other	20691	เปิดกระเป๋า "ก้อยนัตตี้ดรีม" #goynattydreamchannel
1574	q7ItVQBhPM0	short	other	20673	มิชชั่นเดินให้ไม่เปียกในวันสงกรานต์ #ก้อยนัตตี้ดรีม
1575	PVnP0DCI-Ss	short	other	20642	คำเดียวเสียวสันหลังเลย🥶#MyAmbulove #ก้อยนัตตี้ดรีม #goynattydream #blejie #เบิ้ลจี่
1576	_FnD9pNBJw0	short	other	20614	จะเต้นพี่ต๋อยย!!! #goynattydreamchannel
1577	lRk1s37BtBE	short	other	20585	หมอดูแนะนำปากไม่ดีให้ขูดหินปูน 😂 #goynattydreamchannel
1578	RnEqIaO_MQ4	short	other	20540	ตัวแม่แห่งวงการมูเตลู #goynattydreamchannel
1579	zavK69qtIGw	short	other	20510	เพื่อผู้ชาย เราทำได้!! #goynattydreamchannel
1580	LBYlkoHyVJE	short	other	20486	ผมมองเขาหล่อตั้งแต่สวนกุหลาบ #goynattydreamchannel
1581	G2tKd56h6Rc	short	other	20467	รอเธอทักฉันก่อนได้มะ🙈🩷 #ไม่ทักก่อนdancechallenge #dreamapichaya #goynattydreamchannel
1582	Xedaw66okOU	short	other	20456	ใจกลางสุขุมวิทนะจ๊ะ!🤭#ก้อยนัตตี้ดรีม #goynattydream #ใจกลางสุขุมวิท #outing
1583	ffzLBgepxOA	short	other	20384	ไม่เหงานะ🤭🤭 #ก้อยอรัชพร #เมืองลาว🇱🇦 #goynattydreamchannel
1584	ng5mAeU0XAM	short	other	20371	ขออยู่ข้างๆ 👉🏻👈🏻 #goynattydreamchannel
1585	Rq7fybA4Yac	short	other	20367	คำถามสำหรับคุณผู้ชาย“เจ้าชู้ คืออะไร?” #goynattydreamchannel
1586	iXvQnFnGrZY	short	other	20349	เรื่องอะไรเราต้องแพ้!!#ก้อยนัตตี้ดรีม #goynattydream #vlog
1587	dvUecIYt8g0	short	other	20247	แอมมี่มาเซอร์ไพร์สในงาน!!#GNDDrunkInLove #goynattydream #ก้อยนัตตี้ดรีม #friendsflyth
1588	4xHHkmL0KNM	short	other	20210	เมื่อก้อย นัตตี้ ดรีม และวิน มาส่งลูกรักวิ่งแข่ง จะรอดมั้ยน้าาาา😂🐶🐶🐶#ก้อยนัตตี้ดรีม #วินเมธวิน
1589	YCpx4oJGy9s	short	other	20197	คบกับฟรังแล้วจะโชคดี! แต่รับได้มั้ยกับข้อเสียเดียวของฟรัง 🥲💖#ก้อยนัตตี้ดรีม #ฟรัง #ฟรังนรีกุล
1590	wYsXmu-LWZs	short	other	20181	ครูคะ…คู่นี้ขี้โกง 🤣🤣 #goynattydreamchannel
1591	oyTvlZLzczQ	short	other	20142	เจนซีเขาทำสามอย่างแบบนี้!! #GoyNattyDreamXTEN #เตนล์ #TENLEE #ก้อยนัตตี้ดรีม #goynattydream
1592	nUqwG9ytjkQ	short	other	20129	โหหห โอบกอดนะค้า🥺💖#คารีสา #คารีสาสปริงเก็ตต์ #ทัวร์ลง #ดราม่า #โซเชียลยุคนั้น #กอด #ก้อยนัตตี้ดรีม
1593	88-rUAmujA0	short	other	20075	ไปไหนก็ได้ ขอแค่เธอแฮปปี้ #goynattydreamchannel
1594	wSiWh2-JcCc	short	other	20068	นั่งเก้าอี้ตีแบดมินตัน #goynattydreamchannel
1595	TZKJ4i2V9_4	short	other	20058	ให้คะแนนคุณครูบอสสอกกี่คะแนนดีคะ🤓#Sunflower #ทานตะวัน #Goyarachaporn #GoyNattyDream
1596	mNJpyDCDlHQ	long	other	19982	เมื่อพ่อค้าแม่ค้ามือใหม่มาทดลองไลฟ์ขายของ#ก้อยนัตตี้ดรีม #goynattydream#karnfoei #กานเฟย #ปล่อยกูไป
1597	9e3uyeSY6N4	short	other	19917	เมื่อวิโอเลตมารีแอคMVเพลง Sunflower 🌻#วิโอเลตวอเทียร์ #VioletteWautier #Sunflower #ทานตะวัน
1598	TMX9YD4bzfo	short	other	19904	ขอ 1 อย่างจากซานต้า 🎁🧑‍🎄 #goynattydreamchannel
1599	A6dlxTSw3ds	short	other	19869	กิจกรรมอะไรบ้างที่ทำบนรถได้ 🚗 #goynattydreamchannel
1600	A90HptfenqM	short	other	19820	ศึกข้าวโพดคลุกเนย ก้อยดรีม vs ตี้บอส#goynattydreamchannel #gndouting2025
1601	ZsNOgPduLj4	short	other	19776	ฟรังผ่านประเด็นดราม่ามาได้ยังไง มาฟังกันค่ะะ 💖💖 อย่าลืมใส่ใจคนรอบข้างเยอะๆน้า#ก้อยนัตตี้ดรีม #ฟรัง
1602	i5pfB5Ph0LI	short	other	19775	ริวพูดสำเนียงสุพรรณ เอ๊ะ! ฉันรักพี่นะ #ริววชิรวิชญ์ #ถ้าหนูรับพี่จะรักป่ะ
1603	ymK1SkyMMKs	short	other	19760	โมเมนต์หูเคลือบทองคำ!! #goynattydreamchannel
1604	2UfGF_lD5w8	short	other	19682	ไม่ได้ขี้เซาแค่หลับลึกค่า😂 #ITZY #goynattydreamchannel #ก้อยนัตตี้ดรีม
1605	DXMaNIRv9G0	short	other	19668	เป็นไปได้นะคะ เดาสามข้อผิดสามข้อ#CarราCarซัง #ก้อยนัตตี้ดรีม #goynattydream #เตตะวัน #ต้าห์อู๋
1606	uDMumFyaxKc	short	other	19661	มิกซือ เขามาจากประเทศอะไรนะ?? #ก้อยนัตตี้ดรีม #goynattydream
1607	FwmckBqs96k	short	other	19640	ถามเร็วตอบเร็วขอ1คำให้นักแสดง #ก้อยนัตตี้ดรีม #goynattydream #ดาราลัยเดอะมิวสิคัล #DaralaiTheMusical
1608	teyaTxcsfes	short	other	19624	โมเมนต์หายาก 😳 #goynattydreamchannel
1609	eRuQFPZI-ho	short	other	19593	ย้อนกลับไปต้นคลิปข้อนี้มั่นใจเต็ม100#ก้อยนัตตี้ดรีม #goynattydream
1610	UGLyX9B8SQM	short	other	19537	บุกกองถ่าย บางกอกคณิกา! #goynattydreamchannel #บางกอกคณิกา #อิงฟ้าวราหะ #ก้อยนัตตี้ดรีม
1611	aJLLodjpEBI	short	other	19514	มุมมองเรื่อง คู่จิ้น #goynattydreamchannel
1612	Pwo1f3gsBN8	short	other	19500	นี่คือตลกปลอมตัวมาเป็นทีมงาน😂😂❗️#ทีมงาน #ก้อยนัตตี้ดรีม #เป็นคนตลก #goynattydream
1613	ZuD5s10S4W0	short	other	19434	บทเรียนรักที่ไม่เคยจืดจาง ของชาย ชาตโยดม ❤️ #goynattydreamchannel
1614	OkVuma02jpk	short	other	19422	ก้อยกับความตรงต่อเวลา ⏰ #goynattydreamchannel
1615	EQj5cY4gPY4	short	other	19380	เชื่อเมนเทอร์คริส แคมเปญนี้ไม่มีอ่อม #goynattydreamchannel
1616	QgypBgfGNxc	short	other	19370	จะแต่งงานอายุ 3… เท่าไหร่ ตอบมาซิ ดรีม🤣 #ดรีมอภิชญา #goynattydreamchannel
1617	_NrAy8jwvuY	short	other	19363	เคล็ดลับ 11 ปี แต่รักยังแข็งแรง #goynattydreamchannel
1618	IlX6bPVmtT0	short	other	19245	แค่เป็นหัวหน้าเชฟพี่ก็ทำได้ #ปะทะCEO #ก้อยนัตตี้ดรีม #goynattydream #goynattydreamchannel
1619	5oVpLMmJyWQ	short	other	19224	เพลงฮิตในวันสงกรานต์ที่ต้องเปิด!! #ก้อยนัตตี้ดรีม
1620	qaUbzzTNaQs	short	other	19217	บอสสอก น้ำหอม ความสัมพันธ์แบบลื่นล้ม #goynattydreamchannel
1621	RQfQ569cWAg	long	other	19207	พาทัวร์บ้าน Hobbit กับครีเอเตอร์มือใหม่ "แมนนี่"#ก้อยนัตตี้ดรีม #goynattydream #nattynantanat
1622	2-7W9irEk4Q	long	other	19207	มาดูกัน ชาวสยาม 100 คน คิดยังไงกับการแก้ไขรัฐธรรมนูญ #goynattydreamchannel
1623	paj51O8RFkg	short	other	19072	อ่อนโยนและรักครอบครัว#myambulove #มีนดรีม #มีนพีรวิชญ์ #dreamapichaya #ก้อยนัตตี้ดรีม
1624	D39o-RdQJ4s	short	other	19058	อย่าปนเรื่อง ”งาน“ กับ ”เรื่องส่วนตัว“ #goynattydreamchannel
1625	vZ8ircERrmU	short	food	19049	10 20 30 40 50 ใครแพ้กิน.. 🤢 #goynattydreamchannel
1626	5i_VmGdYUtM	short	other	19035	สเปกบอส-ก้อย ในวัย30 #goynattydreamchannel
1627	bsSEk0I3tQY	short	other	19026	ทายาทของบอสสอกและแอมมี่#friendsfly #goynattydream #ก้อยนัตตี้ดรีม
1628	dtzvF4CEL4s	short	other	18987	จีบครั้งแรกของอ๊ะอาย 4EVE #goynattydreamchannel
1629	Ns1UflLfbdM	short	other	18984	เจสซี่ ยอมเสียโอกาส “เป็นนางเอก” #goynattydreamchannel
1630	RrO4I-87ynA	short	other	18964	เหมือนจะหวาน#Sunflower #ทานตะวัน #Goyarachaporn #GoyNattyDream
1631	j-Fm0_1BtvA	short	other	18956	รู้ตอนไหน ว่าอีกฝ่ายมีใจให้เรา #goynattydreamchannel
1632	NIkUEjhY-PA	short	other	18949	จะเจอมั้ยน้า??? #ล่าปลาวาฬ #มาดากัสการ์ #Friendsfly #ก้อยนัตตี้ดรีม #เฟรนส์ฟราย
1633	Vt2sKBfBhlc	short	other	18910	จึ้งมากแม่!!🤑 #สรุปค่าใช้จ่าย #มาดากัสการ์ #friendsflyth
1634	hJ0LarOgbYk	short	other	18884	โชกุนมีแฟนแล้ว! #goynattydreamchannel
1635	IKFMtTyLfkI	short	other	18868	ภูมิใจที่สุดใน 2025 #goynattydreamchannel
1636	pAEhlodSXuM	short	other	18840	เซอร์ไพรส์วันเกิดดรีม ไม่เป็นอย่างที่คิด 😱 #goynattydreamchannel
1637	yBbQ07lP6Zo	short	other	18827	โมเมนต์ที่วีต้องการคือ "คุกเข่าขอแต่งงาน" #goynattydreamchannel
1638	LTPwiR6CEKQ	short	other	18786	บทเลือกคน#ก้อยนัตตี้ดรีม #goynattydream #ดาราลัยเดอะมิวสิคัล #DaralaiTheMusical#gobeyondtheatre
1639	QFY6Bq-oCTg	short	other	18767	มึงมีกึ๋นว่ะ555555 ขำมากเอ็นดู😂🤣 #คารีสา #คารีสาสปริงเก็ตต์ #goynattydream #ก้อยนัตตี้ดรีม
1640	nbn1H2ldiwM	short	other	18755	ความรักแบบ GEN Z #goynattydreamchannel
1641	j8cznnv6hao	short	other	18719	เชื่อพี่เถอะพี่เซียน🤣#goynattydream #ก้อยนัตตี้ดรีม #ชานมไข่มุก
1642	H68G8P_Eug0	short	other	18712	ความสุขของเรามันเกิดได้เพราะเรื่องแค่นี้เอง #มื้อสุดท้ายก่อนตาย #ก้อยนัตตี้ดรีม #โบกี้ไลอ้อน
1643	wwFRYapzlaE	short	other	18695	14ปี ใจตรงกันเว่อร์!!#KTkratae #MyAmbulove #goynattydream #ก้อยนัตตี้ดรีม #โตชิกระแต
1644	OkgBj-BEdrE	short	other	18643	องค์ลง! #ตะวันฉาย #ถ้าหนูรับพี่จะรักป่ะ #goynattydream
1645	zpB4OSPFO34	short	other	18620	แข่งทำให้เขิน ภายใน 4 นาที!! #goynattydreamchannel
1646	yQwv0vDtMDQ	short	travel	18527	แนะนำร้านในสเปน! 🤣 ยูทูปทริปสเปนคลิปใหม่มาแล้วนะเตงง ไปดูกันน! #goynattydreamchannel
1647	Hxj-6f0Q0Ks	short	other	18416	เมื่อกัน ไม่มีเวลาให้คนรัก!!! #ตะวันฉาย #ถ้าหนูรับพี่จะรักป่ะ #ep120
1648	0s7RdjTjE2U	short	other	18405	นุนิววว💖 ขอบคุณนุนิวด้วยนะค้าาา @NuNew ใครร้องได้แล้วรายงานตัว! #ลืมเวลา #GoyArachaporn
1649	BHRhffHGOuM	short	other	18365	🤍 #นัตตี้นันทนัท #OneLastRide #GoyNattyDreamOneLastRide
1650	rOr_ihM50-c	short	other	18362	แก๊งนี้เค้ารักกันแบบโหดๆนะคะ เดี๋ยวรักเดี๋ยวตี 😆 #ก้อยนัตตี้ดรีม #goynattydream #friendsfly
1651	roQl2el89R0	short	other	18344	ข้อความจากพี่แบงค์และพี่ป็อป ถึง โจอี้#goynattydreamchannel
1652	vxMWULSSUlY	short	other	18296	นัตตี้-แมน พิชิตยอดเขา Roy's Peak #ก้อยนัตตี้ดรีม
1653	TFKXBOX9FTs	short	other	18237	FIRST COLLABORATION‘KFT x GND’One piece. Unlimited useBandana ผ้าเดินป่าอเนกประสงค์NOW AVAILABLE
1654	jyrKP-gnIBo	short	other	18222	อุทาหรณ์พ่อบ้านมือใหม่!🤣 #goynattydreamchannel #หกฉากวาเลนไทน์ #เก้าจิรายุ
1655	cvfvoO9_0Gs	short	other	18215	ความลับ… ที่ไม่ลับอีกต่อไป 🫣 #goynattydreamchannel
1656	FLIAraisnVo	short	other	18207	ไมค์จ๋าาา ไม่เบาเลยน้าาา😳 #myambulove #ไมค์พิรัชต์ #goynattydreamchannel
1657	1uVL_4fX6VY	short	food	18190	เพลงยอดนิยมในร้านเหล้า #goynattydreamchannel
1658	0C4e4WawmuU	short	other	18189	เสียอาการหนักมากเราอ่ะ😳💖 #ไมค์พิรัชต์ #ก้อยอรัชพร #myambulove #goynattydreamchannel
1659	2BEX21yC_rE	short	other	18162	แต่ละเพลงเหมาะเวอร์ #GNDDrunkInLove #goynattydream #ก้อยนัตตี้ดรีม
1660	xYziCWnpw7k	short	other	18125	ถ้าเจอแบบนี้เบ็คกี้จะ อ่อนไหว หรือ เกรี้ยวกราด ??🧐 #BeckyArmstrong #Beckyangels#ก้อยนัตตี้ดรีม
1661	Ocrhv3rGT00	short	other	18086	เธอมีพิรุธนะมิย่า!!👀 #มิย่าทองเจือ #ยังไงไหนเล่า #มิย่า #goynattydream
1662	dPIboBzqI30	short	other	18067	เฟรนฟรายฉองขวบค่าาา🐶🙈 #Friendfly #goynattydream #เฟรนฟราย #สนุก #ก้อยนัตตี้ดรีม #เพื่อน
1663	b-ia468i5w0	short	other	18060	รักเธอหมดใจ ไอบ้าา😳😳#myambulove #มีนดรีม #มีนพีรวิชญ์ #dreamapichaya #ก้อยนัตตี้ดรีม
1664	AuqG_gsZksY	short	other	18043	สูตรจับมือเจมส์มาร์ #goynattydreamchannel
1665	sY0LpadKSzA	short	other	18038	ถ้าตี๋ใหญ่คนนี้มีแฟน จะเลือกใครก่อน 🤔😍 #goynattydreamchannel
1666	2V_kJbeoqhs	short	other	18029	ที่มาของคำว่า ไปเรื่อย😂 #เจแปนภานุพรรณ #goynattydream #อุลภาคภูมิ #นายคอมเมเดียน
1667	Zf3MmOHF0zk	short	other	18024	เตือน! เรื่องควรรู้ ก่อนไปเซี่ยงไฮ้ #goynattydreamchannel
1668	VtklrFjLpLc	short	other	18011	คนนี้เขาก็แพรวพราวไม่แพ้ใครน้า🤣😳 #ไมค์พิรัชต์ #ก้อยไมค์ #goynattydream #ถ้าหนูรับพี่จะรักป่ะ
1669	m_Kfc0YmomY	short	other	17993	Friendsflyส่งใครไปประเทศไหน✈️ #goynattydreamchannel
1670	uU3JFVc71hI	short	other	17982	เมื่อกัน ไม่มีเวลาให้คนรัก!!! #ตะวันฉาย #ถ้าหนูรับพี่จะรักป่ะ #ep120
1671	S2M-bht5YZ4	short	other	17932	สนุ๊กตัวแสบ!!😤 #goynattydream #บริษัท #ก้อยนัตตี้ดรีม #2023 #ทีมงาน #แกล้ง #ฉลอง #ครบรอบ #3ปี
1672	tmjIsmuBymM	short	other	17867	มาดากัสการ์ก็ยอมค่าาาา😂 #มาดากัสการ์ #Friendsfly #ระบำ #goynattydream #เฟรนส์ฟราย
1673	qLaCE-fgJE0	short	other	17834	เช็คลิสต์สิ่งที่ต้องมีเมื่อไป Hiking #ก้อยนัตตี้ดรีม
1674	P_0J0FqQkxc	short	other	17813	เตนล์ก็เคยเป็นเด็กสยามนะครับบ#GoyNattyDreamXTEN #เตนล์ #TENLEE #ก้อยนัตตี้ดรีม #goynattydream
1675	-O6tP-BuNI8	short	other	17812	ป้าติ๋ม ตัวตึง!!! #บุกบ้าน #ก้อยอรัชพร #ชุมพวงโคราช #goynattydream
1676	r572sx4tXBg	short	food	17736	กินอึ่งครั้งแรก 🐸 #goynattydreamchannel
1677	EHjBTnECfo4	short	other	17731	ปัตตานีเป็นยังไงไปดูกันจ้า!😍😍 #ไปค่ะพส #ปัตตานี #ตะลุย #มัสยิด #goynattydream #ก้อยนัตตี้ดรีม
1678	x1MZhsIXG1M	short	other	17716	พีค!! แต่งเพลงนี้ให้ลูกต๊อด🎶 #ยังไงไหนเล่า #พีคภัทรศยา #ต๊อดศิณะ #goynattydreamchannel
1679	kxQNreMZH24	short	other	17704	สู้เขาหญิง!!! เอาให้สะบัดเอวหักไปข้างนึงเลอ! #GoyNattyDreamOneLastRide #goynattydream
1680	L8sB0hs6xSc	short	other	17701	พี่เกรทร้องเพลงขนาดนี้จะไม่มาดูละครเวทีเราได้ไง#ก้อยนัตตี้ดรีม#ดาราลัยเดอะมิวสิคัล#DaralaiTheMusical
1681	uV-2WjQOsl4	short	other	17689	นนน-มายด์ ใจตรงกันไปอี๊กก #goynattydreamchannel
1682	QyN1KMr1da4	short	travel	17676	ทริปถัดไปSouth Africa vs America #goynattydreamchannel
1683	czUh7o5qcVg	short	other	17670	โปรโมทตัวเองแบบสับๆไปเลอ55555🤣🔥#กั้งมินิไซส์ #โสดแล้วนะ #ยังไงไหนเล่า #มือที่3 #goynattydream
1684	t2R2g6KpdBs	short	other	17658	วิธีจีบเฌอปรางให้ติด #GoyNattyDreamChannel
1685	uas8ffDh6VA	short	other	17657	ปกป้องตัวเองให้เป็น แล้วปล่อยข้ามมันไปได้ #ยังไงไหนเล่า #BeckyArmstrong #goynattydreamchannel
1686	zb6HVUGFpJE	short	other	17628	คลั่งรักแบบ 10/10 #goynattydreamchannel
1687	g9ufUWcHFoo	short	other	17626	จริงหรอ! หนังที่มีการถกเถียงกัน หนังจะไม่เจ๊ง! #โต้งบรรจง #goynattydream
1688	fdnLDP24L7o	short	other	17609	มาแชร์ประสบการณ์ วันสงกรานต์กัน!!😳 #goynattydreamchannel #นัตตี้นันทนัท #นัตตี้แมน
1689	Aw3bdBB2n2E	short	other	17556	นัตตี้ ดรีม ขุดปูครั้งแรก!! #goynattydreamchannel
1690	q5PG5AzJ0rI	short	other	17553	ศิลปินหญิงในดวงใจ ของ GALCHANIE 🎤💖 #goynattydreamchannel
1691	6g4Sn5_zuPk	short	other	17498	เมื่อนัตตี้มาบอกแม่ว่าท้องก่อนแต่ง! แม่จะว่าไงบ้าง ไปดู!#ก้อยนัตตี้ดรีม #goynattydreamchannel
1692	d81kWbaVhmc	short	other	17455	เปิดสเปกพลอยหอวังงงงง!!🫣💖#พลอยหอวัง #goynattydream #สเปก #พลอยหอวัง #โอ๊ตปราโมทย์ #พิชญ์กาไชย
1693	7rES4SD7jnw	short	other	17410	ง้อกัน ❌ ตีกัน ✅ #goynattydreamchannel
1694	Sj0E75hhF2A	short	other	17332	ชีเสิร์ฟ💗💞💘#Sunflower #ทานตะวัน#goyarachaporn #goynattydream
1695	_irDwYu23lQ	short	other	17310	ฝน-นินิว เพื่อนแท้!! #goynattydreamchannel
1696	W78qD15CcRA	short	other	17304	ใครคือตัวจริงงง #goynattydreamchannel
1697	MBmP85M7CBc	short	other	17285	Friendsfly ใครอายุจิตเท่าไหร่?#goynattydreamchannel
1698	9OiAA4Cnnqw	short	travel	17264	ดรีมตี้เคยเป็นเด็ก Work & Travel !! #goynattydreamchannel
1699	Kl9RRNWgeVA	short	other	17263	เฟยเพื่อนรัก ปกป้องแทนแล้วนะ#CarราCarซัง #ตรีนาย #ตรีภรภัทร #นายณภัทร#ก้อยนัตตี้ดรีม
1700	9BApvfRzX38	short	other	17256	ใครทำเบลล์ แคลร์พร้อมบวก #goynattydreamchannel
1701	hxAcyqp22Bs	short	other	17228	ยังไงกันนะ!! สรุปแล้วใครเป็นชู้?🤔 #เจแปนภานุพรรณ #อุลภาคภูมิ #นายคอมเมเดียน #goynattydream
1702	aEpkaV6QIZk	short	other	17223	มาป่วนกองตลก 6 ฉาก ด้วยไมค์แบบพิเศษจากใจพวกเรากันค่ะ 😂😂😂💖#ก้อยนัตตี้ดรีม #GoyNattyDream #ตลก6ฉาก
1703	2821iGVr3fs	short	other	17214	เปิดประสบการณ์ใหม่ มันส์ๆเริ่ดๆเลยล่ะ💃🏻🕺l#goynattydream #ก้อยนัตตี้ดรีม #disneycruiseadventure
1704	X0kaa6xsc84	short	other	17195	มาเต้นกันนน้า #zeedcallingyou #goynattydream #pixxie
1705	XmTpQcm3J_A	short	other	17168	เมื่อ “ณัฏฐ์” ชอบ “นัด” แล้วเทนัด #goynattydreamchannel
1706	HG6_yVkXHG0	short	other	17097	ยังไม่เชอร์ค่ะ #goynattydreamchannel
1707	FQ5bVTH6Xsg	short	other	17095	เรื่องที่อยากรู้ ของ 3 สาว 👀 #goynattydreamchannel
1708	sB6H0_fAwmE	short	other	17035	แกล้งดรีม!!! เซอร์ไพรส์ วันเกิด👻
1709	NmsV4JqwbLI	short	talk	17025	ถ้าคุณเจอแบบนี้จะไปต่อ หรือ พอแค่นี้??#คุยความรักต่างวัย #ก้อยนัตตี้ดรีม #goynattydream
1710	47Tk15DI_Ek	short	other	17017	จะทำยังไงถ้า.. ครอบครัวอีกฝ่ายไม่ยอมรับ #goynattydreamchannel
1711	1E1S--pN0PA	short	other	17015	ทาย “ครีมบลัช” ถูก vs แพง เห็นปุ๊ป รู้เลย !! #gotnattydreamchannel
1712	0l5WznW16Zg	short	other	16925	เรื่องนี้บอกเลยพี่สู้#ก้อยนัตตี้ดรีม #goynattydream #ถูกvsแพง
1713	pabzNnvtvEE	short	other	16869	มีใครให้ไกลกว่านี้อีกมั้ย#GoyNattyDream #ก้อยนัตตี้ดรีม #goynattydreamchannel
1714	fFlDP8A9K3w	short	other	16789	ให้อภัยเรื่องนี้ไม่ได้#ปันปันสุทัตตา #punpun_sutatta #ก้อยนัตตี้ดรีม #goynattydream
1715	6ifxmX3Vcy4	short	other	16775	เมื่อถูกเปรียบเทียบว่า "ไม่สวย" #goynattydreamchannel
1716	hth4zcsRaxs	short	other	16766	ฝากถึง “อิงฟ้า”อยากให้มีความสุข #goynattydreamchannel
1717	2LulfSNilBw	short	other	16753	ใครเป็นเหมือนเบสท์ สารภาพมา😂😂 #เบสท์คำสิงห์ #ร้องไห้ #beskamsing#ยังไงไหนเล่า #goynattydream
1718	kyP0AyoHCPc	short	other	16736	ปลุกแบบนี้ ใครจะไหว!!!! 😳 #goynattydreamchannel
1719	7DJq7Chge1g	short	other	16714	เต้นกับน้องชายค่ะ #goynatttydreamchannel
1720	fhS4M-RUo0Y	short	other	16712	นี่มันหนังซอมบี้ชัดๆ #friendsfly #ก้อยนัตตี้ดรีม #goynattydream #violettewautier #traintobusan
1721	bbaqD2sEQMg	short	other	16691	ศึกบอลสมัยเรียน #goynattydreamchannel
1722	ono9WaRnLJo	short	other	16652	เด็กไม่โกหกหรอก เนาะ💅🏻💅🏻#ก้อยนัตตี้ดรีม #goynattydream
1723	jO1sWT_zlRE	short	other	16634	ใครหวานสุดฮร้า🫦 #goynattydreamchannel
1724	vnTWBUOqAyo	short	other	16589	ช่วงพ่อบ้านปรับทุกข์ พี่แมน-มีน #goynattydreamchannel
1725	DD1mR8jgZYU	short	other	16572	ปลาหมึกแถวบนคือตัวแรร์!!#ก้อยนัตตี้ดรีม #goynattydream
1726	aAUF_i9vSV8	short	other	16539	ถ้ามีแฟน จะไร้เรี่ยวแรงทันที😂 #goynattydreamchannel
1727	8ZHQTjypKWY	short	other	16536	เพื่อนที่สำคัญที่สุด คือเพื่อนที่ไม่มีประโยชน์ #goynattydreamchannel
1728	GZTpAfTsNkM	short	other	16508	จับได้ว่าแฟนเพื่อน มีชู้ จะทำยังไง!!! #เกมจับชู้ #goynattydreamchannel #โต้วาเทย
1729	7jGggziqrSU	short	food	16502	ให้เด็กมศวพาทัวร์ ต้องได้กินของเด็ด👅🍜#goynattydream #ก้อยนัตตี้ดรีม
1730	Inb9_I54uUA	short	other	16486	เห็นพิมพ์นอนอยู่ข้างๆพี่ก็มีความสุข#Lastsupper #GoyNattyDream #ก้อยนัตตี้ดรีม #พิมพ์พิมพ์มาดา
1731	PAREHPOYJgQ	short	other	16475	ดาราสี่ขาบ้านฟลุ๊คกะล่อน 🐶 #goynattydreamchannel
1732	jZSCYM3ecP4	short	other	16440	ขอดรีมเมา EP.119 ค่าา😵‍💫🥂 #ก้อยนัตตี้ดรีม #goynattydream #dreamapichaya
1733	-g_mLP2-03w	short	other	16399	โทมัส-ก้อง เจอครั้งแรกไม่ถูกชะตา!! #goynattydreamchannel
1734	n_6Wtx6KsPA	short	other	16338	เริ่ดเลยล่ะ ซาฟารีเวิลด์สอง🐒#GoyNattyDream #ก้อยนัตตี้ดรีม #goynattydreamchannel
1735	378wP0vHUSQ	short	other	16299	ของขวัญแต่ละชิ้นเรียกได้ว่าคาดไม่ถึงเลยค่า🤣🤣#ลำดับวัดใจ #ราคีTHESTAIN #ก้อยนัตตี้ดรีม
1736	zcSk4S7qWyg	short	other	16285	เมื่อก้อยลงทุนเต๊าะชาริล ชัปปุยส์ เป็นภาษาอังกฤษ! แพรวพราวแค่ไหน มาดูค่า #ก้อยนัตตี้ดรีม #ชัปปุยส์
1737	woeTAFUzd3w	short	other	16250	จี๋รุ่นพี่ผมค้าบบ#CarราCarซัง #จี๋สุทธิรักษ์ #จ๋ายไททศมิตร #ก้อยนัตตี้ดรีม #goynattydream
1738	3iDzEjWPIJ4	short	other	16231	เจ้าขุนโชว์สกิลจีบ แบบเด็กอินเตอร์ #goynattydreamchannel
1739	thf5jMf8joM	short	other	16213	จุดเริ่มต้นตำนาน #เล็บครับ #goynattydreamchannel
1740	58UK78KBgc4	short	other	16190	แฟนใหม่น้ำหอม! #goynattydreamchannel
1741	J71VUZ92Ix8	short	other	16180	ถ้าซอมบี้บุกใครใน Zomvivorจะตายคนแรก ?? #goynattydreamchannel
1742	4NEr1b6ffjA	short	other	16152	เมื่อคนหัวไวต้องมาจีบกัน #goynattydreamchannel
1743	aaLZiuCEip4	short	other	16150	ใจจะตรงกันแค่ไหนนะ🤔#myambulove #โยชิรินรดา #ณณภัทร #goynattydreamchannel
1744	nharyCbyEVo	short	other	16145	“Choose Me” - GoyNattyDream
1745	3qMhegMuk-s	short	other	16134	สระ เม่น นก เอ๊ะขออีกที#guyharufamily #3ยอดกุมาร #ก้อยนัตตี้ดรีม #goynattydream
1746	7own4gIWFy4	short	other	16112	วิธีรับมือ สะใภ้สายแซ่บ #goynattydreamchannel
1747	WBLLXACN6fA	short	other	16083	i know i should sleep but #GNDDrunkInLove ยังวนอยู่ในหัวอะ 🥂💞 #ก้อยนัตตี้ดรีม #goynattydream
1748	mvIQcTXbEnU	short	other	16068	มีคนหวงน้องค่า🤪💖 #ยังไงไหนเล่า#อิงโกะ #อิงโกะpixxie #มาเบล #พิมมาpixxie
1749	qwsO_sJaoPY	short	other	16066	เพื่อนจ๋า อย่าแรงใส่กันได้ไหม🥹 #ลืมเวลา #GoyArachaporn
1750	vfidLrdlC64	short	other	16065	เต็มใจทำให้ แม้พ่อแม่ไม่ได้ร้องขอ #goynattydreamchannel
1751	kC67dN4KtRE	short	other	16052	ใครเชื่อเรื่อง เสื้อมลคลกันบ้าง #goynattydreamchannel
1752	tcApZh4yeO8	short	other	16018	อย่าแกล้งหนูเลยน้าา🥺#MyAmbulove #ก้อยนัตตี้ดรีม #goynattydream #blejie #เบิ้ลจี่
1753	wTMIxzQvVJo	short	other	15997	ข้อดีของการมีวิลเลี่ยมเป็นแฟน ใน 30 วิ #goynattydreamchannel
1754	d2ZJsQVvk5Q	short	other	15986	แกล้งก้อยนัตตี้ดรีม แต่เจอของจริง!!!! #goynattydreamchannel #ก้อยนัตตี้ดรีม
1755	8nxyR1dTYu8	short	other	15921	มุมมอง LGBTQ+ บอสอยากให้เรียกว่าอะไร #goynattydreamchannel
1756	B3q4VL1UVO8	short	other	15875	Kiss, Marry, Kill ใครก็ได้ในดูมันดิ!! #goynattydreamchannel
1757	x-RxphA5MAE	short	other	15873	พี่มีแฟนยัง #goynattydreamchannel
1758	OtdnL_pUyN0	short	other	15866	เลือกเพื่อนใน Bus มาช่วยเถียง #goynattydreamchannel
1759	WZRFNnp9ASU	short	other	15859	จากเด็กขี้อาย สู่ตัวแม่ T-POP #goynattydreamchannel
1760	gLRoFmI45nU	short	other	15848	คู่ไหนชนะคะเพื่อนๆ☺️💖#ก้อยนัตตี้ดรีม #goynattydream #vlog
1761	7XMOPRafui8	short	other	15838	บุคคลที่หลงไหลในปลาตีน#GoyNattyDreamXTEN #เตนล์ #TENLEE #ก้อยนัตตี้ดรีม #goynattydream
1762	IKXaK3xSBjc	short	other	15809	เม้าท์เพื่อนซะหน่อย🫢 #แบมแบม #got7 #bambam #ถ้าหนูรักพี่จะรักป่ะ #ก้อยนัตตี้ดรีม
1763	2XONbXN7FhU	short	other	15795	วันนี้มาเป็นพี่สาวค่ะ #goynattydreamchannel
1764	9TlPWeNE9kU	short	other	15793	ระดับนายรำมาเอง🕺🕺 #goynattydreamchannel
1765	wYv8REYSfy4	short	other	15734	ขอเลือกทางที่มั่นใจ#LastSupper #phuwintang #ภูวินทร์ตั้งศักดิ์ยืน #ก้อยนัตตี้ดรีม #goynattydream
1766	68nc4NvMSKg	short	other	15727	เคยดื่มเบียร์แทนน้ำ #goynattydreamchannel
1767	-H37-g03rtQ	short	other	15715	เมื่อก้อยนัตตี้ดรีมหัวร้อน!! 💥 https://bewell.ws/3KqZnwd #เก้าอี้สุขภาพ #bewell
1768	61x7KLWtFIg	short	other	15704	มาดูลีลาหัวหน้าแก๊งฟันน้ำนม เขาจะมีมุกจีบแพรวพราวแค่ไหนกันนนน 😂💖🤟🏻🤟🏻🤟🏻 #ก้อยนัตตี้ดรีม
1769	m2CbpoeAe2g	short	other	15678	สกิลพูดบอกเลยพี่ถนัด#เทศน์ไมรอน #perthkvsr #คาราคาซัง
1770	C0I1Q69VcOA	short	other	15657	คู่นี้ไม่มีใครยอมใคร #ปะทะCEO #goynattydream #ก้อยนัตตี้ดรีม #goynattydreamchannel
1771	tttOWYuSFVM	short	other	15645	โบว์ กัญญารัตน์ กาวใจแจ้บิว พี่ธนิน #goynattydreamchannel
1772	sFONgBySD6Q	short	other	15500	โบกี้จะทำให้พี่ว่านมีความสุขที่สุดในโลก#มื้อสุดท้ายก่อนตาย #goynattydream #โบกี้ไลอ้อน
1773	DWCkfYFkD7A	short	other	15475	เทคนิคง้อแฟนให้ได้ผล #goynattydreamchannel
1774	Xv7r6EV7jSA	short	other	15464	ศึกปะทะหมากเก็บ ไทยเกาหลี ใครจะชนะ!!🇹🇭🇰🇷 #ITZY #goynattydreamchannel #ก้อยนัตตี้ดรีม
1775	-EYsV7-JrJE	short	other	15433	ชู้มีพิรุธตรงไหน ไม่มี๊🤣 #เกมจับชู้ #เทพลีลา #goynattydreamchannel
1776	sMgNFH7q4mY	short	other	15372	ขอสนใจหน่อยน้า🤧
1777	hQj_lxoskmk	short	other	15302	เบอร์เปลี่ยน ชีวิตเปลี่ยน!! 😵 #goynattydreamchannel
1778	9yZyECdO6_g	short	other	15269	ประเมินทีมงาน❌โดนทีมงานประเมิน✅#goynattydreamchannel
1779	VhmNzTkHlBQ	short	other	15240	บิว-ธนิน สวีทหวานกลางรายการ ❤️ #goynattydreamchannel
1780	5pKEaWZj4ww	short	other	15222	Checklist สเปก GALCHANIE #goynattydreamchannel
1781	OO2lwOjVH3I	short	other	15196	เมื่อถามมารีญาว่า อยากเป็นรัฐมนตรีกระทรวงอะไร ได้คำตอบว่าาาา🫢#ก้อยนัตตี้ดรีม #GoyNattyDream #มารีญา
1782	c8wDODLVCIo	short	other	15184	งอนนานๆระวังจะโดนหอมนะ 😝 #goynattydreamchannel
1783	TmGpDzgwNAo	short	other	15148	ซาแซงแบบนี้ไม่น่ารักน้าา🙅🏻‍♀️😢#ยังไงไหนเล่า #BeckyArmstrong #goynattydreamchannel #ก้อยนัตตี้ดรีม
1784	8DQ46k0wMBc	short	other	15074	ดรีมเมา ep.20 ทำวีเจ็บตัว #goynattydreamchannel
1785	JZ0EXbJI8-o	short	other	15014	มาดูมุมมองของแต่ละวัยกันเลยยยย😉#ก้อยนัตตี้ดรีม #คิ้มเจนนิเฟ่อร์ #อั๋นภูวนาท #อาไท #มุมมอง
1786	Oa6jZyTmoJY	short	other	14952	โสดรุ่นพี่อย่างมารีญา มารับน้องก้อยเข้าแก๊งสาวโสดแล้วค่าาา😂💖#ก้อยนัตตี้ดรีม #GoyNattyDream #มารีญา
1787	qd5czn9fQ50	short	other	14945	จริงค่ะ!! #แด๊ดดี้ขยี้เผด็จการ #ศิธา #goynattydream #ก้อยนัตตี้ดรีม #ถ้าหนูรับพี่จะรักป่ะ
1788	h8PWprnzyhY	short	other	14920	รูมเมทที่ญี่ปุ่น 🇯🇵เกือบได้นอนนอกห้อง #goynattydreamchannel
1789	Von9b12tWGs	short	other	14908	พฤติกรรมซกมก ที่เพื่อนรับไม่ได้ #goynattydreamchannel
1790	e9MVgnLpaMo	short	other	14893	Sunflower ฉบับวี วิโอเลต#Sunflower#ทานตะวัน#violettewautier #goyarachaporn #goynattydream
1791	aOZY5zzKGYM	short	other	14872	หมดแพชชั่น มีช่วงที่อ่อนแอได้ ร้องไห้ได้ แล้วก็กลับมามีแพชชั่นเหมือนเดิมนะ💪🏻#ต้นหน#goynattydream
1792	wahADm2jkgI	short	other	14809	#Sunflower #ทานตะวัน#goyarachaporn #goynattydream
1793	cvuUGBMF2Ng	short	other	14721	ผ่านมาได้เก่งมากเลยค่ะพี่พิมพ์🤍#Lastsupper #GoyNattyDream #ก้อยนัตตี้ดรีม #พิมพ์พิมพ์มาดา
1794	Qep6WrsrL_k	short	other	14721	โสดแล้วก็ต้องโสดให้นาน ใช่มั้ย😂🥹 #ยังไงไหนเล่า #คลอดีน #goynattydream #คลอดีนอทิตยา
1795	3JjtFTVGF_4	short	other	14660	สาวสวยยืนคนเดียว อยู่ BEAUTRIUM งั้นคงต้องหยิบ BWB ติดมือสักหน่อย ❤️
1796	1b1a3R7FjBU	short	other	14656	24 May AD 2025
1797	GCZ7xxUjjtQ	short	other	14606	ทำไมแบมแบมเคยคิดจะออกจากวงการ?? #ถ้าหนูรับพี่จะรักป่ะ#แบมแบม #got7 #bambam #goynattydream
1798	8qS4XZKLF7U	short	other	14593	ข้อดีของการมีเอสเป็นแฟน ใน 30 วิ #goynattydreamchannel
1799	co-E5-yh9ro	short	other	14588	สิ่งที่ชีวิตคู่ ไม่ควรมองข้าม! #goynattydreamchannel
1800	iJI8KRZigwM	short	other	14578	“ตอนจบ” ในแบบที่เราเลือกเอง #goynattydreamchannel
1801	jS-onHFwPSo	short	other	14570	"ขนมดอกโดน" ขนมหายาก #goynattydreamchannel
1802	UrNHVUFmcCY	short	travel	14509	ทริปสเปนที่จำไม่ลืม#ก้อยนัตตี้ดรีม #goynattydream #vlog
1803	t95iRI3nXZI	short	other	14497	กอดๆพี่กั้งนะคะ สวยแซ่บขนาดนี้หาใหม่เลยค้าา🔥🔥#กั้งมินิไซส์ #โดนนอกใจ #ยังไงไหนเล่า #กั้งมินิไซส์
1804	hBNOUDTvI6o	short	other	14432	จดหมายฉบับสุดท้าย จากมินนี่ (G)I-DLE #goynattydreamchannel
1805	sKR9FTsRh3g	short	other	14374	ไม่ได้ชอบคมเข้ม ชอบขาวตี๋มีหนวด #goynattydreamchannel
1806	hDBEpld2JnA	short	other	14372	I’m just like youuu~~ #goynattydreamchannel
1807	nIriFxAUiA8	short	other	14244	เรื่องผีๆ กับนักแสดงธี่หยด3 #goynattydreamchannel
1808	1v_jdHWQHAA	short	other	14237	ฟ้า ษริกา สำหรับ ณัฏฐ์ กิจจริต #goynattydreamchannel
1809	57tRK0sBdAY	short	other	14220	เธอๆ สอนเราโยนบาสหน่อยดิ🏀 #กระทิงมีน #กระทิงขุนณรงค์ #มีนนิชคุณ #ก้อยนัตตี้ดรีม #goynattydream
1810	4BXFGNxZKkA	long	other	14216	ทีมงานช่องเซอร์ไพรส์ก้อยนัตตี้ดรีม#goynattydreamchannel #gndouting2025
1811	ArqCmAtTt_8	short	other	14191	สเปกบิวกิ้นชอบคนงี่เง่า #goynattydreamchannel
1812	vsqtXlHZOS0	short	other	14121	กับช้างก็ไม่ยอมแพ้ค่ะ! #นัตตี้แมน #สวิตเซอร์แลนด์ #goynattydreamchannel
1813	m-bG4To8-6Y	short	other	14088	เล่นไปเล่นมา พี่เหว่งมีแววได้นอนนอกบ้าน! ตัดสายแม่ตุ๊กได้ยังไงคะ!!! #ก้อยนัตตี้ดรีม #เทพลีลา
1814	henrhD5IIew	short	other	14048	ไม่เคยเจอเวอร์ชั่นนั้นนะครับ#carราcarซัง #สกายนานิ #skynani #ก้อยนัตตี้ดรีม #goynattydream
1815	mGRhLPrpVQk	short	other	14040	ถ้าเลือกได้ขอไม่รีบเข้าวงการ #goynattydreamchannel
1816	d7f0ff4msNw	short	other	14036	ไม่มีใครยอมใครกันเลยทีเดียว!😂 #goynattydreamchannel #hermanhisnatty
1817	p9vxMrjOWjo	short	other	14030	ผู้ถูกเลือกให้ผิดหวัง~~#ก้อยนัตตี้ดรีม #goynattydream #karnfoei #กานเฟย #ปล่อยกูไป
1818	hKLyP7rwoSc	short	other	14018	เป็นแฟนไบร์ท-กลัฟโชคดียังไง #goynattydreamchannel
1819	pw2uS2eSDrA	short	other	14003	Bus ที่สุภาพมากสุด vs น้อยสุด #goynattydreamchannel
1820	tTK9ELah_dM	short	other	13923	สำนวนไทยเหล่านี้ เบ็คกี้จะรู้จักมั้ย??#ยังไงไหนเล่า #Beckyangels#goynattydreamchannel
1821	vUfhBBZxCQ0	short	other	13921	Sense of Humor #goynattydreamchannel
1822	-6jH3pylmhM	short	other	13921	ละครแนวทแยง📱 #ก้อยนัตตี้ดรีม #goynattydream #karnfoei #กานเฟย #ปล่อยกูไป
1823	o0OyekuDgcw	short	other	13899	สามข้อนี้พี่จ๋ายจะตอบถูกกี่ข้ออ#CarราCarซัง #จี๋สุทธิรักษ์ #จ๋ายไททศมิตร #ก้อยนัตตี้ดรีม
1824	6EZIu6aD0zc	short	other	13872	รีแคปก้อย ปีที่ผ่านมา #goynattydreamchannel
1825	2tJ9o52k1EQ	short	other	13820	มันเป็นอดีตไปแล้ว😂😂!! #เจมส์จิ #รักเดียว #ถ้าหนูรับพี่จะรักป่ะ #เจมส์จิรายุ
1826	Tn3f5ghUxfg	short	other	13811	เม้าท์ บอย ปกรณ์ นักแสดงรุ่นใหญ่! #goynattydreamchannel
1827	ktDDtMAyAkc	short	other	13772	โหวต ใครเมะ ใครเคะ กันดีคะคู่นี้👉🏻👈🏻#Sunflower #ทานตะวัน #Goyarachaporn #GoyNattyDream
1828	AmfJHwsWhSw	short	other	13749	สาเหตุที่วอร์ไม่ปกป้องหยิ่น #goynattydreamchannel
1829	7Rd50ymed8o	short	other	13740	ชงไม่ขึ้นจริงๆฮะ#คาราคาซัง #กระทิงมีน #tingmeen #ก้อยนัตตี้ดรีม #goynattydream
1830	iDbBpa-IW0M	short	other	13731	เมื่ออัดบอสต้องมาทายใจกันและกัน #Sunflower #ทานตะวัน#goyarachaporn #goynattydream
1831	3p4hnDb-c1A	short	other	13697	แพชชั่นของดาราสาว#ใบเฟิร์นพิมพ์ชนก #BaifernBah #ก้อยนัตตี้ดรีม #goynattydream
1832	dbN0-jTina0	short	other	13632	แล้วตอนนี้เบ็คกี้มีใครทำให้ต้องรีบเปิดแชทตอบรึยังน้า 🥰 #BeckyArmstrong #goynattydreamchannel
1833	hIb8UbkRaJM	short	talk	13621	เก่งมากค่ะอิงโกะ💪🏻💖#คุยความรักต่างวัย #ก้อยนัตตี้ดรีม #goynattydream #ingkho_pixxie
1834	OBmQ41KFLoE	short	other	13584	นักแสดงตลกป่ะเนี๊ยยย คุณพ่อ😂 #ก้อยอรัชพร #ชุมพวงโคราช #goynattydreamchannel
1835	o2JkqeByYC8	short	other	13569	มั้นช็อตฟีล!! #goynattydreamchannel
1836	SfB7jrjb4RQ	short	other	13509	1 นโยบาย เยียวยา “คนอกหัก” 💔😭#goynattydreamchannel
1837	Z6mC8gbuXHc	short	other	13475	อลันกับเสื้อสุดเสว 🫣 #goynattydreamchannel
1838	aCN6YdUBwD8	short	other	13405	เผาสมาชิกวง BUS 🤫 #goynattydreamchannel
1839	kY8-N8icGx8	short	other	13371	Maybe I lost my mind แต่เธอช่วย notice เราหน่อยได้มั้ยอะ 😳💛💙 #JuniorMark #MyAmbulove
1840	A_x6y7UfyVc	short	other	13339	งั้นหนูขอไปด้วยได้มั้ยคะพี่ฟ้า🥰💖🫶🏻#ราคีTHESTAIN #ก้อยนัตตี้ดรีม #goynattydream #ลำดับวัดใจ
1841	gobx16iG_j8	short	other	13297	Behind the scenes วันอัดเพลง “ลืมเวลา” มาแล้วค่าา 🥰💘 #ลืมเวลา #GoyArachaporn
1842	WhaBXLbQ_no	short	other	13282	แม่ คือต้นแบบของ โจอี้ ภูวศิษฐ์ #goynattydreamchannel
1843	5tHkAVnMG_I	short	food	13260	"แทยัง NCT" กับอาหารอีสาน 🥵😍 #goynattydreamchannel #nct
1844	zIChZIIk-Og	short	other	13228	เห่ยยย นึกว่าจะไม่ตื่น… ที่ไหนได้พร้อมเว่อร์! ⏰🎟 10 AM | 6 #GNDDrunkInLove #goynattydream
1845	lP3_k1SGEjI	short	other	13192	ดูคนชนะ!!!🤑#นัตตี้นันทนัท #ดิสนีย์แลนด์ #goynattydreamchannel
1846	KNFB_G5ROkg	short	other	13165	มีคนแสบค่าาาา🤪 #นุนิวเด็กแสบของเฮียซี #ซีนุนิว #นุนิว #นุนิวชวรินทร์ #ซีพฤกษ์พานิช #ยังไงไหนเล่า
1847	WQE8Ncn-20k	short	other	13157	นัตตี้ขับรถไม่เป็นจะขับ ATV รอดไหม #goynattydreamchannel
1848	LUfEpRYWJq0	short	other	13134	จับอึ่งก็เหมือน จับลาบูบู้ 🫣 #goynattydreamchannel
1849	-wQT99rpkCM	short	other	13065	เกือบโรแมนติกแต่.... #goynattydreamchannel
1850	V7VX9f3YO80	short	other	13064	กว่าจะมาเป็น มิว-ตุลย์ 🫣💖 #goynattydreamchannel
1851	zRG7ayL1Y28	short	other	13064	คำถามสำหรับคนมีคู่ #goynattydreamchannel
1852	x5tOlZg_qMM	long	other	13023	ข้อความจาก “ก้อยตี้ดรีม ถึง วี วิโอเลต”#goynattydreamchannel
1853	8QGqeer2IDk	short	other	12987	#ก้อยอ่าน มาแนะนำหนังสือพัฒนาจิตใจค่า#ก้อยอรัชพร #ก้อยนัตตี้ดรีม #goynattydream
1854	aDxPFM_VuUI	short	other	12986	โทรขอโทษแฟนเก่าทุกคน #goynattydreamchannel
1855	d5q6IcOLmK0	short	other	12963	ความสุขของคนวัย30 #goynattydreamchannel
1856	SkyDDJ5AduA	short	other	12921	กรทำโชกุนหงุดหงิดกลางรายการ #goynattydreamchannel
1857	V6M0K9hr9Zk	short	other	12883	จั๊มพ์จีบอ๊ะอายกลางรายการ! #goynattydreamchannel
1858	n_3MArO1iPs	short	other	12882	#จิ้นจก ก้อย-ดรีม คู่จิ้นประจำช่อง #ก้อยนัตตี้ดรีม ใครขิ้นคู่นี่บ้างค้า 🤣🤣🤣 #goynattydream
1859	kfjxmJBbbWM	short	other	12877	หนัง 2 เรื่องของทิม พิธา #goynattydreamchannel
1860	V4oTsrKQI18	short	other	12864	ถ้า เก้า - เจนเย่ เป็นขนมหวาน #goynattydreamchannel
1861	4kFsTcAUuJk	short	other	12832	เราน่าจะเกิดเป็นลูกคนเดียว #goynattydreamchannel
1862	bP0wChBJ48s	short	other	12817	ไม่ชอบครับแม่🤣#LastSupper #phuwintang #ภูวินทร์ตั้งศักดิ์ยืน #ก้อยนัตตี้ดรีม #goynattydream
1863	Zfy2LO9B3No	short	other	12813	หนุ่มนอกจีบกันแบบนี้! #GoyNattyDreamChannel
1864	nDKkYV1heE4	short	other	12772	ชิลชิลคือความสุขของดรีม!🥺🐶 #goynattydreamchannel #ดรีมอภิชญา
1865	uHZwEozZHzE	short	other	12770	คู่ซี้ ที่เป็นคำตอบกันและกัน #goynattydreamchannel
1866	j1khtxh8_SE	short	other	12753	สามข้อวัดความรู้ใจ#โอ๊ตปราโมทย์#ป๊อบปองกูล #CarราCarซัง#goynattydream #ก้อยนัตตี้ดรีม
1867	FrTMsV2N0NQ	short	other	12737	โทมัส ปล่อยโป๊ะกลางรายการ! #goynattydreamchannel
1868	ueYpkf3nwL0	short	other	12713	จากใจคนที่แต่งงานแล้ว #goynattydreamchannel
1869	6nkNavob0Hw	short	other	12710	ลีน่า - หมิว คู่ที่เนียนทีสุดในAmbulove #goynattydreamchannel
1870	xdS35iVapls	short	other	12700	ไม่มีแฟนไม่เป็นไร แต่….. 😵‍💫 #ยังไงไหนเล่า #ต้นหอมศกุนตลา #goynattydreamchannel
1871	xeuey6xFwZo	short	other	12680	แล้วแพ้ทางมั้ยค้า เอ้ย ไม่ใช่ๆๆ🙈🙈#CarราCarซัง #ตรีนาย #ตรีภรภัทร #นายณภัทร#ก้อยนัตตี้ดรีม
1872	03VN85iqGn8	short	other	12679	ศึกระหว่าง แมนยู VS ลิเวอร์พูล 🔥 #goynattydreamchannel
1873	6nI3ggymZ2A	short	other	12651	บิวกิ้น กับ พีพี ❌ ลิ้นกับฟัน ✅ #goynattydreamchannel
1874	J8CcNniM9Gg	short	other	12600	โตขึ้นก็เคารพกันมากขึ้น#CarราCarซัง #ก้อยนัตตี้ดรีม #urboytj #gavind #goynattydream
1875	nbfjBdUF7Q0	short	other	12526	คิดยังไงกับคำว่า "แต่งงาน" #goynattydreamchannel
1876	wXgsjHZrMmg	short	other	12523	เคล็ดลับปรับจูนความสัมพันธ์ของอนันดา-ณัฐ กว่าจะมาถึงวันนี้! 💖#ก้อยนัตตี้ดรีม #อนันดา
1877	ztBfmnvRH8A	short	other	12439	ฟักทองโอเวอร์โหลด🤣#แดงไบเล่ย์ #จี๋สุทธิรักษ์ #ก้อยนัตตี้ดรีม #goynattydream #geesutthirak
1878	p0_0SmWb_dc	short	other	12411	แล้วพี่ชอบหมาเด็กหรือหมีทะเล้นครับ#คาราคาซัง #กระทิงมีน #tingmeen #ก้อยนัตตี้ดรีม #goynattydream
1879	5gD19SRUU6s	short	other	12394	ถ้าวันนี้ต้องตาย "ก็ไม่เสียดาย" #goynattydreamchannel
1880	TRwdXnsoExw	short	other	12386	ขี้หึงแล้วขี้อ้อนมากจริงรึเปล่า?🫣#เจมส์พาย #เจมส์มาร์ #goynattydream #jamesma #ถ้าหนูรับพี่จะรักป่ะ
1881	0RkfW4NpKGo	long	talk	12386	ช่างแต่งน้า EP.5 ช่างพี่เกรซ มาช่วยแต่งหน้าในลุคของ“คลั่งรักไม่พักเลย”#เกรซกาญจน์เกล้า #ช่างแต่งน้า
1882	rTEms4ElM3s	short	other	12380	ขอ 1 คำ ให้ไทยแลนด์ 🇹🇭 #goynattydreamchannel #ก้อยนัตตี้ดรีม #kissoflife
1883	hdikEfJG49I	short	other	12370	ปฐมพยาบาลกับคุณกาน#ก้อยนัตตี้ดรีม #goynattydream
1884	lP0dibv_Z1c	short	other	12331	เมื่อพนักงานต้องมาประเมินช่องตัวเอง#ก้อยนัตตี้ดรีม #goynattydream #ปะทะCEO
1885	tAsgoOP09jU	short	other	12315	น้ำหอมนาราดา โสดแล้วนะ!! #น้ําหอมนาราดา #friendsflyth #ep19 #เฉพาะกิจ3 #goynattydream
1886	HVehVG9vztE	short	other	12312	ถ้าอายุ 25 วงยังไม่ดัง จะเลิกทำ! #goynattydreamchannel
1887	O1ebhL1PA-Q	short	other	12253	ใส่ใจกันมากคู่นี้😚👉🏻👈🏻#ก้อยอรัชพร #ก้อยนัตตี้ดรีม #goynattydream #โอบปราง
1888	Fh2cfXJttTU	short	other	12236	ไหนใครมีน้องหมา ลองติดต่อ “ครูพี่วิน” ไปฝึกได้นะคะ เซียนมากกกกก 🐶✨✨✨#ก้อยนัตตี้ดรีม #วินเมธวิน
1889	fnx8CIZ-KrA	short	other	12198	ใครไปอินเดียแนะนำให้จ้างไกด์ #goynattydreamchannel
1890	_W5IwOyaIqM	short	other	12169	เมื่อทีมสาวโสดก้อย-มารีญา ปะทะทีมคนมีคู่นัตตี้-ดรีม ไหนใครเห็นด้วย มาแชร์กันหน่อย 🥳#ก้อยนัตตี้ดรีม
1891	2e6FvST3GUQ	short	other	12164	พี่ว่านผู้ช่วยชีวิต รักเยย🫶🏻💖#ก้อยนัตตี้ดรีม #goynattydream
1892	bK3EvVZFqOA	short	other	12154	แม่ๆอยากบอกอะไร หลังลูกไปมีชีวิตคู่ #GoyNattyDreamChannel
1893	MOKiQc7Q6zQ	short	other	12149	ห้าแบงค์แดงเที่ยวได้จริง..หรือจ้อจี้ ตอนจบรู้เลย 🙊💸 #ก้อยนัตตี้ดรีม #friendsflyth
1894	BLj2_6fVd6w	short	other	12114	ความสัมพันธ์แบบนี้ ควรไปต่อ หรือ พอแค่นี้?#goynattydreamchannel
1895	ooY8jQKizbw	short	other	12052	ศึกทายใจของสองหนุ่ม ใครจะเดาใจเก่งกว่ากัน #ก้อยนัตตี้ดรีม #goynattydream#karnfoei #กานเฟย #ปล่อยกูไป
1896	_2966v7SCCA	short	other	12027	“ลืมเวลา” | OFFICIAL TEASER Goy Arachaporn
1897	HitGyBQYfyY	short	food	12024	ชาว 6 ฉาก กินคลีนไหม #goynattydreamchannel
1898	SCGzhz_eU_M	short	other	11975	อรุณสวัสดิ์ เช้าแล้วอย่าลืมตื่นกันนะคะ #ลืมเวลา #GoyArachaporn #เพลงดังtiktok
1899	mERJXLpE-Do	short	other	11962	อัพเดตชีวิตแต่ละคน!🙌🏻🙌🏻 #Friendfly #อัพเดตชีวิต #ก้อยนัตตี้ดรีม #goynattydream #เพื่อน
1900	mTCaOirt8WM	short	other	11911	บางนามีมีน🫣🫣 #ก้อยนัตตี้ดรีม #goynattydream #goynattydreamchannel
1901	Vme5IkFTf0w	short	other	11895	ส่อง Top 5 นักบอลในดวงใจของชาริล ชัปปุยส์! ไหนใครชอบเหมือนกันบ้างงง💖✨ #ก้อยนัตตี้ดรีม #ชัปปุยส์
1902	lKmAmz2iQBM	short	other	11887	ข้างๆเธอไปอย่างนี้ ให้หัวใจรู้สึกดี🌻#GNDDrunkInLove #ทานตะวัน #Goyarachaporn #Sunflower
1903	6SeWFWT0Uw4	short	other	11881	บุกบ้าน ก้อย อรัชพร!!! #ก้อยอรัชพร #ก้อยนัตตี้ดรีม #goynattydream
1904	NnQhO7HOgqg	long	other	11850	ภูสอยดาว vs ลำคลองงู #ก้อยนัตตี้ดรีม #goynattydream #karnfoei #กานเฟย #ปล่อยกูไป
1905	qKoECwx_a6o	short	other	11846	คำพูดนี้ที่แอบหนาว#MyAmbulove #KengNamping #เก่งน้ำปิง #ก้อยนัตตี้ดรีม #goynattydream
1906	eNYOqnY6py8	short	other	11784	อวยพรจนนัตตี้ร้องไห้! 🎂🥹#goynattydreamchannel
1907	dSxUkAHEQ4I	short	other	11776	จุดเปลี่ยนความคิดเด็กเกเร #goynattydreamchannel
1908	YLZjIsjBbuQ	short	other	11771	ขอไปเติมป่าด้วยรถอีแต๊ก #goynattydreamchannel
1909	ia-M02X8sZM	short	other	11747	ชอบใครก็จะแอบมอง แหนะๆ🫣🔥 #นุนิว #ยังไงไหนเล่า #นุนิวซี #นุนิวชวรินทร์ #ซีพฤกษ์พานิช #ซีนุนิว
1910	_EiIi5IwCj8	short	other	11746	โมเมนต์ขอแต่งงานบนยอดเขา #goynattydreamchannel
1911	bxp6KMW2HvE	short	other	11714	เราก็เท่ซะด้วยอะ😎😎#MyAmbuloveXJuniorMark #GoyNattyDream #ก้อยนัตตี้ดรีม #junniorrs #markjrtn
1912	qxNHtI1YGuo	short	other	11710	ปัตตานีไม่ได้น่ากลัวอย่างที่คิด?!🤔 #ไปค่ะพส #ก้อยนัตตี้ดรีม #goynattydream #ตะลุย #ปัตตานี
1913	PsmybNq_Eb0	short	other	11647	เลือกมีแฟนเป็นแกได้ปะ?! 😳 #goynattydreamchannel
1914	CoVg6b-A0rE	short	other	11597	หรอ🤨 หรอ🥰#ลำดับวัดใจ #ราคีTHESTAIN #ก้อยนัตตี้ดรีม #goynattydream
1915	w8X-35qZCWI	short	other	11575	ยังค่ะ ยังไม่พร้อม ขออนุญาต Disconnect 🤣 #ก้อยนัตตี้ดรีม #goynattydream #Hyrox
1916	TSew9HCDukQ	short	other	11551	ไอ่เราก็เป็นคนเม้าแฟ่ดซะด้วยสิ 😂 #goynattydreamchannel
1917	b728rJvoxjQ	short	other	11536	แกล้งเพราะชอบปะคะๆ #โมแพร #MyAmbulove #ก้อยนัตตี้ดรีม #goynattydream
1918	wkJJJ6q7hBQ	long	other	11486	งานนี้บอกเลยมีน้ำตา!! #GNDDrunkInLove #goynattydream #ก้อยนัตตี้ดรีม
1919	qJOs1E-qdNs	short	other	11464	เรียนรู้ไปพร้อมกันนะ #carราcarซัง #สกายนานิ #skynani #ก้อยนัตตี้ดรีม #goynattydream
1920	uO3tV4aANqI	short	other	11442	ขบวนการแก๊งแมวเหมียว 🐱 #goynattydreamchannel
1921	71Ypa5FcuTc	long	other	11427	ข้อความจากน้องสาวถึง นนน #goynattydreamchannel
1922	saKzk7RJGnI	short	other	11415	เพลงโปรดของคู่นี้ #goynattydreamchannel
1923	OgCu-ziO04o	short	other	11414	เจอกันครั้งแรก - สงกรานต์ มายด์ #goynattydreamchannel
1924	YldP6MFoo5U	short	other	11383	ก็น่ารักจริงๆ💖💘#bambambaipor#GoyNattyDream #ก้อยนัตตี้ดรีม #bbaiporuary #doublebamm
1925	l2tDuqryUrs	short	other	11381	ชัปปุยส์ก็เคยเป็นติ่งซีรีส์ฮอร์โมนส์! เป็นวัยใสซื้อสไปรท์เหมือนกัน 😂😂😂#ก้อยนัตตี้ดรีม #ชัปปุยส์
1926	hfbpE2MwuhA	short	other	11377	Character ประจำตัว#carราcarซัง #สกายนานิ #skynani #ก้อยนัตตี้ดรีม #goynattydream
1927	alWkt-2-yac	short	other	11311	อยากใช้เวลากับครอบครัวให้มากที่สุด #goynattydreamchannel
1928	jSutvADhxjc	short	other	11308	คู่หู Big guy มาแล้วคร้าบบบ#CarราCarซัง #ก้อยนัตตี้ดรีม #goynattydream #เตตะวัน #ต้าห์อู๋
1929	8TGP8N5jV4I	short	other	11289	พี่ต้าปั้นบัวลอยเพื่อนัตตี้#ก้อยนัตตี้ดรีม #goynattydream #vlog
1930	vGLfceujPT0	short	other	11266	นํ้าจิ้มคลีน สูตรมีนดรีม #goynattydreamchannel
1931	qwvqcflJn5w	short	other	11222	จุฬาเดทที่ไหนน้ออ🤭#bambambaipor#GoyNattyDream #ก้อยนัตตี้ดรีม #bbaiporuary #doublebamm
1932	7dHmO16k6Cs	short	other	11169	เซียมซี สุ่มเครื่องดื่ม #goynattydreamchannel
1933	OAp1sTucqqk	short	other	11161	โสเภณีอายุ 70 ค่าบริการ 300 บาท #goynattydreamchannel
1934	PzS6OuluJ-M	short	other	11148	ต่อไปไม่เรียกพี่ละเรียกแฟน 😳 #goynattydreamchannel
1935	1s9dDh_rj94	short	other	11136	ชอบคนนี้จีบยังไง เจมส์จิพูดไปปป! #เจมส์จิ #ชอบ #จีบยังไง #ถ้าหนูรับพี่จะรักป่ะ #ก้อยนัตตี้ดรีม
1936	ka7P38kB140	short	other	11111	Sunflower (ทานตะวัน)🌻— Goy Arachaporn18.04.26 | 6 P.M. #Sunflower #ทานตะวัน #Goyarachaporn
1937	oZ7vOGMpD1k	short	other	11107	ขอเป็นแฟนได้ไหม 🫣 #goynattydreamchannel
1938	or74c4eteFI	short	other	11076	ถ้าหนูรับแล้วพี่จะรักปะ produced by Paper Planes จะออกมาเป็นยังไง #ก้อยนัตตี้ดรีม
1939	UF95upexBWA	short	other	11073	เมา=กินข้าวเหนียว!😂 #ยังไงไหนเล่า #พีคภัทรศยา #goynattydreamchannel
1940	DwM8bOpbcUg	short	other	11063	เป็นกำลังใจให้ธามไทนะคะ #goynattydream #ก้อยนัตตี้ดรีม #ถ้าหนูรับพี่จะรักป่ะ #ธามไท
1941	046-zLyT1fI	short	other	10989	การเป็นนักแสดงอย่างเดียวยังเป็นอาชีพไม่ได้ #goynattydreamchannel
1942	yj-cU9KUdIQ	short	other	10981	เด็กก็น่ารักใช่มั้ยคะพี่แบมม🥰#bambambaipor#GoyNattyDream #ก้อยนัตตี้ดรีม #bbaiporuary #doublebamm
1943	wRF4Pudo59E	short	other	10979	พวกเธอแอบกอดกัน ชั้นเห็นนะ!!🤭💖 #แทนญดา #tanyda #goynattydream#ก้อยนัตตี้ดรีม
1944	4_3nfLVTKO8	short	other	10973	พี่น้องบ้านนี้เป็นห่วงอะไรกันบ้าง #goynattydreamchannel
1945	vao9LkZHzzg	short	other	10943	เสียง80เท่านั้น😅 #ยังไงไหนเล่า #goynattydreamchannel #นนท์อินทนนท์ #ก้อยนัตตี้ดรีม
1946	HKr2OwPRZuU	short	other	10912	1คนดัง เปลี่ยนชีวิตทั้งครอบครัว #goynattydreamchannel
1947	rMyM8hUJRb0	short	other	10902	ไบร์ท-กลัฟ จะเลือกใครก่อนน้า🤔❔ #เลือกฉันก่อนเธอ #goynattydreamchannel
1948	-mWQLXeOUH8	short	food	10889	ตะลุยกินย่านพาหุรัด 😋 #goynattydreamchannel
1949	bxSnY6h8n0A	short	other	10888	เจอนักเรียนน่ารักแบบนี้ ครูไบเบิ้ลจะดุม๊ายยย!#goynattydream #ถ้าหนูรับพี่จะรักป่ะ #ไบเบิ้ลวิชญ์ภาส
1950	Oqpv4w6zke8	short	other	10875	วุ้นเส้นไม่หวังแต่งงานอีกแล้ว #goynattydreamchannel
1951	9hu5B9c7Oh4	short	other	10849	แก๊ง #friendsfly เล่นเกมตีหัว ใครจะเนียนที่สุด #goynattydream #ก้อยนัตตี้ดรีม #violettewautier
1952	b68s0nwj2bw	short	other	10846	เจมส์จิตอบยังไงให้ยังน่ารัก😳😳💖🫰🏻 #เจมส์จิ #เจมส์จิรายุ #ก้อยนัตตี้ดรีม #goynattydream
1953	EjgFf-2pZ38	short	other	10802	แม่แอฟว่ายังไง ปีใหม่อยากมีน้อง🫣#แม่แอฟ #แอฟทักษอร #น้องปีใหม่ลูกแม่แอฟ#ยังไงไหนเล่า #goynattydream
1954	ApTk-a8odtM	short	other	10779	ฉายาสุดยาวของ 2 สาว หลิง-ออม #goynattydreamchannel
1955	GOVGMAGul0c	short	other	10773	งอนแล้วนะ งอนแล้วนะ เธอไม่มาง้อกันซักที~#ใบเฟิร์นพิมพ์ชนก #BaifernBah #ก้อยนัตตี้ดรีม #goynattydream
1956	GNZrKL6KzlM	short	other	10760	บอกเลย มองคนผิดไป! #goynattydreamchannel
1957	I1xD7QzcmPg	short	other	10733	คนที่ใช่จะมาในเวลาที่ใช่ #goynattydreamchannel
1958	6Fdg12TaO9Q	short	other	10731	pov หรือเรื่องจริงกันน้าา🫣🫣#ออเล้ง #AugustLeng #ก้อยนัตตี้ดรีม #goynattydream
1959	dspI1i9h5kw	short	other	10728	เหตุผลการเป็นนักร้อง = ลบดราม่าตอนอายุ15 #goynattydreamchannel
1960	x1X830ZukUI	short	other	10703	ป เปล่า กลัวนะครับบ🥶😨 #ก้อยนัตตี้ดรีม #goynattydream #เจ้านายจินเจษฏ์ #JAONAAY
1961	DMq7qzro5D0	short	other	10691	เห็นเงียบๆแบบนี้ สเตปผมไม่ธรรมดานะครับ #เทศน์ไมรอน #perthkvsr #คาราคาซัง #ก้อยนัตตี้ดรีม
1962	6YgKntGYjNQ	short	other	10684	ร้อยคนทัก รักหมดเลย #goynattydreamchannel
1963	Ou2TT_OiaBY	short	other	10672	โยเกิร์ตบาร์คสูตรนัตตี้ 😋 #goynattydreamchannel
1964	vZk4GinLSJk	short	other	10623	แด๊ดดี้สายฟาดมาเอง อิอิ!! #รถไฟฟ้า #แด๊ดดี้ขยี้เผด็จการ #ศิธา #แด๊ดดี้สายฟาด #ก้อยนัตตี้ดรีม
1965	QfCfLQzI5x4	short	other	10611	ที่รักคะ ที่รักขาา💕💕 #Friendsflyth #วาเลนไทน์ #goynattydream #ก้อยนัตตี้ดรีม
1966	Q2FauxsBY-M	short	other	10601	แข่งทำอาหารแบบห้ามใช้เสียง!!! #goynattydreamchannel
1967	Vuux7wzBbUw	short	other	10558	ถามเร็วตอบเร็วกับหมอฟรัง#ก้อยนัตตี้ดรีม #goynattydream #Hyrox
1968	bEM_W-f0508	short	other	10549	เมื่อท็อปแท็ปโดนหลอก ก็เลยเต็มปากเต็มคำ😂 #ท็อปแท็ป #ถ้าหนูรับพี่จะรักป่ะ #goynattydream
1969	qr-QDB5rK1Q	short	other	10544	ประสบการณ์เกิดหลุมอากาศบนเครื่อง #ก้อยนัตตี้ดรีม
1970	fGMVVbQJm4I	short	other	10479	งานที่รักหรือสังคมที่ดี#ก้อยนัตตี้ดรีม #goynattydream #ปะทะCEO
1971	3AISJmjtRGY	short	other	10440	จริงๆแล้วบอสสอกแค่เล่นมุก5555555 #บอสสอก #ใบ้คํา#ยังไงไหนเล่า #pixxie #ก้อยนัตตี้ดรีม
1972	CepKZmwNgvo	short	other	10435	วี วิโอเลต DIY ชุดจาก กกน กระดาษ 🤩😂 #goynattydreamchannel
1973	rXZf4O7ZOJE	short	other	10412	สิ่งทีเยียวยาวันเมนส์มา #goynattydreamchannel
1974	AV67Ggg4GZ4	short	other	10388	ขอเป็นที่แรกที่ได้รู้ความลับได้มั้ยจ้ะ👀#carราcarซัง #สกายนานิ #skynani #ก้อยนัตตี้ดรีม
1975	o_-iS9ROnZc	short	other	10385	ที่พูดมาก็ถูก!!55555#bambambaipor#GoyNattyDream #ก้อยนัตตี้ดรีม #bbaiporuary #doublebamm
1976	iIQo5lBd1yw	short	other	10370	อุ๊ยย ใจตรงกันเว่อร์#โมแพร #MyAmbulove #ก้อยนัตตี้ดรีม #goynattydream
1977	GGeM7BdudvE	short	other	10340	เลือก 1 สถานที่เดต❣️🎇 #goynattydreamchannel
1978	OHHyhd31bvU	short	other	10338	มางเลือกพี่จั๋งเป็น พระเอก MV เองค่ะ 👉🏻👈🏻 #goynattydreamchannel
1979	qP-vbLm9DMc	short	other	10327	จะผ่านไปกี่ปี ก็ยังเหมือนเดิม 💖💖 #goynattydreamchannel
1980	LZ-eGyTdDLY	short	other	10321	เรื่องกล้วยๆ 🍌ทีมปอกเปลือก vs ทีมไม่ปอกเปลือก #goynattydreamchannel
1981	0RZM4NOX2Kg	short	other	10308	จากใจคนเคยโดนนอกใจ #goynattydreamchannel
1982	mD-3V5uU8Lo	short	other	10304	กระสัง First Time 🍋‍🟩 #goynattydreamchannel
1983	q6WTVirLos0	short	other	10260	กรรเชียงก็มีฟรีสไตล์ก็มา แล้วมีท่าผีเสื้อมั้ยจ๊ะ#GoyNattyDream #ก้อยนัตตี้ดรีม #goynattydreamchannel
1984	sM0P8XTuZSE	short	other	10258	แก๊งนี้ ชอบเดินแบบ #goynattydreamchannel
1985	hH77NH8vEO4	short	other	10250	จะได้กี่คะแนนน้าา??🤨#MyAmbulove #ออเล้ง #AugustLeng #ก้อยนัตตี้ดรีม #goynattydream
1986	Be8FsnVuQCM	short	other	10249	คุณแม่ว่ายังไงบ้างค้าา#goynattydream #ก้อยนัตตี้ดรีม #วันแม่
1987	YQhY8d7PfaM	short	other	10206	กอดน๊าาาพี่แกรนด์❤️‍🩹 #แกรนด์thestar #ศัลยกรรม #เกรซแกรนด์ #แกรนด์thestar #แกรนด์เกรซ
1988	qBcHJGk4NkI	short	other	10176	ไม่เลี้ยงหมา = 😂 #goynattydreamchannel
1989	fpe3lYUxAPo	short	other	10170	คนทรงแบ้ดๆนี่เขาแบ้ดกันจริงมั้ย? มาฟังมุมความรักของหัวหน้าแก๊งสุดแบ้ดกันค่า🥹🤟🏻😈#ก้อยนัตตี้ดรีม
1990	wo2x4piz8iU	short	other	10169	“ลืมเวลา” - Goy Arachaporn OFFICIAL MUSIC VIDEO OUT NOW!
1991	ZKjyFRiPCQw	short	other	10135	ใครจะอยู่หรือไป ชีวิตเราต้องดีเหมือนเดิม #goynattydreamchannel
1992	UFSNw0eAMYE	short	other	10122	🥹#gndonelastride #goynattydreamfanmeet #ก้อยนัตตี้ดรีม #ก้อยอรัชพร #นัตตี้นันทนัท #ดรีมอภิชญา
1993	tud9RqjzcO0	short	other	10087	ดู CarราCarซัง Ep.19 กันรึยังครับบ🥊 #CarราCarซัง #อเล็กซ์จีซัง #DICE#ก้อยนัตตี้ดรีม #goynattydream
1994	tOxORNgY44E	short	other	10061	ถามเร็วตอบเร็วในหกฉาก!! #หกฉากครับจารย์ #goynattydreamchannel #ถามเร็วตอบเร็ว
1995	WRMWP85949A	short	other	10059	แจ้มีโบว์เป็นน้องสาวแค่คนเดียว #goynattydreamchannel
1996	5o9gatovpdU	short	other	10042	จากใจคนเคยเจ้าชู้มาก่อน #goynattydreamchannel
1997	qTE9Qsnfd2k	short	other	10035	อย่ารอให้ถึงวันที่ไม่มีโอกาสอีกแล้ว #goynattydreamchannel
1998	Bd09trUlC68	short	other	10033	ถ้ากรมีพีพีเป็นแฟน กรจะภูมิใจ #goynattydreamchannel
1999	lqL1mK7jDVk	short	other	10006	เปิดใจเคลียร์?!!! #กอล์ฟไมค์ #กอล์ฟพิชญะ #ไมค์พิรัชต์ #ถ้าหนูรับพี่จะรักป่ะ #goynattydream
2000	erxS9NXY3CM	short	other	9983	#ต้นหนแพรว 🫣 #goynattydreamchannel
2001	Dv7LKGYnGvI	short	other	9970	กอดกันมั้ย!! #ยังไงไหนเล่า #นนท์อินทนนท์ #goynattydream #goynattydreamchannel
2002	JlKdKX8e_EQ	short	other	9968	ไบเบิ้ลลลลล🥹 #ไบเบิ้ลวิชญ์ภาส #ไบเบิ้ล #ถ้าหนูรับพี่จะรักป่ะxไบเบิ้ล #goynattydream
2003	tcvUGVMJZZo	short	other	9933	รู้จักมา 10 ปี พีพีชอบอะไรบิวกิ้น #goynattydreamchannel
2004	5pX66v3WyTE	short	other	9914	ประสบการณ์ที่ท้าทายตัวเอง#มื้อสุดท้ายก่อนตาย #ณเดชน์ #ณเดชน์คูกิมิยะ #ก้อยนัตตี้ดรีม #goynattydream
2005	30GrI25yOKM	short	other	9900	ความสัมพันธ์พ่อลูก ต่อกับพี่ย้ง #goynattydreamchannel
2006	2sZMOpcL-p8	short	other	9871	5 July AD 2024
2007	D4v0dpM493A	short	food	9849	ฉันไม่เคย one night stand! มาดูกันว่าใครจะกินบ้าง #เอิ้กชาลิสา #นัทนิสา #มิ้วกี้ไปรยา #goynattydream
2008	A6jIkHbl5WA	short	other	9832	เกรทจะจีบเองเต้ยเอง! #goynattydreamchannel
2009	dQ6q5H4yq78	short	other	9822	ครั้งแรก!! เปิดออฟฟิศใหม่ก้อยนัตตี้ดรีม #goynattydreamchannel #ก้อยอรัชพร #นัตตี้นันทนัท #ดรีมอภิชญา
2010	Xt0mfNk30AE	short	food	9809	นัตตี้กับพี่แมน แว้นตุ๊กตุ๊กไปเดทที่เยาวราช! แอบบอกต่อร้านลับสำหรับวาเลนไทน์นี้ด้วย #ก้อยนัตตี้ดรีม
2011	MFjIJ1aRAeg	short	other	9800	mvp ในแต่ละด้านจะเป็นใคร!?!#ก้อยนัตตี้ดรีม #goynattydream #karnfoei #กานเฟย #ปล่อยกูไป
2012	wS9au0jcezc	short	talk	9771	แอบคิดไม่ซื่อตั้งแต่ตอนไหนคะ?!?!#คุยความรักต่างวัย #ก้อยนัตตี้ดรีม #goynattydream
2013	zyiz40cNTC4	short	other	9756	วีเจวุ้นเส้น ใครเห็นก็ว่าแซ่บ 🔥 #goynattydreamchannel
2014	xtHd-ooQzHU	short	other	9741	Master Class วันนี้ = ชีเสิร์ฟ(ถาด) 😂 #goynattydreamchannel
2015	smLwdYSWEXE	short	other	9736	พรุ่งนี้เลือกตั้งแล้ว เตรียมตัวให้พร้อม!⏰ 8.00–17.00 น. ไปใช้สิทธิ์กันนะค้าา
2016	2aIn9emt6i8	short	other	9732	คลอดีน ชื่นชอบคนที่ทัศนคติ🥰! #ยังไงไหนเล่า #คลอดีน #นาดาว #ฮอร์โมน #คลอดีนอทิตยา #goynattydream
2017	JZZTR-fj9DU	short	other	9691	เมื่อลองให้บิวกิ้น พีพี หวานโชว์ #goynattydreamchannel
2018	hNmwy89DSwE	short	other	9659	ดรีมจะแต่งงานเมื่อไหร่นะ 🤭 #goynattydreamchannel
2019	HonQUtCEEtI	short	other	9646	เทศน์คนเท่ห์💖#เทศน์ไมรอน #perthkvsr #คาราคาซัง#goynattydream #ก้อยนัตตี้ดรีม
2020	RG79kU9niWo	short	other	9643	ขอบคุณ Sponsor ทุกท่านที่มาร่วมเดินทางไปสู่ The New Chapter กับเรานะคะ #GNDOneLastRide
2021	cg6H3tul-t4	short	other	9639	บทเลือกคน#ก้อยนัตตี้ดรีม #goynattydream#ดาราลัยเดอะมิวสิคัล#DaralaiTheMusical#gobeyondtheatre
2022	x8aRmcL8w20	short	other	9615	ขอมาเติมความหล่อให้กับวงนะคร้าบบ😎#CarราCarซัง #ก้อยนัตตี้ดรีม #urboytj #gavind #goynattydream
2023	NlCXPuG2fQ0	short	other	9574	ตอบกลับคอมเมนต์ “เชียร์ชอบผู้หญิงตั้งนานแล้ว” #goynattydreamchannel
2024	0AmpwEzFB7g	short	other	9570	หอยนางรม ที่สุราษฎร์ เด็ดจริงไหม!!! #goynattydreamchannel
2025	-scbk3L_YJU	short	other	9531	ใครเขินสารภาพมา!🫣😳 #เจมส์มาร์ #เจมส์พาย #ถ้าหนูรับ #ถ้าหนูรับพี่จะรักป่ะ
2026	ac91PkwgscY	short	other	9521	20 ธันวาคม 2568
2027	vP0W24VhDHw	short	other	9518	20 ธันวาคม 2568
2028	UwP9JuvWZCU	short	other	9511	ดินเนอร์กลางป่า ท่ามกลางฝูงตั๊กแตน #goynattydreamchannel
2029	Yvfg7FZkXIA	short	other	9490	เข้าใกล้ความตายครั้งแรกในชีวิต #goynattydreamchannel
2030	5OqCkVLGFEc	short	other	9479	พีเจ = บ้าบิ่นในชีวิตจริง #goynattydreamchannel
2031	mnnFe4cPr28	short	other	9468	I know what you want 🤧💋 #ก้อยนัตตี้ดรีม #goynattydreamchannel
2032	TqnFoMJ4czI	short	other	9434	ว่าน&ป๊อบ กับรักครั้งนี้ #goynattydreamchannel
2033	4wE_sPkEzic	short	other	9428	บิวกิ้น พีพี อยากแต่งงานที่ไหน #goynattydreamchannel
2034	oFhhvzYoD6A	short	other	9409	ถ้ารู้สึกว่าโซเชียลทำร้ายเราให้ลองทำสิ่งนี้! #goynattydreamchannel
2035	5VVHdcThFVo	short	other	9345	June 4, 2023
2036	zRGaGQIoAqI	short	other	9345	ความรักคือ... #goynattydreamchannel
2037	Ki9t_U-X8T0	short	other	9325	แต่งตัว ธีมหนังดัง🎬🍿#goynattydreamchannel #GNDOuting2025
2038	aF2gltOnf7U	short	other	9306	ยิ้มแก้มแตกกกกก😳 #myambulove #goynattydreamchannel #โยชิรินรดา #ณณภัทร
2039	_URLFaydvZQ	short	other	9252	ใครจะแต่งงานคนต่อไป ในแก๊ง Friendsfly #goynattydreamchannel
2040	vP6zomRvbw0	short	other	9239	มิตรภาพครับโบร๋🤭💖 #CarราCarซัง #ตรีนาย #ตรีภรภัทร #นายณภัทร#ก้อยนัตตี้ดรีม
2041	PEii4bMhe2Q	short	other	9235	คู่นี้ทำไมทดสอบกันแปลกๆนะ#uppoompat #poompps #UpPoom #goynattydream #ก้อยนัตตี้ดรีม
2042	eWvrN3r8HMo	short	talk	9205	ความสัมพันธ์คงไม่เหมือนเดิม#คุยความรักต่างวัย #ก้อยนัตตี้ดรีม #goynattydream
2043	zSC4dBM6YMk	short	other	9178	มีคนเลทค่า!!! #มิ้วกี้ไปรยา #เอิ้กชาลิสา #นัทนิสา #ก้อยนัตตี้ดรีม
2044	olq_ncic8HU	short	other	9176	น้องพอใจของทุกคน#Lastsupper #GoyNattyDream #ก้อยนัตตี้ดรีม #พิมพ์พิมพ์มาดา
2045	KCTuNlKkxag	short	other	9165	ข้อความถึงตัวเอง "ในทุกช่วงเวลาของชีวิต" #goynattydreamchannel
2046	ArqLhIYINT0	short	other	9108	น่ารักมากก #ก้อยนัตตี้ดรีม #goynattydream #ยังไงไหนเล่า #วีbnk48 #เฌอปราง #bnk48
2047	K9B5bH9NdnE	short	other	9103	ปีหน้าเดี๋ยวมาอีกก #ก้อยนัตตี้ดรีม #goynattydreamchannel #goynattydream #disneycruiseadventure
2048	PXSVFIjfWYI	short	other	9075	ครั้งแรกในชีวิต!!! เมื่อก้อยต้องโบกรถคนแปลกหน้าเพื่อไปบีทีเอส จะมีคนรับมั้ย?😭🙏🏻#ก้อยนัตตี้ดรีม
2049	rvFTVPM77B0	short	other	9074	นิเทศจุฬา ศูนย์รวม BUS #goynattydreamchannel
2050	ZfIt0rBfCMM	short	other	9058	สงกรานต์ขอระบาย 😝 #goynattydreamchannel
2051	yIRPA8IvyAQ	short	other	9041	ปีนี้ ก้อยจะฝึกปล่อยใจ! #goynattydreamchannel
2052	nxKYSXfnRCg	short	other	9017	ทดสอบความรู้ใจของเพื่อนรักในกลุ่ม ลองเอาไปเล่นตามกันค่ะะะ 😂😂😂#ก้อยนัตตี้ดรีม #friendsfly
2053	zXw1CuHM-ws	short	other	8954	run to me ~ 🏃‍♂️💨 #goynattydreamchannel
2054	VwYQABM8FHE	short	other	8941	ใครทายผิด จะตามถึงบ้าน #ปรนัย #ว่านธนกฤต #ป็อปปองกูล #คาราคาซังว่านป็อป
2055	Yw6ZsGBo608	short	other	8936	GOYNATTYDREAM ONE LAST RIDE Fan Meeting 💖 จองบัตรได้ที่ The Concert ในวันที่ 12 ก.ค.นี้ แล้วเจอกัน!
2056	IxJarzbdjsM	short	other	8921	อดีตเด็กเกเร ดรอปเรียนไม่บอกพ่อแม่ #goynattydreamchannel
2057	OIsL32NZ-vI	short	other	8894	ลูกคิดว่ารับมือไหวมั้ย🤣🤣#โอ๊ตปราโมทย์#ป๊อบปองกูล #CarราCarซัง#goynattydream #ก้อยนัตตี้ดรีม
2058	NxTkmSaLaj8	short	other	8872	รีวิวโรงแรมน่ากลัวกว่าที่คิด #goynattydreamchannel
2059	LBp3rk8sdIQ	short	other	8848	ทำไมอยู่ดีๆโดนหลอกใช้มาซักผ้าคะเนี่ย#ก้อยนัตตี้ดรีม #goynattydream
2060	vucd2lnetEM	short	other	8841	มันบ่แซ่บเท่าตำกินเองใช่มั้ยล่ะ แบมแบม!😂 #แบมแบม #got7 #bambam #ถ้าหนูรับพี่จะรักป่ะ
2061	rVDF5io16uE	short	food	8808	รวมร้านเด็ด!! ตลาดศาลเจ้า #goynattydreamchannel
2062	l5dr_n61MQk	short	other	8786	เต๋อต้นหนโชว์เสียว กลางรายการ!!! 🔥 #goynattydreamchannel
2063	aio86FKPVgw	short	other	8760	สิ่งที่เจอในชีวิตคู่ แบบไม่รู้ตัว #goynattydreamchannel
2064	-Y7xo7ImYW4	short	other	8702	28 ตุลาคม 2568
2065	mWjDIEtM23w	short	travel	8666	เที่ยวญี่ปุ่นช่วงปีใหม่ = ร้านปิด #goynattydreamchannel
2066	PoCl9eYQEFI	short	other	8630	ครีเอทีฟ เขาครีเอทแม้กระทั่งชุด🕺🏻#goynattydreamchannel
2067	VkAy8AY6KEk	short	other	8628	หน้าตาดีเป็นเหตุ #goynattydreamchannel
2068	TVZvsA55nz4	short	other	8605	ชาวช่องหน้าเหมือนสัตว์อะไร#ก้อยนัตตี้ดรีม #goynattydream #ปะทะCEO
2069	FfSCHsL65F8	short	other	8590	แทยง ตำส้มตำอร่อยมมากก!!! 😋🌟 #goynattydreamchannel #nct
2070	mhmipz9nW8s	short	other	8560	ยุคพี่ขอเน้นร้องเพลง#Lastsupper #GoyNattyDream #ก้อยนัตตี้ดรีม #พิมพ์พิมพ์มาดา
2071	qF268M-LEvs	short	other	8536	เทปนี้มีนำตา #ก้อยนัตตี้ดรีม #goynattydream #friendsfly #friendsflyth
2072	-3GT6hxuFJc	short	other	8523	ใครๆก็ต้องมีขาลงในชีวิต อย่างพี่เติ๊ดก็เป็นทาง “ตอบไม่ทันคำถาม” 😂😂😂#ก้อยนัตตี้ดรีม #เทพลีลา
2073	cSp-K98wNAs	short	other	8511	เมนร้อง vs เมนแดนซ์ #goynattydreamchannel
2074	hI4nBVKzVk0	short	other	8511	น้องโรบัสต้ากีบน้องอาราบิก้า🐶☕️#ก้อยนัตตี้ดรีม #GoyNattyDream #dreamapichaya
2075	2x_Wy0miekw	short	other	8435	มันยังไงสิ้ๆ ตอนนั้นทำยังไงไหนบอกหน่อยยย🥹💖#ก้อยนัตตี้ดรีม #goynattydreamchannel #ffk #kamikaze
2076	YgvjAC4VVpU	short	other	8363	เทย์เลอร์ สวิฟต์💖💖 #วีวิโอเลต #friendsflyth #goynattydreamchannel
2077	9n1UlRFI7V0	short	other	8346	ชอบกันขนาดนี้ เป็นแฟนกันเลยมั้ยล่ะ👉🏻👈🏻#MyAmbuloveXJuniorMark #GoyNattyDream #ก้อยนัตตี้ดรีม
2078	lxha3rYTwwQ	short	other	8327	พักใจภูเก็ต2เดื๊อนนนน!😵‍💫 #พักใจ #คลอดีน #ยังไงไหนเล่า #ก้อยนัตตี้ดรีม #goynattydream
2079	Ddfp9REdNTM	short	other	8327	15 พฤศจิกายน 2568
2080	Qc2ex86z2ow	short	other	8316	ผมไม่ใช่คนอร่อยง่ายนะ... 🤭🤪 #goynattydreamchannel #nct
2081	gFO0kiWq6o8	short	other	8316	โสด VS มีแฟน แบบไหนมีความสุขกว่า? #goynattydreamchannel
2082	Sm7AfPgm2Jk	short	other	8275	'โคจรด้วยรัก" - Goy Arachaporn l MUSIC VIDEO OUT NOW!
2083	QJw4szUDsiA	short	other	8250	ดรีมอ่านความในใจ จากแก๊ง Friendsfly #goynattydreamchannel
2084	52yegHZG-J4	short	other	8239	คลาสสิกครับเพื่อน#คาราคาซัง #กระทิงมีน #tingmeen #ก้อยนัตตี้ดรีม #goynattydream
2085	BT_5Vu40dvo	short	other	8202	บรรยากาศเบื้องหลังกองถ่าย “Choose me” 🔥🎥
2086	EJnMuw8RHzw	short	other	8198	หนังผียอดนิยม #goynattydreamchannel
2087	JgUzp7vcd8k	short	other	8191	เลิกกันแล้ว แต่ยังต้องอยู่เพื่อลูก #goynattydreamchannel
2088	NcvHES_gpgs	short	other	8181	รถจะแตกมั้ยคะนี่🤣🤣#CarราCarซัง #ก้อยนัตตี้ดรีม #goynattydream #เตตะวัน #ต้าห์อู๋
2089	MTAAH-D4jBw	short	other	8178	เลือกนักแสดง Zomvivor 1 คนไปหนีซอมบี้ #goynattydreamchannel
2090	TWTsPEUhqGk	short	other	8153	สายมูก็มา ดูดวงกันกลางกองถ่าย มาดูกันค่ะว่าดวงพวกเราจะทะเลาะกันมั้ย🥹💖#ก้อยนัตตี้ดรีม #ตลก6ฉาก
2091	GI7EngTbS_o	short	other	8091	เขาหล่อแต่เขาแปลก! #goynattydreamchannel
2092	BM-fRkQteaM	short	other	8081	แพ็กเกจต้าห์อู๋ กอด หอม จับมือ #goynattydreamchannel
2093	RdMJ_ufplPE	short	other	8050	เจ็บกว่าอกหักคือเสียคนที่รักไป #goynattydreamchannel
2094	UdmrLOLlO2I	short	other	7988	😳😳 #แน็กชาลี #goynattydreamchannel #ก้อยนัตตี้ดรีม
2095	APIuRIgrn08	short	other	7978	ฝ่ายคนโสด vs คนมีคู่ ใครจะชนะ! 😂🥊 #goynattydreamchannel
2096	FtR6jd6cWJA	short	other	7970	ขี่อูฐที่ทะเลทราย ไม่น่ากลัวอย่างที่คิด! #goynattydreamchannel
2097	RzLI09tcYyA	short	other	7953	เกรทเต้ยมีลุ้นไหมมาดู! #goynattydreamchannel
2098	zoOWgqRadGg	short	other	7950	หนังรักเสียนํ้าตายอดฮิต #goynattydreamchannel
2099	iTnGRVlLsGo	short	food	7950	ปีหน้าน้ำหอมจะกินแอลกอฮอล์น้อยลง! #goynattydreamchannel
2100	7hc_QPzN1WI	short	other	7942	เมื่อพี่นิกกี้ไม่อยู่ ก็ได้เวลาเปิดประสบการณ์เดทในชีวิตของน้องก้อย! ไปฟังกัน! 555 😂#ก้อยนัตตี้ดรีม
2101	5FIlAQin1Vs	short	other	7886	คอนเทนต์ที่ชอบที่สุด 2025 "เดินป่า" 🌳🍃 #goynattydreamchannel #gndouting2025
2102	EEp4P2429E4	short	other	7885	กรี้ดดด แทยง!! ไปดูความเท่กันค่ะซิส 😎💖 #goynattydreamchannel
2103	WYkJLrH2hUM	short	other	7877	1 นิสัยของอาโป สมกับเป็น DICE #goynattydreamchannel
2104	3vjBmq-A9gI	short	food	7871	ข้าวเหนียวไก่แบบใหม่ กินแล้วไม่เลอะมือ #goynattydreamchannel
2105	RRxYH2Mw6X4	short	other	7865	จับให้ได้ ใครไม่ใช่เจ้าของโรงงาน?! #goynattydreamchannel
2106	ni6tPo7wNWo	short	other	7859	ความรักจำเป็นแค่ไหน #goynattydreamchannel
2107	TJVeKM1GYrY	short	other	7845	ความรักที่ดี เริ่มที่การรักตัวเอง 💖 #goynattydreamchannel
2108	MP6CQWTTUzA	short	other	7840	ลีน่า - หมิว กว่าจะได้คู่กันไม่ง่าย!! #goynattydreamchannel
2109	RnPghOM9sZ8	short	other	7760	น้องหมา VS พรมปูพื้น 😵 #goynattydreamchannel
2110	bKFkSpvtfEw	short	other	7745	คำขอสุดท้ายของ “อิ้งค์ วรันธร” #goynattydreamchannel
2111	sPQ-bP8BcB0	short	other	7742	หยิ่น-วอร์ ชอบกันเพราะ.. 😍 #goynattydreamchannel
2112	QqMzzSE-56o	short	other	7716	สำรวจประตูเพื่อนบ้าน🧚✨#goynattydreamchannel #goynattydream ##ก้อยนัตตี้ดรีม#disneycruiseadventure
2113	EvszIoipXeg	short	other	7697	พักงานแสดงไป 2 ปีเพราะ Burnout #goynattydreamchannel
2114	7cOGTKSP33U	short	other	7696	ระวัง...สิ้นสุดทางเพื่อน👀🌻💖#Sunflower #ทานตะวัน #Goyarachaporn #GoyNattyDream
2115	6C1tyrXboz4	short	other	7694	15 พฤศจิกายน 2568
2116	vxJL37pGmx8	short	other	7693	MV ใหม่ล่าสุดของวี วิโอเลต!!! มาดูกันว่าโปรดักชั่นระดับนี้จะเป็นยังไง! #ก้อยนัตตี้ดรีม #friendsfly
2117	SfU3ew-HxlM	short	other	7685	แหมมม พ่อหนุ่มปากแข็ง🤪 #โอบนิธิ #หวงแฟน #ถ้าหนูรับพี่จะรักป่ะ #goynattydreamchannel
2118	ZSz6qsIsspg	short	other	7683	เฟยจูเน่ ชอบกันตรงไหนนะ เอ๊ะ!!🤔 #myambulove #ep3 #เฟยภัทร #goynattydreamchannel
2119	_ju4_PWpMRA	short	other	7668	ถามเร็วตอบเร็ว ฉบับ เจแปน!! #goynattydreamchannel #ถามเร็วตอบเร็ว #เจแปนภานุพรรณ #หกฉากวาเลนไทน์
2120	gNEvlujflSI	short	other	7667	นัดสวนเบญไปสวนลุม!#goynattydreamchannel
2121	elM7DgsiJw8	short	other	7640	เริ่มมึนๆแปลกๆ🥴🥴#ก้อยนัตตี้ดรีม #goynattydream #ถูกแพง
2122	8AhBMqPtAmY	short	other	7638	ทิ้งชื่อเสียงที่ไทย ไปหาตัวตนที่นิวยอร์ก #goynattydreamchannel
2123	DpFsVjZ2dKI	short	other	7616	คนแบบนี้เขามีเสน่ห์ #แจ็คกี้ชาเคอลีน #น้ําตาลพิจักรขณา #CarราCarซัง #goynattydream #ก้อยนัตตี้ดรีม
2124	bhIgL-hkkj0	short	other	7591	รียูเนี่ยนแก๊งแมวเหมียว #goynattydreamchannel #friendsflyth
2125	pDcK1CqhRxk	short	other	7567	หมอดูร่ายคาถาได้หรอเนี่ย🔮🤣#GoyNattyDreamXTEN #เตนล์ #TENLEE #ก้อยนัตตี้ดรีม #goynattydream
2126	wrEQAuEIn0A	long	other	7563	แข่งแต่งตัว ธีมอะไรให้ทาย? #GNDOuting2025 #goynattydreamchannel
2127	l2-pkm6ep_M	short	other	7547	เพื่อนที่ทำงานกลายมาเป็นคนในครอบครัว#มื้อสุดท้ายก่อนตาย #ณเดชน์ #ณเดชน์คูกิมิยะ #ก้อยนัตตี้ดรีม
2128	170nmYsfRfA	short	other	7513	โตกว่าเด็กกว่าไม่สำคัญ สุดท้ายก็เลือกแก! #goynattydreamchannel
2129	Aoknjo8OJsk	short	other	7509	เมื่อมีคนบอกว่ามัทฉะไม่แมส #goynattydreamchannel
2130	nSFkT6EU-2s	short	other	7495	Proxie เล่นขนาดนี้ ใครจะไปชนะ!! #goynattydreamchannel #ก้อยนัตตี้ดรีม #proxie
2131	hWshl3kVqLE	short	other	7463	จริงจัง=🤣🤣🤣 #ยังไงไหนเล่า #ฝนนินิว #น่ารัก #ขายขำ #นินิวฝน #คู่กัด #เพื่อนสนิท #goynattydream
2132	T3RDHtrmAno	short	other	7419	Choose Me! 🔥
2133	lpOXSMlg6gs	short	other	7413	สอนเต้าหู้วีน 101#carราcarซัง #สกายนานิ #skynani #ก้อยนัตตี้ดรีม #goynattydream
2134	GIyHh1eGlXo	short	other	7387	ครั้งแรก!!! เปิดตัวแบรนด์ใหม่ก้อยนัตตี้ดรีม #BITCHWITHBRAIN #GND #ก้อยนัตตี้ดรีม
2135	XwVRuoOPNwU	short	other	7375	ก้อยนัตตี้ดรีมจะทนไม่ไหวแล้ว!#MitsubishiHeavyDuty #ปรับให้มีแต่ความสุขในอากาศ
2136	9mgp2YrmR68	short	other	7365	MBTI บอกนิสัยของ (G)I-DLE #goynattydreamchannel #gidle
2137	QCldE6cgLZ8	short	other	7342	อาชีพในฝันของหนุ่มๆ Proxie 🌟 #goynattydreamchannel #ก้อยนัตตี้ดรีม #proxie
2138	oNpKjwdTOk8	short	other	7296	6767676767🤘🏻
2139	p-cfCIzJWrw	short	other	7287	Hollywood คือหมุดหมายต่อไป #goynattydreamchannel
2140	z9hR8eXULSA	short	other	7251	เพลงใหม่ของคนคลั่งรัก ร้องครังแรกที่แฟนมีต!!#GNDDrunkInLove #ก้อยนัตตี้ดรีม #nattynantanat
2141	XsZOxHYWGXo	short	other	7230	หนึ่งในคนไม่ตรง Beauty Standard #goynattydreamchannel
2142	PDXToEG5aus	short	other	7179	เรารักเธอหนัดหนียน🥰💘#ก้อยนัตตี้ดรีม #goynattydream
2143	MgyYhMrNnwc	long	other	7119	เกิดแต่กับก้อย (อีกแล้ว)#goynattydreamchannel #friendsflyth
2144	313SX_Z2ew8	short	other	7090	สรุปใครพาใครมากันแน่ มันส์มากเบสท์🥳‼️ #ครั้งแรก #beskamsing #เบสท์คำสิงห์ #เที่ยวผับ #ยังไงไหนเล่า
2145	ahhkfvgVyEc	short	other	7071	ใครงงกันแน่เนี่ย?😊#imase #ถ้าหนูรับพี่จะรักป่ะ #หนุ่มญี่ปุ่น #goynattydream
2146	3ieLj9-pIGU	short	other	7057	เขินนน😳😳#MyAmbulove #ก้อยนัตตี้ดรีม #OomBam #bamsaralee #oomeisaya
2147	klZ71WNyNAg	short	other	7039	อยากบอกอะไรกับแฟนอีกฝ่าย #goynattydreamchannel
2148	zzbpKeqiQR4	short	other	7036	จาก CarราCarซัง สู่ Ambulove #goynattydreamchannel
2149	vZde_6xuU28	short	other	7009	แพรวพราวเกินไปแล้วนะ!😡 #ก้อยนัตตี้ดรีม #กอล์ฟพิชญะ #กอล์ฟไมค์ #ถ้าหนูรับพี่จะรักป่ะ
2150	4UNCs0KPks0	short	other	7000	ice breaking แบบใหม่หรอค้า🤣 #CarราCarซัง #ตรีนาย #ตรีภรภัทร #นายณภัทร#ก้อยนัตตี้ดรีม
2151	aWoxyIhfStU	short	other	6998	วิลเลี่ยม อยากมีแฟนว่ายน้ำเก่ง #goynattydreamchannel
2152	I3ihlgvRRpY	short	food	6992	เมื่อเพื่อนคุณทำงานหนักเกินไป!! #goynattydreamchannel
2153	oF99ZqHsJQo	short	other	6977	แก๊งนี้เคยโดนหลอกให้รักไหม? #goynattydreamchannel
2154	Iql_KTXxitw	short	other	6911	เฟยฟอร์มดีแบบนี้เพราะกำลังใจล้นแน่ๆ🙈#ก้อยนัตตี้ดรีม #goynattydream #Hyrox
2155	Cy9VBxarytM	short	other	6908	ต้องทำงานที่ไม่ได้เงิน💸 จะทำไหม? #ต้นหน #โต้งบรรจง #ดุ๊กภาณุเดช #goynattydream
2156	UISAEoAkrkY	short	other	6881	เอาความเมาชนะความกลัว#ฉบับดรีม #goynattydreamchannel
2157	49HyzTFfMqE	short	other	6869	แม่55555555🤣#เอิ้กชาลิสา #มิ้วกี้ไปรยา #นัทนิสา #GND
2158	8JngcvyWYeM	short	other	6865	เจนเวทีมาเอง#โอ๊ตปราโมทย์ #ป๊อบปองกูล #CarราCarซัง #ก้อยนัตตี้ดรีม #ก้อยนัตตี้ดรีม
2159	Ex9U0m0qQiI	short	other	6851	เป็นคนจริงจังมั้ยคะเฟย🤣 #เฟยภัทร #จูเน่ #goynattydreamchannel #myambulove
2160	kieRKMiWvI8	short	other	6837	ราพันเซล แคสไทยต้องเข้า “วี-เก้าจิรายุ” แล้วแหละ#goynattydreamchannel
2161	2ITug-cU-bs	short	other	6830	ลอยกันไปลอยกันมา#CarราCarซัง #ตรีนาย #ตรีภรภัทร #นายณภัทร#ก้อยนัตตี้ดรีม
2162	trWZesaxdOI	short	food	6818	เมนูที่ต้องสั่งของ MK #goynattydreamchannel
2163	hZDnlBo3PiE	short	other	6812	นี่เราเล่นถูกหรือเล่นผิดคะเนี่ย😅#ก้อยนัตตี้ดรีม #goynattydream #ปะทะCEO
2164	Vtho2nF1qVM	long	other	6786	ตามไปดูเบื้องหลังอัดเพลง วันนั้นของเดือนกันดีกว่าา #วันนั้นของเดือน #GoyArachaporn #VioletteWautier
2165	i9-T4wHMB7o	short	other	6756	เป็นโสดสบายใจกว่าการมีความรัก #goynattydreamchannel
2166	n-RNJ6vC53E	short	other	6745	เมื่อเป็นแฟนนักกีฬายิงปืน 😎 #goynattydreamchannel
2167	RSM1jeG4mww	short	travel	6718	เที่ยวสวิสทริปชมวิว...ไหนวิว!!?? #นัตตี้แมน #นัตตี้นันทนัท #สวิตเซอร์แลนด์ #goynattydreamchannel
2168	yZpGEwKAe9Q	short	other	6712	เมื่อต่างพรรค ต้องมารักกัน! #goynattydreamchannel
2169	UmsJ1_WwQEc	short	other	6706	จำได้ยันกลิ่นเฉพาะตัว🥰#MyAmbulove #เพิร์ลพีค #pearlpeak #ก้อยนัตตี้ดรีม #goynattydream
2170	Dy5oNs0hNQk	short	other	6688	เคยแคร์คนอื่น จนตัวเองไม่ไหว #goynattydreamchannel
2171	9vQMEMKR62U	short	other	6667	ไอเทมยอดนิยม ที่มักพกไปกองถ่าย #goynattydreamchannel
2172	frSunKjeLcs	short	other	6604	นัตตี้ตามเทรนด์ติ๊กต่อกแล้ว! เล่นเกมสุ่มเลือกกระดาษรับวาเลนไทน์กับพี่แมน น่ารักสุด #ก้อยนัตตี้ดรีม
2173	Bx6qop9UJZ8	short	other	6544	ผ่านเพื่อนเจ้าสาวไปก่อนนะคะพี่แมน😂👰‍♀️ #แมนนัตตี้ #goynattydreamchannel #ถ้าหนูรับพี่จะรักป่ะ
2174	62nzKe11hvA	short	talk	6423	น่ากลัวมากกก พิมประภามาเล่าเรื่องที่เคยโดนผีเข้าตอนเด็ก! 😧😧😧#ก้อยนัตตี้ดรีม #goynattydreamchannel
2175	7on0zt371dc	short	other	6397	อาโปทำพี่นก ฉัตรชัยปาดินสอลงพื้น! #goynattydreamchannel
2176	w1lmhozpzOg	short	other	6368	ช่วยนัตตี้ด้วยยยย😂 #goynattydreamchannel #เกมจับชู้
2177	OXrraheboKs	short	food	6368	ความสุขเล็กๆแค่ได้กินกับดูซีรี่ย์ #goynattydreamchannel
2178	9H6OHFkS7rY	short	other	6353	เปิดใจมุมมองและความรู้สึกของคนเพิ่งอกหัก 😭 ใครเพิ่งอกหักบ้าง มาให้กำลังใจกันน้า💖💖#ก้อยนัตตี้ดรีม
2179	1ta2DX_SC4E	short	other	6303	กระชับความสัมพันธ์เวอร์!!#friendsflyth #goynattydream #ก้อยนัตตี้ดรีม
2180	w8YITS_HkK4	short	other	6302	ควรให้เกียรติทุกอาชีพนะคะ!!❤️ #ยังไงไหนเล่า #กั้งมินิไซส์ #ก้อยนัตตี้ดรีม #goynattydream #ครูกั้ง
2181	efeTYX12nXE	short	other	6296	วิธีรับมือ ถ้าเขาไม่เลือก เพราะเราดังไม่พอ #goynattydreamchannel
2182	6pMMdwGUE0c	short	other	6290	เมื่อก้อยนัตตี้ดรีม ลองปล่อยให้ WayV เล่นผ้าขาวม้า! วุ่นวายสุดๆ 😂😂💖#ก้อยนัตตี้ดรีม #GoyNattyDream
2183	twamhmP0WRE	short	other	6268	“กร-โชกุน จะนกก็เพราะสิ่งนี้” #goynattydreamchannel
2184	Ybks_DZb63c	short	other	6264	WayV พร้อมเป็นคนอีสานเต็มตัว พูดชัดมากกกก 🥹💖#ก้อยนัตตี้ดรีม #GoyNattyDream #wayv #เตนล์
2185	qkPhuSCibAo	short	other	6262	จะรอดมั้ยน้าา #goynattydreamchannel #พีคภัทรศยา
2186	z6AqmMacNco	short	other	6255	โอ๊ต - ป๊อบ จัดอันดับ 10 สาวในฝัน#โอ๊ตปราโมทย์#ป๊อบปองกูล #CarราCarซัง#goynattydream #ก้อยนัตตี้ดรีม
2187	9Ulu1obKoRc	short	other	6253	ถ้าไม่เมา ไม่ใช่ Friendsfly #goynattydreamchannel #friendsfly
2188	QClkXix4L_4	short	other	6245	ตะลุยกิน! สตรีทฟู้ดอินเดีย #goynattydreamchannel #friendsfly
2189	0JaqKFgR6Hw	short	other	6230	คนนี้หรอที่จะมาคู่กับเรา #goynattydreamchannel
2190	_okXg-Na-f8	long	other	6225	อยู่กับปัจจุบันน้าา🫳🏻🫳🏻#LastSupper #phuwintang #ภูวินทร์ตั้งศักดิ์ยืน #ก้อยนัตตี้ดรีม
2191	PUxFsch2g7E	short	other	6217	เปรียบเทียบไวน์แดง#ก้อยนัตตี้ดรีม #goynattydream #ถูกvsแพง
2192	fWXLEAAxUeM	short	other	6200	ถึงกับอึ้ง!!! เมื่อเจอครูลองกอง😂 #เกมจับชู้ #goynattydreamchannel
2193	KxKKVI0-V3A	short	food	6176	ก็ร้านมันลึกลับอ่ะ😂 #ก้อยอรัชพร #goynattydream #ก้อยนัตตี้ดรีม#goyarachaporn
2194	EaIBP-2OG9s	short	other	6149	ร้องไห้ในคอน Blackpink ญี่ปุ่น #goynattydreamchannel
2195	WgvPo5JtnXA	short	other	6140	ทดสอบความรู้เรื่องผลไม้#ก้อยนัตตี้ดรีม #goynattydream #vlog
2196	_xjRz3_40vY	short	other	6137	คิดถึงวัยเด็กที่ไม่มีเรื่องต้องคิด #goynattydreamchannel
2197	HD1U1nvBaI4	short	other	6132	คาดหวังอะไรกับรักครั้งนี้? #goynattydreamchannel
2198	N2XJ2zQGbd4	short	other	6118	แอบเสียอาการเลยนะคะ👀👀#MyAmbulove #ก้อยนัตตี้ดรีม #OomBam #bamsaralee #oomeisaya
2199	yb0NN0djz54	short	other	6088	แฮชแท็กก้อยอ่าน อย่าลืมไปตามอ่านกันเยอะๆน้า📚💗#ก้อยนัตตี้ดรีม #GoyNattyDream #ก้อยอรัชพร
2200	bDs5si2zkk4	long	other	6062	หลังจากดูการแสดงจบแล้ว ทุกคนรู้สึกยังไงกันบ้าง#ก้อยนัตตี้ดรีม#ดาราลัยเดอะมิวสิคัล#DaralaiTheMusical
2201	XfuWPkfqLCU	short	food	6050	ของกินหาดใหญ่ หรอยแรงง!!#ก้อยนัตตี้ดรีม #goynattydream
2202	AjpxF8tVRsQ	short	other	5986	จ้องตาที่ลึกซึ้ง😂💘💘 #myambulove #ไมค์พิรัชต์ #goynattydreamchannel
2203	ZTmMplH_3O4	short	other	5984	ลด 3 โล.. ภายใน 10 ปี #goynattydreamchannel
2204	LYR2kA0bE9c	short	other	5978	ขอให้เธอเปิดใจดูฉันที 🗣️💖#Sunflower #ทานตะวัน #Goyarachaporn #GoyNattyDream
2205	dFluyf1anJA	short	other	5911	มาปั่นคิวปิดล้วนๆ #goynattydreamchannel
2206	sh73AJHn8iI	short	other	5900	ถ้าพีพีชอบใคร จะแกล้งทำเป็นไม่สนใจ #goynattydreamchannel
2207	QTyS3TqttLA	short	other	5893	สถานที่ยอดนิยม ที่มักจะเจอผี #goynattydreamchannel
2208	wEwSQSF5ENw	short	other	5888	ขอหอมหน่อยครับ#MyAmbulove #เพิร์ลพีค #pearlpeak #ก้อยนัตตี้ดรีม #goynattydream
2209	Gq2-sC6NMqc	short	other	5878	นี่มันเศรษฐี ลพบุรี!! #FriendsFly #ก้อยนัตตี้ดรีม #goynattydreamchannel
2210	4By2Ns3vLiE	short	other	5864	ไอดอลสาวกลับมาแล้วว #ก้อยนัตตี้ดรีม #goynattydream
2211	XvldD4a4HWM	short	other	5864	เมื่อก้อย นัตตี้ ดรีม อยากเป็นโสเภณี! #goynattydreamchannel #บางกอกคณิกา #ก้อยนัตตี้ดรีม
2212	LExH0XkSgIg	short	other	5860	ชีวิตจริง Introvert แต่ถ้าเมา Extrovert ทันที#goynattydreamchannel
2213	2OV19zOGy7U	short	other	5858	โอบรู้โลกรู้จริงไหม?🤣#โอบรู้โลกรู้ #ถ้าหนูรับพี่จะรักป่ะ #โอบนิธิ #goynattydreamchannel
2214	7L9ZHCdQ1Nc	short	other	5847	มัดใจอิมาเสะ หนุ่มญี่ปุ่นคารมดี🫰🏻🫧✨#imase #ถ้าหนูรับพี่จะรักป่ะ #หนุ่มญี่ปุ่น #goynattydream
2215	84vcVkOZdaM	short	other	5833	อัพสกิลแล้วนะค้า🐸#ก้อยนัตตี้ดรีม #GoyNattyDream #ก้อยอรัชพร
2216	zCtlbKmXasY	short	talk	5812	ไม่ชอบกันก็แค่แยก#คุยความรักต่างวัย #ก้อยนัตตี้ดรีม #goynattydream
2217	OUMk3ApnCFE	short	other	5780	อยากเล่นเป็นพระดลในซีรีส์ สาธุ #goynattydreamchannel
2218	SKj7Hc_YkWQ	short	other	5779	กอล์ฟ!!!! #กอล์ฟพิชญะ #ถ้าหนูรับพี่จะรักป่ะep114 #ก้อยนัตตี้ดรีม #ถ้าหนูรับพี่จะรักป่ะ
2219	W8iqO6BVvNo	short	other	5753	เก่งน้องรักของพี่ซี#MyAmbulove #KengNamping #เก่งน้ำปิง #ก้อยนัตตี้ดรีม #goynattydream
2220	JUuFM20dVDo	short	other	5746	อองรี คืออันดับ 1 ในใจพี่เอิ้ก 🫣🔥 #goynattydreamchannel
2221	r7ZU25FuKBw	short	other	5744	ถ้าแอบชอบเพื่อน ควรบอกหรือไม่ #goynattydreamchannel
2222	l2o2nTtGlWE	short	other	5715	Chipmunks ทั้งห้ารายงานตัวค่าา #MyAmbulove #ก้อยนัตตี้ดรีม #OomBam #bamsaralee #oomeisaya
2223	BnKhiBgb4Ps	short	other	5666	ขอเป็นศัตรู#โอ๊ตปราโมทย์#โอ๊ตปราโมทย์#ป๊อบปองกูล #CarราCarซัง#goynattydream #ก้อยนัตตี้ดรีม
2224	mlJ5ys7XkVg	short	other	5654	โอ้วแม่สาวน้อย ของKTkratae #KTkratae #MyAmbulove #goynattydream #ก้อยนัตตี้ดรีม #โตชิกระแต
2225	ixNcdGKziSM	short	other	5607	อยากให้ลองเปิดใจคบกันดู😳😳#โมแพร #MyAmbulove #ก้อยนัตตี้ดรีม #goynattydream
2226	3LREOxY2-ro	short	other	5553	เจอกันที่แหลมสมิหลาครับน้องสาว #ก้อยนัตตี้ดรีม #goynattydream
2227	PSnKfULRkLA	short	other	5553	ให้เตนล์นิยามเกสต์แต่ละวัน#GoyNattyDreamXTEN #เตนล์ #TENLEE #ก้อยนัตตี้ดรีม #goynattydream
2228	yDo3tieM-bM	short	other	5542	นัตตี้คือแวะตลอดทาง🤣#นัตตี้ #นัตตี้นันทนัท#goynattydream #ก้อยนัตตี้ดรีม
2229	0XL0UZXF06o	short	other	5532	เพราะน้ำปิงเก่งเลยเปลี่ยนไป#MyAmbulove #KengNamping #เก่งน้ำปิง #goynattydream #ก้อยนัตตี้ดรีม
2230	B6jrUrDMEMU	short	other	5509	ครั้งนี้ขอ All in #ก้อยนัตตี้ดรีม #goynattydream#ดาราลัยเดอะมิวสิคัล#gobeyondtheatre
2231	OS2CEbHqsiE	short	other	5496	3 เรื่อง ที่อยากเปลี่ยนแปลง! #goynattydreamchannel
2232	oAmuhdmOZhI	short	other	5464	zaza ตัวจี๊ดด #Lastsupper #GoyNattyDream #ก้อยนัตตี้ดรีม #พิมพ์พิมพ์มาดา
2233	VKN4nJJ3DwI	short	other	5387	อยากทำอะไรทำได้เลย#goynattydream #ก้อยนัตตี้ดรีม #วันแม่
2234	VClmKubKhxI	short	other	5387	เพราะภูวินทร์เป็นภูวินทร์ เลยมีคนรักมากมาย 🤍 #phuwintang #ภูวินทร์ตั้งศักดิ์ยืน #ก้อยนัตตี้ดรีม
2235	UvtLaOeFRkg	short	other	5366	เหนือความคาดหมาย#ก้อยนัตตี้ดรีม #goynattydream #ถูกvsแพง
2236	m5ZFfOa3p3I	short	other	5355	Friendsfly การละครตบแบบหนังอินเดีย #goynattydreamchannel #friendsfly
2237	sc8l8F9KtEU	short	other	5348	วิธีคิด CEO After You ธุรกิจหมื่นล้าน! ใครกำลังสนใจธุรกิจ ต้องฟัง!👀✨#ก้อยนัตตี้ดรีม #afteryou
2238	MJZg90ADd7k	short	other	5317	น้องจับได้นะพี่อุ้ม!! #MyAmbulove #ก้อยนัตตี้ดรีม #OomBam #bamsaralee #oomeisaya
2239	tZ_ZiuDG5bk	short	talk	5294	ทำยังไงเมื่อแฟนชอบคุยกับผี 👻 #goynattydreamchannel
2240	f5VdZz2WjFY	short	other	5276	มาบินรอบตัวพี่ทุกวันเลยนะ #goynattydreamchannel
2241	Izg0TLkQWXs	short	other	5263	ความแตกต่างของเวอร์ชั่นใหม่#แดงไบเล่ย์ #จี๋สุทธิรักษ์ #ไบร์ทนรภัทร #ก้อยนัตตี้ดรีม #goynattydream
2242	Cg5DYB9AmRo	long	other	5252	หรือพวกเราเป็นคนใจเย็นกันนะ🤔 #ก้อยนัตตี้ดรีม #goynattydream #notep #นทพนายางกูร #จัดอันดับ
2243	or2WTl42pKc	short	other	5232	รีวิวอาหารอินเดีย แบบหวานร้อย 🍽️ #goynattydreamchannel #friendsfly
2244	FthmZanuPLA	short	other	5229	มองอาชีพนักสแดงเป็นศิลปะ #มื้อสุดท้ายก่อนตาย #ณเดชน์ #ณเดชน์คูกิมิยะ #ก้อยนัตตี้ดรีม #goynattydream
2245	ytmUPbngwAU	short	other	5211	เห้ยแกอะไรนะ ก้อยนัตตี้ดรีมจะทำละครเวทีหรอ😽 #ก้อยนัตตี้ดรีม #goynattydream
2246	lyaABMfB6m8	short	other	5204	Red Flag ของนนนคือต่อหน้าดีด้วยลับหลังนินทา #gotnattydreamchannel
2247	Flz-gpq52hA	short	other	5204	เมื่อมีน พีรวิชญ์ พูดถึงครอบครัว❤️ #มีนพีรวิชญ์ #มื้อสุดท้ายก่อนตาย #goynattydreamchannel
2248	MeW9GH47eO0	short	other	5187	เรื่องที่จะทำให้ "โจอี้ โมโห" #goynattydreamchannel
2249	33CsdZ7E56k	short	other	5176	ใครไม่ชอบ แต่พี่ชอบนะ #goynattydreamchannel
2250	2kKxyvBxevw	short	other	5160	ขอดึงทีมชาติเข้าร่วม#MyAmbulove #ออเล้ง #AugustLeng #ก้อยนัตตี้ดรีม #goynattydream
2251	Hq8B-w_oOjw	short	other	5126	เมียเจ้า แต่เป็นทาส vs เมียคนคุก แต่รวย #goynattydreamchannel
2252	xp1H5RAQgG0	short	other	5123	แฮชแท็กทริป เวลาเที่ยวกับเพื่อน #goynattydreamchannel #friendsfly
2253	TgpLYcLS3eg	short	other	5115	3 แซ่บ🔥 จั๋ง ขุนพล อลัน #goynattydreamchannel
2254	dEjs64-BR6I	short	other	5103	ผีที่แต่ละคนกลัว?!! #goynattydreamchannel
2255	w6AKKwrxv0U	short	other	5050	เก่งน้ำปิงมาเสิร์ฟขนาดนี้จะเหงาได้ยังไง😝💖#เก่งน้ําปิง #ก้อยนัตตี้ดรีม #goynattydream #MyAmbulove
2256	fbmasnRmixc	short	other	5043	พี่แมนค้ายอมมั้ยค้าา💘#ก้อยนัตตี้ดรีม #GoyNattyDream #nattynantanat
2257	S6nPTQcM-NI	short	other	5029	แค่ชื่อยังเหมาะสมกันเลยอะ#แทนญดา #tanyda #ambulove #GoyNattyDream #ก้อยนัตตี้ดรีม
2258	qqu-Dq355J0	short	other	5023	มีทั้งหมดถึง8สีเลยน้าาา ฉ่ำๆไปเลยค่า #BITCHWITHBRAIN #ก้อยนัตตี้ดรีม #GND
2259	O9Uw2RSDSpQ	short	other	4999	ดาราหน้าใหม่ของช่อง🤣👏🏻 #ก้อยนัตตี้ดรีม #goynattydream #Vlog
2260	VzUWPlStiyg	short	talk	4995	ญดาขอล็อคมงเรียกแทนมาคุยเลยละกัน#แทนญดา #tanyda #ambulove #GoyNattyDream #ก้อยนัตตี้ดรีม
2261	11in_dKRp1E	short	food	4945	ถ้าเป็นงานตัวเองก็อยากให้ทุกคนได้กินข้าวด้วยกัน #phuwintang #ภูวินทร์ตั้งศักดิ์ยืน #ก้อยนัตตี้ดรีม
2262	hsh8eiqH9jM	short	other	4937	กลัวสำคัญไม่พอ #goynattydreamchannel
2263	X742sPIptho	short	other	4872	อิมาเสะก็ต้องร้อง ว้าวววว!😂🫣 #imase #ถ้าหนูรับพี่จะรักป่ะ #ก้อยนัตตี้ดรีม #goynattydream
2264	15ZEGZdEV2M	short	other	4847	คนอายุ24ที่คิดเรื่องความตายตลอด #goynattydreamchannel
2265	KJZ31QutWSM	short	other	4831	เป้าหมายเล็กๆ “เลิกเลื่อนนาฬิกาปลุก!“ #goynattydreamchannel
2266	oQdY-LGdEVQ	short	other	4798	ก่อนตาย มีนพีรวิชญ์ จะทำอะไร!!! #มีนพีรวิชญ์ #goynattydreamchannel #มื้อสุดท้ายก่อนตาย
2267	usfhq9po1zM	short	other	4754	อยากเป็นแอร์ค่ะ #goynattydream #ก้อยนัตตี้ดรีม #vlog
2268	frdEpYp0xBE	short	other	4729	เธอลองเดาดูว่าฉันชอบแบบไหน ไม่ยากหรอก easy 🫣👀 #goynattydream #ไม่ทักก่อนdancechallenge
2269	44u6Mu8rZNg	short	other	4700	โจ๊ก อัครินทร์ ใจถึงพี่งได้💪🏻#CarราCarซัง #จี๋สุทธิรักษ์ #จ๋ายไททศมิตร #ก้อยนัตตี้ดรีม
2270	7Z_xYKr7_DI	short	other	4682	แต่ละพรรค เป็นคนรักแบบไหน? #goynattydreamchannel
2271	Xp6QvpuohsE	short	other	4608	ไว้ใจและให้อิสระ#ก้อยนัตตี้ดรีม #goynattydream #vlog
2272	SP8y5qMdRYE	short	other	4607	รีวิวห้องพักญี่ปุ่น คืนละ 20,000 #goynattydreamchannel
2273	tSKA_SWh964	short	other	4592	คู่นี้มีราคาต้องจ่าย! #goynattydreamchannel
2274	NF7dBW6ccFE	short	other	4583	Gelboys บอกความในใจ #goynattydreamchannel
2275	3JRr67fVh2o	short	other	4558	มองผู้หญิงเป็นมนุษย์คนนึง#CarราCarซัง #จี๋สุทธิรักษ์ #จ๋ายไททศมิตร #ก้อยนัตตี้ดรีม #goynattydream
2276	bU-1gYEC0zA	short	other	4540	เหนื่อยๆแบบนี้พี่ขอหอมแก้มเติมแรงได้ไหม#โมแพร #MyAmbulove #ก้อยนัตตี้ดรีม #goynattydream
2277	OmbxG2ScaMY	short	other	4519	ฉันมีความสุขกับสิ่งนี้จริงๆมั้ย#ก้อยนัตตี้ดรีม #goynattydream#ดาราลัยเดอะมิวสิคัล#DaralaiTheMusical
2278	aJNZHBqO73g	short	other	4488	วิวัฒนาการของคุณหะริด #MyAmbulove #KengNamping #เก่งน้ำปิง #goynattydream #ก้อยนัตตี้ดรีม
2279	PLClOydbV88	short	other	4394	คำถามที่ทุกคนอยากรู้มากที่สุดด!!#ก้อยนัตตี้ดรีม #goynattydream#ดาราลัยเดอะมิวสิคัล#DaralaiTheMusical
2280	oLfr5bS2624	short	other	4340	ประสบการณ์ขายน้ำเพราะคลั่งรัก! #goynattydreamchannel
2281	vB2sNmW8bjY	short	other	4334	“โคจรด้วยรัก” | OFFICIAL TEASER
2282	GTYQzOIKb0k	short	other	4316	การแสดงก็เก่ง ร้องเพลงก็เริ่ด!!#แทนญดา #tanyda #ambulove #GoyNattyDream #ก้อยนัตตี้ดรีม
2283	J4k1SVLC3PY	short	other	4296	y is everyone so in love with me😈 #goynattydreamchannel
2284	vcfhOi6QRYo	short	other	4289	ของที่มีติดรถ #goynattydreamchannel
2285	xNGBrCNDbSw	short	other	4288	Music Video Sunflower(ทานตะวัน)OUT NOW!! 🌻☀️ #Sunflower #ทานตะวัน#goyarachaporn #goynattydream
2286	dmG4y9U4Z24	short	other	4262	เอ็นดูเวอร์#โมแพร #MyAmbulove #ก้อยนัตตี้ดรีม #goynattydream
2287	WNTXhWMiMNo	short	other	4247	ก็ต้องระดับ S อยู่แล้วว#ก้อยนัตตี้ดรีม #goynattydream #ดาราลัยเดอะมิวสิคัล #DaralaiTheMusical
2288	XbzcJ2PlPmc	short	other	4229	หน้าที่ของพี่ใหญ่#Lastsupper #GoyNattyDream #ก้อยนัตตี้ดรีม #พิมพ์พิมพ์มาดา
2289	Vo4w66cOKTM	short	other	4220	เคล็ดลับ ตกหลุมรักใน 4 นาที 😍 #goynattydreamchannel
2290	oA6Gm4y6bAs	short	other	4212	ของที่ต้องพกไปค้างคืน #goynattydreamchannel
2291	IAtZTIe2WuQ	short	other	4187	80% ของผู้หญิง ชอบคนเก่ง มีแพชชั่น!! #goynattydreamchannel #kissoflife #ก้อยนัตตี้ดรีม
2292	zu9EKUJxZNA	short	other	4183	พามาส่องอัดบอสวันเวิร์คช็อป🤭💘 #Sunflower #ทานตะวัน #Goyarachaporn #GoyNattyDream
2293	itYzBfqjRlA	short	other	4180	September 28, 2023
2294	5YYPrhTEV_8	short	other	4162	หน้ากล้องก็อยากรู้นะคะ🫣#โมแพร #MyAmbulove #ก้อยนัตตี้ดรีม #goynattydream
2295	J6FfS3kEpFw	short	other	4122	หลิงออมมือชง#MyAmbulove #ก้อยนัตตี้ดรีม #OomBam #bamsaralee #oomeisaya
2296	I0IDXAIx9KY	short	other	4116	ทำไมพี่นุ้ย ถึงต่อยแฟน!!😅 #ความรักต่างวัย #นุ้ยเชิญยิ้ม #goynattydreamchannel
2297	KbEh2J_FeGA	short	other	4104	แก็งเพื่อนนิเทศเม้าท์บาร์โค้ด #goynattydreamchannel
2298	GjXvHQDUGwY	short	other	4089	เมเบิ้ลสายเปย์💸💲#MyAmbulove #ก้อยนัตตี้ดรีม #goynattydream #blejie #เบิ้ลจี่
2299	l4LYSmmUOcA	short	other	4066	กว่าจะได้หนึ่งผลงาน ไม่ใช่เรื่องง่าย #goynattydreamchannel
2300	je93Tzz1juU	short	other	4057	ย่านรถติด #goynattydreamchannel
2301	I1SEhCIFw7M	short	food	4028	ถ้ากินด้วยกันก็ยอม#แทนญดา #tanyda #ambulove #GoyNattyDream #ก้อยนัตตี้ดรีม
2302	PNDFwI4-X1Y	short	other	4003	เมื่อกรกำลังจะหวาน แต่โดนพีพีช็อต #goynattydreamchannel
2303	tirfFgHhct0	short	other	3996	ติดเกมของจริ๊งงง!! #เจมส์มาร์ #ถ้าหนูรับพี่จะรักป่ะ #jamesma #goynattydream
2304	wMHTjPGxePk	short	other	3996	งอแงเลยเพราะมันน่ารักมาก🫠#MyAmbulove #KengNamping #เก่งน้ำปิง #ก้อยนัตตี้ดรีม #goynattydream
2305	26k8HqubcRs	short	other	3974	ละครเวทีที่รอเวลามานาน#ก้อยนัตตี้ดรีม #goynattydream#ดาราลัยเดอะมิวสิคัล#DaralaiTheMusical
2306	OfZClX4SsO0	short	food	3967	ใครเป็นสายแซ่บ หนุ่มๆ WayV เขาก็กินเผ็ดกันได้นะรู้เปล่าาา 🔥🔥🔥#ก้อยนัตตี้ดรีม #GoyNattyDream #wayv
2307	ZnvEoRWvGSM	short	other	3960	ความคิดเห็นชาวช่องที่มีต่อสามสาว#ก้อยนัตตี้ดรีม #goynattydream #vlog
2308	kRJbNS80blc	short	other	3933	แค่ลองปล่อยให้พัง แล้วค่อยเริ่มใหม่:)#goynattydreamchannel
2309	7q8p5lBwNlQ	short	other	3933	นินิวคนฮอตค่าาาาา🤣💖💖 #นินิว #ยังไงไหนเล่า #ฝนนินิว #โอปป้า #แฟน #ฝนนินิว #คู่กัด #goynattydream
2310	bo7ttbY5Ljs	short	other	3890	ยอมตื่นตีสี่เพื่อ Disney Sea #goynattydreamchannel
2311	cNDwW-O_LRA	short	other	3889	เทสระบบผับเก้งที่ญี่ปุ่น #goynattydreamchannel
2312	WAQx35qszHk	short	other	3886	โดนผีหลอกครั้งแรก!! #goynattydreamchannel
2313	lmCKKzQJJMc	short	talk	3879	ยินดีกับคนอื่นได้แต่ต้องจริงใจกับตัวเองด้วย#คุยความรักต่างวัย #ก้อยนัตตี้ดรีม #goynattydream
2314	QQ6_RVADQHc	short	other	3845	เรื่องที่เอเอน้อยใจจั๋ง!! #goynattydreamchannel
2315	giCouutk2Hc	short	other	3824	มื้อแรกก็จัดหนักเลย#ก้อยนัตตี้ดรีม #goynattydream #vlog
2316	7-HyVhHS-Fs	short	other	3748	มีคนไม่มูฟออนจากดาราลัยค่า🤣 #ก้อยนัตตี้ดรีม #goynattydream #ดาราลัยเดอะมิวสิคัล #ถูกvsแพง
2317	H6wcwXJiX1A	short	other	3743	ข้อดีของการมีแฟนเป็นเด็กเกษตรและมธ#MyAmbulove #ออเล้ง #AugustLeng #ก้อยนัตตี้ดรีม #goynattydream
2318	f-Myv1PbvTg	short	talk	3724	เชื่อแฟนแล้วได้ดีทุกคนใช้มั้ยคะพี่จี๊บ😝#คุยความรักต่างวัย #ก้อยนัตตี้ดรีม #goynattydream
2319	8stPep6s5Dk	short	other	3678	ถ้าเปลี่ยนได้จะเป็นผลดีกับทุกคน#CarราCarซัง #จี๋สุทธิรักษ์ #จ๋ายไททศมิตร #ก้อยนัตตี้ดรีม
2320	AP3rTaxcBfA	short	other	3609	มีแฟนเป็นก้อยกับบอสดียังไง! #goynattydreamchannel
2321	ELecxNQHYsU	short	other	3592	ตี๋คนนี้ ที่ทำสาวแซ่บใจบาง #goynattydreamchannel
2322	AK-w8-15hFU	short	other	3541	มาแชร์ประสบการณ์ เข้าห้องน้ำบนรถไฟของทุกคนกันหน่อย #FriendsFly #ก้อยนัตตี้ดรีม #goynattydreamchannel
2323	ydurCc_W1AY	short	other	3516	รีบดูก่อนโดนลบ มีคนโชว์เสียว!!! #goynattydreamchannel
2324	uzNXSzd-yW4	short	other	3511	อย่าให้แม่รู้นะครับ#CarราCarซัง #อเล็กซ์จีซัง #DICE#ก้อยนัตตี้ดรีม #goynattydream
2325	Exqa2vX9JpU	short	other	3491	จิบไม่รู้จัก ต้องเมาเท่านั้นค่ะ!! #Lastsupper #GoyNattyDream #ก้อยนัตตี้ดรีม #พิมพ์พิมพ์มาดา
2326	SmDac0T01Wc	short	other	3481	หิ้วหวีทับไลน์กันไหม?! #goynattydreamchannel
2327	MlMObUXaHCE	short	other	3473	จะคิดถึงรายการนี้กันมั้ยคะ🥺 #ถ้าหนูรับพี่จะรักป่ะ #goynattydreamchannel
2328	g2YLj5AsDG8	short	other	3430	ความประทับใจแรกของพีพี กร #goynattydreamchannel
2329	geokpXNCkcA	short	other	3408	สัตว์น่ากลัว #goynattydreamchannel
2330	Z4Mi7f00ptI	short	other	3387	ผู้ชาย แยกเซ็กส์ กับ ความรัก ได้จริงไหม?#goynattydreamchannel
2331	bwQ4Yn6Bia8	long	other	3340	ตัวท็อปของนักเลงกับลูกกระจ๊อก#MyAmbulove #KengNamping #เก่งน้ำปิง #ก้อยนัตตี้ดรีม #goynattydream
2332	hyrEUU-xxa4	short	other	3274	ดีใจที่เลือกเดิมพันสิ่งนี้ #ก้อยนัตตี้ดรีม #goynattydream #ปะทะCEO
2333	LeUO5WGzb3c	short	talk	3230	ความรัก toxic คุยแล้วหาย!!! #ความรักต่างวัย #goynattydreamchannel #เซญ่า
2334	ClAX7JD3g4U	short	other	3217	ตรีกลิ่นวินเทจ?!?!#MyAmbulove #เพิร์ลพีค #pearlpeak #ก้อยนัตตี้ดรีม #goynattydream
2335	UVRtcQlDnw0	short	other	3150	ถ้า Dice คอลแลปกับ T-Pop#CarราCarซัง #อเล็กซ์จีซัง #DICE#ก้อยนัตตี้ดรีม #goynattydream
2336	l710hbFGyAk	short	other	3140	ป๊อบ ปองกูล ทำทีมงานร้องไห้ #goynattydreamchannel
2337	y2-YyDD-bd8	short	other	3107	คนวาดก็เก่งคนทายก็เก่งสงสัยเกิดมาคู่กัน👉🏻👈🏻 #ก้อยนัตตี้ดรีม #OomBam #bamsaralee #oomeisaya
2338	cGr6ceS0f8E	short	other	3009	ผู้ประสบภัยแล้ว1🇯🇵😂 #friendsflyth #goynattydreamchannel
2339	Lq1dze7FohE	short	food	2968	พบกับเมนูใหม่ก้อยนัตตี้ดรีม x After You กันได้แล้ววันนี้ทุกสาขา! ลุ้นรับขนมฟรีด้วยน้า #afteryou
2340	nhraWneSihg	short	other	2907	แต่ละช่วงวัยก็มีวิธีที่แก้ปัญหาต่างกัน#Lastsupper #GoyNattyDream #ก้อยนัตตี้ดรีม #พิมพ์พิมพ์มาดา
2341	VgdDor2cCfs	short	other	2907	#หูเคลือบทองงง👂✨ #goynattydreamchannel #ก้อยนัตตี้ดรีม #kissoflife
2342	7hYeiV3Qge8	short	other	2893	ยังไม่ทำอะไรอีกตั้งหลายอย่าง#Lastsupper #GoyNattyDream #ก้อยนัตตี้ดรีม #พิมพ์พิมพ์มาดา
2343	x7_4UGL3pD4	short	other	2884	ฟลุ๊คกะล่อนสายเปย์ #goynattydreamchannel
2344	4nTsx6uXT30	short	other	2879	แม่ศรีเรือน อุ้ยย🙊 #ก้อยนัตตี้ดรีม #goynattydream #ก้อยอรัชพร #nattynantanat
2345	1R5hu5XN6lQ	long	other	2874	Behind the scenes ชาวดาราลัย 🎬#ก้อยนัตตี้ดรีม #goynattydream#ดาราลัยเดอะมิวสิคัล#DaralaiTheMusical
2346	hDIXpkKje1o	short	food	2870	แนะนำร้านในญี่ปุ่น #goynattydreamchannel
2347	kJIhTfECUik	short	other	2839	เมื่อคุณเจอ คณะFriendsFly เข้าไป!🤣 #FriendsFly #goynattydreamchannel #ก้อยนัตตี้ดรีม
2348	ICIXcywgTKQ	short	other	2784	ว้ายย รักใครรักจริง🫣💖#MyAmbulove #เพิร์ลพีค #pearlpeak #ก้อยนัตตี้ดรีม #goynattydream
2349	X3l7idrGOVw	short	talk	2768	ยินดีและกลับมาพัฒนาตัวเอง💘💞#คุยความรักต่างวัย #ก้อยนัตตี้ดรีม #goynattydream #ingkho_pixxie
2350	eDkn3Y3WaCU	short	other	2751	Sex Type เราเหมือนตัวไหนในวรรณคดี #goynattydreamchannel
2351	PIGm51pqDLE	short	other	2744	ถ้าให้เลือกต้องตายก่อน เราจะเลือกใคร ระหว่าง เรา&คนรัก! #goynattydreamchannel #ความรักต่างวัย
2352	aoVow0KCxIo	short	other	2734	ข้อจำกัดมากมายแต่เราก็ผ่านไปได้ด้วยดี#ก้อยนัตตี้ดรีม#ดาราลัยเดอะมิวสิคัล#DaralaiTheMusical
2353	UOMQ94iGEeY	short	talk	2718	ทั้งข้อดีข้อเสียเราเห็นมาหมดแล้ว#คุยความรักต่างวัย #ก้อยนัตตี้ดรีม #goynattydream
2354	hq-7RTynho4	short	other	2660	life coach ท่านหนึ่ง#ก้อยนัตตี้ดรีม #GoyNattyDream #nattynantanat
2355	pqeFLo7EwkM	short	other	2569	ไม่ใช่แค่พูดแต่ทำให้ดูเลย#ก้อยนัตตี้ดรีม #goynattydream #vlog
2356	R5_VqCnj9sk	short	other	2558	วิธีฝึกจิตเพื่อนในหิ้วหวี #goynattydreamchannel
2357	KIc7v6Dkumc	short	other	2554	Open Relationship มีจริงมั้ย? #goynattydreamchannel
2358	CjwoqfLH9Mc	short	talk	2498	ถ้าไม่ใช่เรื่องหนักจริงขอไม่ยุ่ง#คุยความรักต่างวัย #ก้อยนัตตี้ดรีม #goynattydream
2359	ERk6rXlPFBs	short	food	2453	REACTION (G)I-DLE ชิมข้าวแกง #goynattydreamchannel #gidle
2360	E3YRD2SRv9Q	short	other	2350	สามัคคีคือพลัง....😅 #goynattydreamchannel #ก้อยนัตตี้ดรีม #proxie
2361	lDQf_RpwQ4g	short	other	2110	ชอบอะไรเหมือนกันเนื้อคู่เวอร์🫪#MyAmbulove #ออเล้ง #AugustLeng #ก้อยนัตตี้ดรีม #goynattydream
2362	MuT1x23pvMM	short	other	2003	Three Man Down 🤘🏻#CarราCarซัง #อเล็กซ์จีซัง #DICE#ก้อยนัตตี้ดรีม #goynattydream
2363	dNNUcfgFzeo	short	other	1899	พี่ย้งครับ🥹#CarราCarซัง #อเล็กซ์จีซัง #DICE#ก้อยนัตตี้ดรีม #goynattydream
2364	DPnhWB5lJzs	short	food	1894	เมนูรวมมิตร จากของฮิตใน TikTok 😋 #goynattydreamchannel
2365	4ZDwMmN2TJw	short	other	1668	สิ่งที่เป็นห่วงกันและกัน #CarราCarซัง #อเล็กซ์จีซัง #DICE#ก้อยนัตตี้ดรีม #goynattydream
2366	0sGA-2-RRGY	short	other	1434	ที่มาของ norforreal#แดงไบเล่ย์ #ไบร์ทนรภัทร #brightnorr #ก้อยนัตตี้ดรีม #goynattydream
2367	OE6i8IifR8A	short	other	923	หมู่บ้านขายาว ของดีเชียงราย #goynattydreamchannel