1	จางหาย - Goy Arachaporn [Official MV]
2	โคจรด้วยรัก - Goy Arachaporn [OFFICIAL MV]
3	PLAY WITH ME (เล่นกันไหม) - GOYNATTYDREAM FT. URBOYTJ (Prod. By URBOYTJ) [Official MV]
4	ทดสอบพลังเสียงกันหน่อย🤣🎶🤘🏻#วี #ทดสอบเสียง #วิโอเลต #คอนเสิร์ต #วีวิโอเลต #ก้อยนัตตี้ดรีม
5	กรรมการอึ้ง น้ำห๊อมมมมม!! #Friendsfly#ep16 #น้ำหอมนารดา #เดินเขา #goynattydream #มาดากัสการ์
6	ถ้าหนูรับ พี่จะรักป่ะ EP. 4 สยบจอมปีศาจ นิกกี้ ณฉัตร l [GoyNattyDream]
7	เลือกฉันก่อนเธอ (Never The First) - Goy Arachaporn [OFFICIAL MV]
8	ขึ้นต้นด้วย"มือ" ลงท้ายด้วย"ปืน" #goynattydreamchannel
9	ถ้าหนูรับ พี่จะรักป่ะ Ep. 102 ทิม พิธา มีแฟนเป็นนักการเมืองดียังไงคะ? l [GoyNattyDream]
10	ถ้าหนูรับ พี่จะรักป่ะ EP. 1 จีบเก้าต่อหน้าวี l [GoyNattyDream]
11	พระเอกในดวงใจ ญาญ่า ที่เคยแสดงด้วย #goynattydreamchannel
12	ชอบใครให้ทำปากจู๋! มาดูกันว่าเก้าจิรายุ-ต่อธนภพ ชอบใครกันบ้าง🥺#ก้อยนัตตี้ดรีม #goynattydreamchannel
13	จางหาย - Goy Arachaporn Feat. Paper Planes「Live Session」
14	ถ้าเธอจะรักก็รักไปนานแล้ว - GoyNattyDream [Official MV]
15	สลับบ้านนอน 1 คืน!! l [GoyNattyDream]
16	ถ้าหนูรับ พี่จะรักป่ะ EP. 78 จีบพี่แจ๊สต่อหน้าพี่แจง บ้านแทบแตก!!! l [GoyNattyDream]
17	ภูสอยดาว x ปล่อยกูไป กระเป๋าก้อยหาย! [GoyNattyDream]
18	ยังไงไหนเล่า EP. 16 เก๋ไก๋ ยูทูปเบอร์อันดับหนึ่ง ขุดบ้านต้อนรับเราl [GoyNattyDream]
19	ถ้าหนูรับ พี่จะรักป่ะ EP. 3 มีนพีรวิชญ์จะรักหรือจะร้าย l [GoyNattyDream]
20	ถ้าหนูรับ พี่จะรักป่ะ Ep. 55 สไปร์ท SPD พี่ขอเป็น No. 1 ในใจน้องได้ไหมจ๊ะ l [GoyNattyDream]
21	เรียกได้ว่าไม่มีอ่อม!🤣 #herManhisNatty #goynattydreamchannel
22	ถ้าหนูรับ พี่จะรักป่ะ EP. 2 เจ้านายท้าให้จีบ l [GoyNattyDream]
23	ขึ้นต้นลงท้าย ep.1 พีคตอนจบ.. 🤣 #goynattydreamchannel
24	ยังไงไหนเล่า EP. 9 ขอคารวะ แซ่บจริงอาจารย์ปุ้มปุ้ย l [GoyNattyDream]
25	ถ้าหนูรับ พี่จะรักป่ะ Ep. 42 หมาก ปริญ เจอแล้วใจสั่นจริงโว้ย | [GoyNattyDream]
26	ถ้าหนูรับ พี่จะรักป่ะ Ep. 7 #โอ๊ตก้อย ต้องไม่อยู่แค่ในทวิตเตอร์!! l [GoyNattyDream]
27	Trip แยกเที่ยวต่างจังหวัดคนเดียว! EP.1 | เชียงราย สุราษฎร์ฯ อุดรธานี [GoyNattyDream]
28	ถ้าหนูรับ พี่จะรักป่ะ Ep. 12 หนุ่มเกาหลีอดีตของนัตตี้ - อัพ ภูมิพัฒน์ l [GoyNattyDream]
29	ถ้าหนูรับ พี่จะรักป่ะ Ep. 29 วินคั่นกู แต่พี่จะไม่ให้อะไรมาคั่นเรา l [GoyNattyDream]
30	ถ้าหนูรับ พี่จะรักป่ะ Ep. 13 ขอเกิดใหม่ใกล้ๆต่อได้ไหมคะ - ต่อ ธนภพ l [GoyNattyDream]
31	วีปลอมตัวเป็นทีมงาน เก้าจะจำได้ไหมน้า!!? #วีวิโอเลตวอเทียร์ #เก้าจิรายุ #goynattydreamchannel
32	เปิดตัวแฟนนัตตี้ เจ้าของโรงงาน 3,000 ล้าน l [GoyNattyDream]
33	ภูสอยดาว x ปล่อยกูไป เล่นเกม จับคู่รู้ใจ [GoyNattyDream]
34	ลำดับวัดใจ x อูโน่ เฟย มีน ท็อป [GoyNattyDream]
35	ถ้าหนูรับ พี่จะรักป่ะ Ep. 18 แปลรักบิวกิ้นด้วยใจฉัน l [GoyNattyDream]
36	ถ้าเจอคนรักแบบนี้ จะไปต่อหรือพอแค่นี้? #goynattydreamchannel
37	ความในใจวี อยากให้เก้าตัดผม! #GoyNattyDreamChannel
38	โรเตอร์นี่มิย่าเองนะ😂 #มิย่า #มิย่าทองเจือ #ยังไงไหนเล่า #ก้อยนัตตี้ดรีม
39	ยังไงไหนเล่า Ep. 2 มิลลิ ยัยเด็กนี่มันแสบบบบบบนัก! l [GoyNattyDream]
40	บุกบ้านดรีมที่โคราช หลังใหญ่สุดในซอย!! l [GoyNattyDream]
41	ยังไงไหนเล่า EP. 7 ซานิ ไม่เสียแรงที่พวกหนูเสียเงินโหวตพี่ l [GoyNattyDream]
42	ยังไงไหนเล่า EP. 1 วี วิโอเลต ไม่ใช่อย่างที่คุณคิด l [GoyNattyDream]
43	ก้อยนัตตี้ดรีม วาเลนไทน์ แฟนกันวันนึง l [GoyNattyDream]
44	Q&A รู้เรื่องลับ ก้อย นัตตี้ ดรีม !! l [GoyNattyDream]
45	ถ้าหนูรับ พี่จะรักป่ะ Ep. 33 อาเมะของพ่อไบร์ท เรียกแม่สิลูก l [GoyNattyDream]
46	Friendsfly ถล่มบ้านวี ฉลองปีใหม่ [GoyNattyDream]
47	คำด่าไหนเป็นของเพื่อนเรา #goynattydreamchannel
48	ขึ้นเรือยอร์ชกับ นิกกี้ ณฉัตร ตามสัญญา 2 ล้านวิว l [GoyNattyDream]
49	ลืมเวลา - Goy Arachaporn [OFFICIAL MV]
50	ถ้าหนูรับ พี่จะรักป่ะ Ep. 45 ตั๊ก บริบูรณ์ ก็มาเจอพวกหนูหน่อยดิค้าบ | [GoyNattyDream]
51	ยังไงไหนเล่า EP. 15 ใหม่ ดาวิกา ความสวยของพี่ทำพวกหนูงงl [GoyNattyDream]
52	PLAY WITH ME (เล่นกันไหม) - GOYNATTYDREAM FT. URBOYTJ [DANCE PERFORMANCE]
53	ถ้าหนูรับ พี่จะรักป่ะ Ep. 27 เฟย ภัทร คนนี้ที่นัตตี้ชอบก่อนอัพ l [GoyNattyDream]
54	ถ้าหนูรับ พี่จะรักป่ะ Ep. 36 นั่งข้างเจ้าขุนแล้ว อยากเป็นเจ้าสาวเลยค่า l [GoyNattyDream]
55	งานแต่งนัตตี้พี่แมน l [GoyNattyDream]
56	ยังไงไหนเล่า EP. 39 วัดปะหล่ะกับน้องๆ 4EVE !! [GoyNattyDream]
57	ถ้าหนูรับ พี่จะรักป่ะ Ep. 22 เอม วิทวัส ถึงพี่ไม่ชอบผู้หญิง แต่...พวกหนูชอบพี่! l [GoyNattyDream]
58	แกล้งก้อยคืนอย่างหนัก เกือบเลิกจริงกับนิกกี้ !! l [GoyNattyDream]
59	พัทยา นี่ใช่ที่ปิดแผลปะคะ? นั่นมันพลาสเตอร์ยา ! l [GoyNattyDream]
60	พีชเม้าท์ใบเฟิร์น #goynattydreamchannel
61	จับปูกับเซียนหรั่งที่ขอนแก่น [GoyNattyDream]
62	เผาดรีมมมมม l [GoyNattyDream]
63	ถ้าหนูรับ พี่จะรักป่ะ Ep. 8 พี่ฟางหนูขอนะคะ - ว่าน ธนกฤต l [GoyNattyDream]
64	Friendsfly เมาเละ เต้นกลางถนนที่กรุงโรม [GoyNattyDream]
65	Friendsfly เกือบตายที่อิตาลี!! [GoyNattyDream]
66	อย่าว่าพ๊อออ😂 #gracekanklao #แกรนด์thestar #เกรซกาญ์เกล้า #เกรซแกรนด์ #พี่น้อง #goynattydream
67	Friendsfly นั่งรถไฟไปพักใจที่หัวหิน [GoyNattyDream]
68	เก้าวีไม่คุยกันนานสุด 4-5 วัน!!! #GoyNattyDreamChannel
69	ถ้าหนูรับ พี่จะรักป่ะ EP. 82 ซี-นุนิว เป็นลมกลางรายการ งานนี้มีช็อค l [GoyNattyDream]
70	ทายอายุ! นี่แม่หมอหรือพี่สาว #goynattydreamchannel
71	ยังไงไหนเล่า EP. 51 จันจิ เล่าหมดไปไงมาไง ถึงได้หัวใจพี่มาริโอ้ [GoyNattyDream]
72	ถ้าหนูรับ พี่จะรักป่ะ Ep. 35 หนูอยากเป็นสะใภ้เซ็นทรัลค่ะ พี่พีช พชร l [GoyNattyDream]
73	พระเอกในดวงใจ เจนเย่ที่เคยแสดงด้วย #goynattydreamchannel
74	Friendsfly โสดคนแรกของกลุ่ม!! [GoyNattyDream]
75	Friendsfly ทะเลาะกันที่มาดากัสการ์ [GoyNattyDream]
76	Friendsfly เลือกแล้วที่อิตาลี ใครจะได้เป็นเจ้าสาวคนต่อไปของกลุ่ม!! [GoyNattyDream]
77	เกือบทะเลาะกลางรายการ เพราะ “พะแนง” #GoyNattyDreamChannel
78	ถ้าหนูรับ พี่จะรักป่ะ Ep. 9 ไม่อยากเป็นพี่น้องแล้วได้ไหม เบสท์ ณัฐสิทธิ์ l [GoyNattyDream]
79	Friendsfly Ep1 แยกกันเราอยู่ รวมกัน! เละเทะ!! [GoyNattyDream]
80	Q&A ความรัก ก้อย นัตตี้ ดรีม วี l [GoyNattyDream]
81	ถ้าหนูรับ พี่จะรักป่ะ Ep. 34 กิต Three Man Down หวัดดีเบลเราแล้วนะ l [GoyNattyDream]
82	ยังไงไหนเล่า EP. 50 อุงเอิง SPD ตอบแล้วกับสไปร์ท สถานะอะไรน้า! [GoyNattyDream]
83	ถ้าหนูรับ พี่จะรักป่ะ Ep. 16 RAP ยังไงให้เทอ RUK ฉันแทนต้าเหนิง - เจเจ กฤษณภูมิ l [GoyNattyDream]
84	ถ้าหนูรับ พี่จะรักป่ะ EP. 5 ศึกชิงสามีแห่งชาติ ตู่ ภพธร l [GoyNattyDream]
85	ไนล่าาาาา🥲!!#ไนล่า #ก้อยอรัชพร #ไนล่า #เดือด #goyyog #goynattydream
86	ยังไงไหนเล่า EP. 38 คิมเบอร์ลี รับประกัน! เรื่องนี้ไม่เคยเล่าให้ใครฟัง [GoyNattyDream]
87	What's in our bags เปิดกระเป๋า ก้อย นัตตี้ ดรีม l [GoyNattyDream]
88	ถ้าหนูรับ พี่จะรักป่ะ Ep. 114 ท่อง AREA52 ไปกับแบมแบม l [GoyNattyDream]
89	ลองเป็นบาริสต้า แต่นัตตี้เจอลูกค้าด่าจนร้องไห้ l [GoyNattyDream]
90	ขึ้นต้นด้วยลำลงท้ายด้วยงู #ก้อยนัตตี้ดรีม #goynattydream#karnfoei #กานเฟย #ปล่อยกูไป
91	ถ้าหนูรับ พี่จะรักป่ะ Ep. 43 ออฟ จุมพล แซ่บกว่าต้มยำก็พี่นี่ล่ะค่ะ l [GoyNattyDream]
92	นอกใจกับนอกกาย อันไหนแย่กว่ากัน! #goynattydreamchannel
93	ถ้าหนูรับ พี่จะรักป่ะ Ep. 39 บี้ สุกฤษฎิ์ ก่อนเข้าวัดเข้าวา พี่ก็ซ่ามาเยอะน้า l [GoyNattyDream]
94	นัตตี้ ถูกขอแต่งงานที่มัลดีฟส์!! l [GoyNattyDream]
95	ถ้าหนูรับ พี่จะรักป่ะ Ep. 30 แจ็ค แฟนฉัน! ปั่นก้อยจนหัวร้อน l [GoyNattyDream]
96	Friendsfly Ep2 วันหนึ่งฉันเดินเข้าป่า เข้ายังไง คืนเดียวสองแสน! [GoyNattyDream]
97	ชวนเก้าปลอมตัว มาป่วนกองถ่ายวี [GoyNattyDream]
98	ยังไงไหนเล่า EP. 10 โบว์ เมลดา สวยตลกเหมือนพวกเราเลย (หรอ) l [GoyNattyDream]
99	ถ้าหนูรับ พี่จะรักป่ะ Ep. 32 พี่ใหม่เขยิบหน่อยค่า ขออยู่ในใจลุงเต๋อ ฉันทวิชช์ด้วย l [GoyNattyDream]
100	ก้อยตี้ดรีมทำศัลยกรรมอะไรมาบ้าง [GoyNattyDream]
101	รวมตัวกันวันหยุดที่บ้านดรีม ทำไรดีน้าา
102	ยังไงไหนเล่า EP. 20 ต้าเหนิง สมัยก่อนพี่เดินเจเจทุกวันนะ ผ่ามๆๆๆ [GoyNattyDream]
103	ถ้าหนูรับ พี่จะรักป่ะ Ep. 11 พิชิตใจ โดม ปกรณ์ ลัม หล่อขั้นเทพในตำนาน l [GoyNattyDream]
104	ถ้าหนูรับ พี่จะรักป่ะ Ep. 98 ผู้หญิงพายเรือไปจีบ แน็ก ชาลี ! l [GoyNattyDream]
105	ถ้าหนูรับ พี่จะรักป่ะ EP. 89 ล้วงความรักพี่มาริโอ้ เมาเร่อ! l [GoyNattyDream]
106	ถ้าหนูรับ พี่จะรักป่ะ Ep. 56 พีพี กฤษฏ์ เคยมีเพื่อนเป็นแฟนไหม? แหมมมมม l [GoyNattyDream]
107	ถ้าหนูรับ พี่จะรักป่ะ Ep. 20 อยากเป็นยุนอา มาคว้าใจนนกุล | [GoyNattyDream]
108	ยังไงไหนเล่า EP. 54 เมื่อก้อยโดน ”อิงฟ้า” ตกกลางรายการ [GoyNattyDream]
109	ไปค่ะ พส EP. 2 สมุยเป็นทะเลไม่ใช่เขา ทำไงเธอถึงจะรักเรา l [GoyNattyDream]
110	เก้าสุภัสเม้า! จุดเริ่มต้นความรักของ ‘เก้า-วี’ [GoyNattyDream]
111	Friendsfly วีทำแหวนที่เก้าให้หาย ที่เกาหลี!! [GoyNattyDream]
112	ยังไงไหนเล่า EP. 11 ปันปัน สุทัตตา ไม่รู้จักคำว่าโสดค่ะ l [GoyNattyDream]
113	ยังไงไหนเล่า EP. 4 เมื่อติช่า กันติชา มาสอนให้พวกเราเป็นเสือสาว!! | [GoyNattyDream]
114	ถ้าหนูรับ พี่จะรักป่ะ Ep. 19 อยากเป็นที่รักของมิวบ้างนะกลัฟ l [GoyNattyDream]
115	ถ้าหนูรับ พี่จะรักป่ะ Ep. 41 นนท์ ธนนท์ มีผลต่อหัวใจพวกเรามากค่า | [GoyNattyDream]
116	ยังไงไหนเล่า EP. 3 อิ้งค์ วรันธร พวกเราอยากสวยและมีสติเหมือนเธอจัง | [GoyNattyDream]
117	สรุปค่าใช้จ่ายงานแต่งนัตตี้l [GoyNattyDream]
118	My Ambulove EP.15 : หลิง - ออม l [GoyNattyDream]
119	นิกกี้ตัดผมก้อยให้เป็นมู่หลาน l [GoyNattyDream]
120	แก๊ง 4 QUEENS ศึก 4 สถาบัน งานนี้ตบเป็นตบ !!!! l [GoyNattyDream]
121	จากประชุม จะกลายเป็นประเมินพนักงานรอบ2แทนนะจ๊ะ#goynattydreamchannel
122	ถ้าหนูรับ พี่จะรักป่ะ Ep. 10 หมอฉลามรับรักพี่เถอะ - สกาย วงศ์รวี l [GoyNattyDream]
123	Special EP ถ้าพี่รับ หนูจะรักป่ะ By นิกกี้ เม้าส์ แจ็ค l [GoyNattyDream]
124	ถ้าหนูรับ พี่จะรักป่ะ Ep.67 TRINITY เติร์ด ปอร์เช่ แจ๊คกี้ l [GoyNattyDream]
125	ถ้าโลกนี้ ไม่มีมือถือ [GoyNattyDream]
126	ท้าตอบคำถามสุดโหดกับเจมส์จิ อาเล็ก บอย เป๊ก เกรท [GoyNattyDream]
127	ตามติดชีวิต 1 เดือน ก้อยดรีมทะเลาะเดือด [GoyNattyDream]
128	ถ้าหนูรับ พี่จะรักป่ะ Ep. 24 แบงค์ ธิติ เป็นแฟนอ้ายแบงค์ได้บ่ l [GoyNattyDream]
129	Friendsfly มหากาพย์ นั่งรถ 30 ชม!!! [GoyNattyDream]
130	ถ้าพี่รับ พี่จะบอกรักปะ!!! l [GoyNattyDream]
131	ถ้าหนูรับ พี่จะรักป่ะ Ep. 31 ยิงความรักเข้ากลางใจ พี่อาเล็ก ธีรเดช l [GoyNattyDream]
132	หลอกดรีมมาถ่ายคลิปเล่าเรื่องผี เพื่อเซอไพรส์วันเกิด! l [GoyNattyDream]
133	ถ้าหนูรับ พี่จะรักป่ะ Ep. 15 - บุกบ้านปังปอนด์ อัครวุฒิ แข่งกันเป็นศรีภรรยา l [GoyNattyDream]
134	ตี้ดรีมพาก้อยถอยรถใหม่ !!! l [GoyNattyDream]
135	ถ้าหนูรับ พี่จะรักป่ะ Ep. 54 อุล ภาคภูมิ ไปโคตรคูลอย่างแสบ มาเจอพวกหนูหน่อยค่า l [GoyNattyDream]
136	ถ้าหนูรับ พี่จะรักป่ะ Ep. 100 ตามคำขอ นิกกี้ ณฉัตร l [GoyNattyDream]
137	Friendsfly EP. 3 บำบัดใจทีอยุธยา วีจ๋าอย่าร้องไห้!! [GoyNattyDream]
138	นิเทศจุฬาฯ ต้นกำเนิดก้อยนัตตี้ดรีม l [GoyNattyDream]
139	ถ้าหนูรับ พี่จะรักป่ะ EP. 76 มายอาโป โดนศอกเข้าไป เชื่อแล้วว่าคู่นี้โหดจริง l [GoyNattyDream]
140	ยังไงไหนเล่า EP. 41 ท้าชนแก้วกับพี่จ๊ะ นงผณี มีคนมึนหัวทิ่ม [GoyNattyDream]
141	เปิดกระเป๋าเครื่องสำอางก้อย นัตตี้ ดรีม l [GoyNattyDream]
142	ถ้าหนูรับ พี่จะรักป่ะ EP. 6 กัปตัน ชลธร แสบนัก รับมือยังไงไหว! l [GoyNattyDream]
143	จับปูกับเซียนหรั่งที่ขอนแก่น EP. 2 [GoyNattyDream]
144	เก้า วี มีข่าวดีจะบอก!! #goynattydreamchannel
145	ยังไงไหนเล่า EP. 8 พี่แต้ว ณฐพร นางเอกสุดปัง ร้องเล่นเต้นทเวิร์ค l [GoyNattyDream]
146	เปิดบ้านก้อยแต่งเสร็จ! รวม 24 ล้าน [GoyNattyDream]
147	ถ้าหนูรับ พี่จะรักป่ะ Ep. 53 เต ตะวัน ฟาดในทวิตแต่ละที พวกหนูชอบ l [GoyNattyDream]
148	บททดสอบการมีสติ [GoyNattyDream]
149	Friendsfly ทิ้งทวน! ก่อนเป็นเจ้าสาว ที่เกาหลี [GoyNattyDream]
150	Friendsfly โต้รุ่งที่เกาหลี ยันเช้าาาา [GoyNattyDream]
151	ขอท้าใหม่ ดาวิกา ตอบคำถามสุดโหด หรือกินเมนูแปลก [GoyNattyDream]
152	ยังไงไหนเล่า EP. 6 ฝน ศนันธฉัตร โสด และสวยมาก l [GoyNattyDream]
153	ถามไวตอบไว "ไปต่อ หรือ พอแค่นี้" ❤️💔 #goynattydreamchannel
154	My Ambulove EP.9 : มาเบล - ปอร์เช่ l [GoyNattyDream]
155	พี่นิกกี้🥺 #นิกกี้ณฉัตร #ก้อยอรัชพร #goynattydreamchannel
156	นัตตี้ ดรีม เผาก้อยให้เป็นจุล !!! l [GoyNattyDream]
157	Friendsfly ตะลุยอินเดียครั้งแรก! [GoyNattyDream]
158	รีโนเวทคอนโดดรีมให้เป็นสตู ราคาเกือบล้าน! l [GoyNattyDream]
159	Friendsfly ตามหาวาฬมาดากัสการ์ [GoyNattyDream]
160	ยังไงไหนเล่า EP. 43 มาร์กี้ ราศรี มีป๊อกก็ต้องมีกี้ หวานกรุบกรอบนอกนุ่มในอ๊า [GoyNattyDream]
161	วิธีด่าให้ดูไม่หยาบ 😂 #goynattydreamchannel
162	ขี่มอเตอร์ไซค์ไปเผานัตตี้!! l [GoyNattyDream]
163	ถ้าหนูรับ พี่จะรักป่ะ EP. 85 แบ๊ดบอยที่ว่าแน่ ยังแพ้ ไบร์ท นรภัทร l [GoyNattyDream]
164	สาม พยางค์ จบ! #goynattydreamchannel
165	Friendsfly โสดคนที่ 2 ของกลุ่ม [GoyNattyDream]
166	ถ้าหนูรับ พี่จะรักป่ะ EP. 91 Jeff Satur ว่างี่เง่าเป็นเสน่ห์อย่างนึงของชีวิตคู่ l [GoyNattyDream]
167	ถ้าหนูรับ พี่จะรักป่ะ Ep. 47 เม้าส์ ณัฐชา ผมเคยดังมาก่อน ผมขอกลับมาอีกครั้ง! l [GoyNattyDream]
168	เต้นกับกั้ง เพื่อนสมัยเรียน แซ่บสุดในรุ่นก้อยนัตตี้ดรีม l [GoyNattyDream]
169	คิดถึงนะจ๊ะะ💖💖#ปันปันสุทัตตา #punpun_sutatta #ก้อยนัตตี้ดรีม #goynattydream
170	ไปค่ะ พส ep.7- มาเที่ยวซานฟรานทั้งที แต่มีคนอยากกลับบ้าน! l [GoyNattyDream]
171	ที่สุด! ของถ้าหนูรับพี่จะรักป่ะ EP 99 [GoyNattyDream]
172	ถ้าหนูรับ พี่จะรักป่ะ EP. 81 สเปคสาวของดิว F4 l [GoyNattyDream]
173	ยังไงไหนเล่า EP. 44 โบว์ เมลดา หนึ่งปีผ่านมา มีอาเล็ก เอ้ย อาไรอัพเดทบ้างค้า [GoyNattyDream]
174	มื้อสุดท้ายก่อนตายของ ทิม พิธา l Last Supper EP.10 l [GoyNattyDream]
175	เจอลูกสะใภ้แบบนี้ จะไปต่อหรือพอแค่นี้? #goynattydreamchannel
176	ก้อยตี้ดรีม นัดตีแบด กินซอยจุ๊!! #goynattydreamchannel
177	ถ้าหนูรับ พี่จะรักป่ะ Ep. 49 ก๊อต จิรายุ ว่าที่สามีแห่งชาติคนใหม่ของพวกหนูมาแล้ว l [GoyNattyDream]
178	ใครโสดตกกระป๋อง x มีน พีรวิชญ์ kyutaeoppa บอสสอก l [GoyNattyDream]
179	วันนั้นของเดือน - Goy Arachaporn ft. Violette Wautier [Official MV]
180	ยังไงไหนเล่า EP. 37 พิมพ์ กรกนก หนีคิวเทโอปป้า มาซ่า1 วัน [GoyNattyDream]
181	สลับบ้านนอน ภาค 2 [GoyNattyDream]
182	ยังไงไหนเล่า EP. 26 เก้า สุภัสสรา สวยขนาดนี้ ใครบูลลี่บอกพี่มา [GoyNattyDream]
183	ถ้าหนูรับ พี่จะรักป่ะ Ep. 21 ขาหื่นกว่านิกกี้ ต้องคนนี้ เจี๊ยบ ลลนา l [GoyNattyDream]
184	ไปค่ะ พส EP. 1 - บิ๊กเมาน์เท่น อดีตของนัตตี้ ปัจจุบันของก้อย แล้วดรีม? l [GoyNattyDream]
185	ยังไงไหนเล่า EP. 18 มายด์ wjmild ถึงคนรักเก่า ฉันคือต้มแซ่บไม่ใช่ต้มจืด l [GoyNattyDream]
186	Friendsfly กระเป๋าหาย! ที่สเปน [GoyNattyDream]
187	ไล่อ่านคอมเม้นด่า พัฒนาสมอง รับปี 2022 l [GoyNattyDream]
188	ถ้าหนูรับ พี่จะรักป่ะ Ep. 120 ขอเป็นแม่สื่อ จับคู่ตะวันฉายกับน้ำหอม l [GoyNattyDream]
189	ถ้าหนูรับ พี่จะรักป่ะ Ep. 14 - เซ้นต์ ศุภพงษ์ พวกพี่จะปกป้องน้องจนตัวตาย l [GoyNattyDream]
190	ยังไงไหนเล่า EP. 35 พี่ปุ๊กกี้ ปวีณ์นุช สามีข้าใครอย่าแตะ!! [GoyNattyDream]
191	ยังไงไหนเล่า EP. 48 เลิฟ นิยามดาราชายตึก GMM คนไหนสเปคหนู ! [GoyNattyDream]
192	ถ้าหนูรับ พี่จะรักป่ะ Ep. 23 มาร์ช จุฑาวุฒิ รับพวกหนูไปเลี้ยงที โฮ่ง l [GoyNattyDream]
193	ถ้าหนูรับ พี่จะรักป่ะ Ep. 17 ขอภาวนาให้ มิว Meyou เป็นของพวกเรา เพี้ยง! l [GoyNattyDream]
194	ถ้าหนูรับ พี่จะรักป่ะ Ep. 44 กวินท์ ดูวาล โดนปุ้มปุ้ยถอดเขี้ยวเล็บไปหมดยังน้า l [GoyNattyDream]
195	นัตตี้แมนเคยทะเลาะหนัก เกือบไม่ได้แต่ง! [GoyNattyDream]
196	ก้อยทุ่มหมดตัวซื้อบ้านให้แม่กว่า 20 ล้าน l [GoyNattyDream]
197	ยังไงไหนเล่า EP. 5 ไม่ได้พี่ตูนเป็นเจ้าบ่าว ขอเป็นเจ้าสาว แบบพี่ก้อย l [GoyNattyDream]
198	ยังไงไหนเล่า EP. 52 พรอยมน เล่าหมดเปลือก ความรักกับไอ้ต้าวกิต! Three Man Down [GoyNattyDream]
199	ไปค่ะ พส ep.3 - ตอบทุกความลับ บนรถบ้าน l [GoyNattyDream]
200	ขึ้นต้นด้วย "รา" ลงท้ายด้วย "คี"#ลำดับวัดใจ #ราคีTHESTAIN #ก้อยนัตตี้ดรีม #goynattydream
201	ก้อยตี้ดรีมเจอทีมงานเอาคืน! [GoyNattyDream]
202	เก้าสุภัสสรา แฉวิโอเลต-เก้า ตอนถ่าย O-Negative!!! แซ่บมากแม่😂#ก้อยนัตตี้ดรีม #goynattydreamchannel
203	จัดอันดับแบรนด์เนมที่คิดว่าผู้หญิงอยากได้ #goynattydreamchannel
204	THIS or THAT ฉบับ MK 🍽️ #goynattydreamchannel
205	นัตตี้ ถ้าหนูรับ หรือ มึงต้องเป็นคนขับ บ้าง! l [GoyNattyDream]
206	ถ้าหนูรับ พี่จะรักป่ะ Ep. 37 คิวเท อปป้า บอกซารางเฮโยนูน่าหน่อยซิ l [GoyNattyDream]
207	อกหักแล้วโทรหาคริส คริสตอบกลับมาว่า?!!! #ต้นหอมศกุนตลา #ยังไงไหนเล่า #goynattydreamchannel
208	ไปค่ะ พส ep.5 - เกาะมันนอก แต่เราอะมั่นใจ ต้องใช่เธอ ฮิ้ววว l [GoyNattyDream]
209	VLOG เปิดตัว "แม่" ก้อย นัตตี้ ดรีม l [GoyNattyDream]
210	เปิดใจวันคริสต์มาส เคยทะเลาะจนจะเลิกคบกัน l [GoyNattyDream]
211	Friendsfly เที่ยวอิตาลี ทริปนี้หมดเป็นล้าน [GoyNattyDream]
212	จูบต่อ-ธนภพ ต่อหน้าแฟน! รีแอคแรงมาก! [GoyNattyDream]
213	ถ้าหนูรับ พี่จะรักป่ะ Ep.52 เจแปน คนชอบบอก ผมเป็นคนตลาด เอ้ย ตลก เอ้ยถูกแล้ว l [GoyNattyDream]
214	ประสบการณ์พาสปอร์ต หล่นบนเครื่องบิน #goynattydreamchannel
215	พระเอกในดวงใจ เชียร์ที่เคยแสดงด้วย #goynattydreamchannel
216	ดรีมเมา Ep.10 #goynattydreamchannel
217	คุยความรักต่างวัย คิดยังไงกับการนอกใจ [GoyNattyDream]
218	ถ้าหนูรับ พี่จะรักป่ะ Ep. 58 กันสมาย ระวังเสือคู่จะสิ้นลาย l [GoyNattyDream]
219	ปลอบพวกเราหน่อย 🥺#ก้อยนัตตี้ดรีม #goynattydreamchannel #ก้อยอรัชพร #นัตตี้นันทนัท#ดรีมอภิชญา
220	ยังไงไหนเล่า EP. 14 เต้ย จรินทร์พร Dek-D ชิดซ้าย มิสอุทัยทิพย์ชิดขวา l [GoyNattyDream]
221	ความรักในแบบของ กุ๊บกิ๊บ❤️ #ยังไงไหนเล่าep76 #กุ๊บกิ๊บสุมณทิพย์ #บี้กุ๊บกิ๊บ #บี้kpn #ยังไงไหนเล่า
222	บุกกองถ่าย บางกอกคณิกา [GoyNattyDream]
223	ถ้าหนูรับ พี่จะรักป่ะ Ep. 106 ไมค์ พิรัชต์ กอล์ฟ-ไมค์ หรือจะสู้ ก้อย-ไมค์ l [GoyNattyDream]
224	หนูอยากออกเรือน จานที่2 - นิกกี้แมนแฟนสองสาว ทำอาหารให้กินที่บ้าน 150 ล้านใน L.A. l [GoyNattyDream]
225	Truth or dare ขอ die ไปเลยได้มั้ยคะตอบความจริงมา! ไม่งั้นก็โดน! l [GoyNattyDream]
226	ยังไงไหนเล่า EP. 22 เบสท์ คำสิงห์ พูดตงตง พี่ขอ [GoyNattyDream]
227	ปิดฉากรัก 7 ปี เกือบได้แต่งงาน #goynattydreamchannel
228	ถ้าหนูรับ พี่จะรักป่ะ Ep. 38 ติ๊ก เจษฎาภรณ์ ออกจากป่า มาอยู่ในใจพวกหนูแทนละค่ะ l [GoyNattyDream]
229	My Ambulove EP. 31 : วิลเลี่ยม - เอส l [GoyNattyDream]
230	ศิลปินหญิง T-POP ในดวงใจ นนท์ ธนนท์ #goynattydreamchannel
231	ยังไงไหนเล่า EP. 40 โฟร์ ศกลรัตน์ อย่าเพึ่งตีกันในช่องหนูค่า [GoyNattyDream]
232	ไปค่ะ พส EP. 11 - ฉลองความโสดของมุกและฉลองวันเกิดบอสสอกที่ฝรั่งเศส l [GoyNattyDream]
233	ถ้าหนูรับ พี่จะรักป่ะ EP. 77 นนน แค่เพื่อนครับเพื่อน ขอเป็นมากกว่าเพื่อนได้ไหมจ๊ะ l [GoyNattyDream]
234	My Ambulove EP.10 : มิว - ตุลย์ l [GoyNattyDream]
235	คู่นี้น่ารักมากกก ❤️ #ก้อยนัตตี้ดรีม #goynattydream #มีนดรีม #บ้านใหม่ #มีนพีรวิชญ์
236	จากเพื่อน สู่ #ภรรยาพี่ธนิน 🤭 #goynattydreamchannel
237	ยังไงไหนเล่า EP. 49 ตู ต้นตะวัน เลือกหนุ่มในใจ จากแก๊ง F4! [GoyNattyDream]
238	ยังไงไหนเล่า EP. 13 มารี เบรินเนอร์ ฟาดจริงไม่มีคำว่าปลอม l [GoyNattyDream]
239	ช่วยแฟนหนุ่มด้วยค่าา🤣#ก้อยนัตตี้ดรีม #goynattydream #vlog
240	ถ้าหนูรับ พี่จะรักป่ะ Ep. 46 พี่ป้อง ณวัฒน์ ขุนแผนหลายใจ แต่พวกหนูชอบเล่นกับไฟค่ะ l [GoyNattyDream]
241	Friendsfly กระเป๋าหายที่สเปน อีกแล้ว! [GoyNattyDream]
242	นิกกี้😂 #ถ้าหนูรับพี่จะรักป่ะ #นิกกี้ณฉัตร #EP100 #goynattydreamchannel
243	นัตตี้ดรีม พาสิงโตก้อย บุกเซอร์ไพรส์วันเกิดพี่นิกกี้ l [GoyNattyDream]
244	ยังไงไหนเล่า EP. 19 มุก วรนิษฐ์ ขอให้หนูเจอรักดีๆสักที เพี้ยง!l [GoyNattyDream]
245	เริ่มทริปก็เอาเลย #friendsflyth
246	ลำดับวัดใจ x แก๊งโอฮาน่า [GoyNattyDream]
247	ยังไงไหนเล่า EP. 12 พี่มิว นิษฐา คลั่งรักนะจ๊ะเนี่ย l [GoyNattyDream]
248	ยังไงไหนเล่า EP. 47 เฟย์ ท้าเปิดแชทจีบกับบอย ปกรณ์[GoyNattyDream]
249	วีปลอมตัว แอบฟัง Retrospect เผาเก้า! [GoyNattyDream]
250	แพต ชญานิษฐ์ กับของที่ขาดไม่ได้ #goynattydreamchannel
251	เมนูยอดนิยมที่แม่ครัวต้องทำเป็น #GoyNattyDreamChannel
252	ยังไงไหนเล่า EP. 73 คลอดีน ขอพักใจ โสดให้นานที่สุด [GoyNattyDream]
253	มีนหึงดรีม!!! #goynattydreamchannel
254	ถ้าหนูรับ พี่จะรักป่ะ Ep. 40 มิกค์ ทองระย้า พวกหนูขอพี่จากโบว์แล้ว l [GoyNattyDream]
255	One Last Ride Fan Meeting Concert Full Performance [GoyNattyDream]
256	ยังไงไหนเล่า EP. 17 เจนนี่ ปาหนัน อยากมีแฟนโว้ยยย ชีวิตไม่เคยมี!!!!!! l [GoyNattyDream]
257	Friendsfly ทริปนี้มีคนตกเครื่อง! [GoyNattyDream]
258	Friendsfly กินข้าวปีใหม่ กับแก๊งพ่อบ้าน [GoyNattyDream]
259	ยังไงไหนเล่า EP. 23 พิมฐา คนคุยตอนนี้เป็นยังไงบ้างจ๊ะ [GoyNattyDream]
260	ยังไงไหนเล่า EP. 68 อุ๊งอิ๊งค์ ขอแลนด์สไลด์หัวใจเธอ [GoyNattyDream]
261	ต้อนรับกลับบ้านที่แท้ทรู🥹#friendsflyth #วีวิโอเลต #เฟรนฟราย #goynattydreamchannel
262	ท้าบาสบิวโบว์ ทำเมนูเด็ดจาก Tiktok! [GoyNattyDream]
263	ยังไงไหนเล่า EP. 62 โบกี้ไลอ้อน เคยลองเป็นแฟนกับ THE TOYS 1 อาทิตย์ [GoyNattyDream]
264	ตะลุยกิน ร้านเด็ดบรรทัดทอง [GoyNattyDream]
265	Friendsfly สลับกระเป๋าใช้ชีวิต! [GoyNattyDream]
266	Friendsfly โสดคนที่ 3 ของกลุ่ม [GoyNattyDream]
267	ใน Following อิ้งค์มีแต่ผู้หญิงเฟย! #goynattydreamchannel
268	เตรียมงานแต่ง นัตตี้-พี่แมน! [GoyNattyDream]
269	เมื่อแฟนชอบกินข้าวไม่หมด#goynattydreamchannel
270	My Ambulove EP.12 : เติร์ด - แฮนน่า l [GoyNattyDream]
271	เปิดรายจ่ายก้อยนัตตี้ดรีม 1 เดือนหมดกับอะไรบ้าง [GoyNattyDream]
272	รีวิวการทำจมูกหลักแสน!! #ก้อยนัตตี้ดรีม #goynattydream #ก้อยอรัชพร #นัตตี้นันทนัท #ดรีมอภิชญา
273	CarราCarซัง EP. 5 : เฟย - อิ้งค์ l [GoyNattyDream]
274	ถ้าหนูรับ พี่จะรักป่ะ Ep. 69 THE TOYS อาหมวยตัวเล็ก สเปคทอยมั้ยค้าา? [GoyNattyDream]
275	ถ้าพี่รับ... หนูจะทำตามค่ะ l [GoyNattyDream]
276	ถ้าหนูรับ พี่จะรักป่ะ Ep. 65 แข่งกันเป็นลูกสะใภ้เท่ง เถิดเทิง l [GoyNattyDream]
277	พา (G)I-DLE กินข้าวแกง! [GoyNattyDream]
278	สเต็กถูก vs สเต็กแพง #goynattydreamchannel
279	ถ้าหนูรับ พี่จะรักป่ะ Ep.51 ลุค อิชิคาว่า ภาษาอังกฤษพี่ไม่คล่อง แต่ภาษารักคล่องน้า l [GoyNattyDream]
280	Friendsfly ถ้าเจอแฟนเก่าที่สเปน ทำยังไง?? [GoyNattyDream]
281	ยังไงไหนเล่า EP. 107 ญาญ่า ไม่เคยมองณเดชน์เป็นเพื่อน ! [GoyNattyDream]
282	นัตตี้!!!!!! #ถ้าหนูรับพี่จะรักป่ะ #epสุดท้าย #นัตตี้นันทนัท #goynattydreamchannel
283	“พระ-นาง” ที่เคยเล่นคู่ “ซี-เอมี่” #goynattydreamchannel
284	GMMTV คนนี้ เจนเย่นึกถึงอะไร #goynattydreamchannel
285	ถ้าหนูรับ พี่จะรักป่ะ Ep. 50 มาออกแบบแปลนบ้านกับพี่มั้ยจ๊ะ l [GoyNattyDream]
286	คนด้านหน้าดูแฮปปี้เป็นพิเศษนะคะเนี่ย😝💖#ก้อยอรัชพร #ก้อยนัตตี้ดรีม #goynattydream
287	ถ้าหนูรับ พี่จะรักป่ะ EP. 73 แดน วรเวช โทรขอพี่แพทตี้ วันนี้มีเสือคัมแบคแล้วค่าาา l [GoyNattyDream]
288	ทายของกิน ถูก vs แพง [GoyNattyDream]
289	ล้อมวงเปิดใจที่ลำคลองงู x ปล่อยกูไป [GoyNattyDream] 
290	Friendsfly ใครจะแต่งงานคนถัดไป [GoyNattyDream]
291	นักร้องชายที่เป็นที่สุดของโบกี้ไลอ้อน#มื้อสุดท้ายก่อนตาย #goynattydream #ก้อยนัตตี้ดรีม #โบกี้ไลอ้อน
292	คนรักแบบนี้จะไปต่อหรือพอแค่นี้ ช่างหมัดแมนจะว่าไงบ้าง??#ก้อยนัตตี้ดรีม #goynattydream
293	ถ้าหนูรับ พี่จะรักป่ะ Ep. 62 บอย ปกรณ์ ปีก่อนไม่อยากมี แต่ปีนี้พร้อมมีคนคุยแล้ว l [GoyNattyDream]
294	Sunflower (ทานตะวัน) - Goy Arachaporn [Official MV]
295	ถ้าหนูรับ พี่จะรักป่ะ EP. 93 โต้ง Twopee พอก่อน! ความรัก ขอเวลาพักใจยาวๆ l [GoyNattyDream]
296	จากไม่ชอบหน้าทุกวันนี้สนิทขั้นสุด#ใบเฟิร์นพิมพ์ชนก #BaifernBah #ก้อยนัตตี้ดรีม #goynattydream
297	ไปรดน้ำดำหัวพ่อแม่มีน พีรวิชญ์ [GoyNattyDream]
298	ถ้าหนูรับ พี่จะรักป่ะ EP. 74 เกรท วรินทร เสือที่โสดแบบพี่ อย่างนี้ก็เข้าทางหนูสิคะ l [GoyNattyDream]
299	Friendsfly สรุปค่าใช้จ่าย! มาดากัสการ์หลักล้าน [GoyNattyDream]
300	เมื่อเพื่อนไม่ชอบกัน ชาร์เลทจึงทำสิ่งนี้! #goynattydreamchannel
301	แซนตี้ ก้อยนัตตี้ดรีม x’mas กับผองเพื่อน l [GoyNattyDream]
302	คุยปัญหาแม่ผัวลูกสะใภ้ กับลูกเกด - พีช [GoyNattyDream]
303	ถ้าหนูรับ พี่จะรักป่ะ Ep. 101 ธามไท โสดจนกลายเป็นคนกลัว "ความรัก" l [GoyNattyDream]
304	ผ่านมาเกือบ 10 ปี วัยว้าวุ่นแต่ละคนทำอะไรกันอยู่บ้างน้า💖#ก้อยนัตตี้ดรีม #goynattydreamchannel
305	ถ้าโลกนี้ไม่มีรถส่วนตัว !! [GoyNattyDream]
306	ยังไงไหนเล่า EP. 63 แอน ทองประสม ชอบใครให้ชวนทะเลาะ!!! [GoyNattyDream]
307	ยังไงไหนเล่า EP. 31 แฟนคนเดียวทำไมจะเลี้ยงไม่ได้ มะปราง อลิสา บอก!!! [GoyNattyDream]
308	เกมจับชู้ x โคตรคูล โอ๊ต ป๊อป ซานิ อาร์ต [GoyNattyDream]
309	VLOG บุกบ้าน เอาใจพ่อนัตตี้ l [GoyNattyDream]
310	ถ้าหนูรับ พี่จะรักป่ะ Ep. 64 อเล็กซ์ เรนเดลล์ เดินป่ามาบ่อย ขอเดินข้างๆหน่อยได้เปล่า [GoyNattyDream]
311	ถ้าหนูรับ พี่จะรักป่ะ Ep. 70 URBOYTJ อยากให้เป็นมากกว่านั้น ก็ต้องเป็นแฟนหนูแล้วปะ [GoyNattyDream]
312	Friendsfly วีโกรธหนักที่เมืองชัยปุระ [GoyNattyDream]
313	ถ้าหนูรับ พี่จะรักป่ะ Ep. 61 ตงตง กฤษกร ก่อนเป็นแมว เคยเป็นเสือ คุยพร้อมกัน 10 คน l [GoyNattyDream]
314	ถ้าหนูรับ พี่จะรักป่ะ Ep. 28 พี่ก้อง สหรัถ ถ้าใจเราได้ อายุก็แค่ตัวเลข l [GoyNattyDream]
315	ยังไงไหนเล่า EP. 34 พลอย หอวัง เคล็ดลับเป็นเพื่อนกับแฟนเก่า [GoyNattyDream]
316	ยังไงไหนเล่า EP. 112 เจนเย่ Top 3 หนุ่ม GMM ที่มองว่าน่ารัก! [GoyNattyDream]
317	เมื่อวี วิโอเลต ค้างของขวัญเก้าจิรายุมาหลายเทศกาล วาเลนไทน์นี้จะจัดเต็มด้วยอะไร ไปดูค่ะ💖 #วาเลนไทน์
318	Friendsfly เซอร์ไพรส์แฟน วันวาเลนไทน์ [GoyNattyDream]
319	ถ้าหนูรับ พี่จะรักป่ะ Ep. 104 ศิธา แด๊ดดี้ขยี้เผด็จการ เอ้ย หัวใจ l [GoyNattyDream]
320	ถ้าหนูรับ พี่จะรักป่ะ Ep. 57 กระทิง ขุนณรงค์ เขินไปเขินมา ระวังหลงรักพี่น้า l [GoyNattyDream]
321	เซอร์ไพรส์ค่า CEO#ให้แบรนด์แทนใจ #ให้แบรนด์แทนใจเลือกด้วยใจให้คนสำคัญ
322	สรุปทริปอเมริกาเหยียบล้าน ที่!!ศรีพันวาาา l [GoyNattyDream]
323	ตอบคำถามโหด กับเฟย์ฟางแก้ว [GoyNattyDream]
324	เปิดเรือนหอ นัตตี้-พี่แมน ทุบบ้าน 30 ล้านทิ้ง [GoyNattyDream]
325	ใหม่จะไม่ทน!! เลิฟซีนเต๋อ-ก้อย #goynattydreamchannel
326	ถ้าหนูรับ พี่จะรักป่ะ Ep. 25 ไอติม พริษฐ์ เติมความหวานให้เราหน่อยย l [GoyNattyDream]
327	เปิดรายได้ก้อยนัตตี้ดรีมทุกช่องทาง! l [GoyNattyDream]
328	Friendsfly แบ่งหน้าที่เพื่อนเจ้าสาว [GoyNattyDream]
329	ก้อยนัตตี้ดรีม ย้อนวัย นัดเจอสองสาวแฟนเก่าก้อย l [GoyNattyDream]
330	เกมคำต้องพูด X เทพลีลา @thepleelaofficial [GoyNattyDream]
331	ต้อนรับวันเด็ก! ก้อยนัตตี้ดรีม แอ๊บไปเป็น พี่เนียน l [GoyNattyDream]
332	ยังไงไหนเล่า EP. 74 แอฟ ทักษอร รักครั้งใหม่ สัญญาว่าจะน่ารักค่ะ [GoyNattyDream]
333	หาทางรอดตายในป่าต้องห้ามกับโจโฉ [GoyNattyDream]
334	My Ambulove EP. 34 : เก้า - เจนเย่ l [GoyNattyDream]
335	ก้อย ดรีม สู้! ฉันจะสวยแบบนัตตี้!! l [GoyNattyDream]
336	เปิดรถก้อยตี้ดรีม! [GoyNattyDream]
337	Friendsfly มีคน ”โดนจีบ“ ที่สมุย [GoyNattyDream] 
338	ถ้าหนูรับ พี่จะรักป่ะ Ep. 109 อาร์ม โอฮาน่า มีกิ๊กทำไม? แฟนคนเดียวก็เหนื่อยแล้ว l [GoyNattyDream]
339	ถามเร็วตอบเร็ว ไปต่อหรือพอแค่นี้ #goynattydreamchannel
340	เปิดใจคุยกับแม่ เรื่องท้อง!!! [GoyNattyDream]
341	สภาพก้อยนัตตี้ดรีมดราม่าตอนเป็นเมนส์ [GoyNattyDream]
342	อัพเดท สถานะหัวใจ The Driver [GoyNattyDream]
343	รับบท Glass Chef กันทั้งแก๊ง! 👩‍🍳👩‍🍳👩‍🍳#Ninjakitchenth #Ninjacrispiglasschef #Glasschefep5
344	ก้อยนัตตี้ดรีม แข่งขอเบอร์หนุ่มในสยามกับเจนิส ใครจะชนะ! l [GoyNattyDream]
345	Friendsfly คืนสละโสด ส่งท้ายให้นัตตี้! [GoyNattyDream]
346	My Ambulove EP. 27 : โทมัส - ก้อง l [GoyNattyDream]
347	น้องก้อย 27 แล้วค่า l [GoyNattyDream]
348	พักร้อนแบบคนโสด มีแฟน จะแต่งงาน [GoyNattyDream]
349	ยังไงไหนเล่า EP. 97 มายด์ 4EVE เผาสเปคทั้งวง หมดเปลือก! [GoyNattyDream]
350	เปิดใจวี คอนเสิร์ตใหญ่ เครียด! กลัวไม่มีคนดู[GoyNattyDream]
351	This or That 🔥 Ver.เด็กเจนแซ่บ!! #goynattydreamchannel
352	ยังไงไหนเล่า EP. 57 นุ่น วรนุช นางเอกแบบพี่ เที่ยวมาตั้งแต่ 14 แล้วค่ะ [GoyNattyDream]
353	วันเกิดวี งานนี้มีเซอร์ไพรส์ l [GoyNattyDream]
354	Friendsfly วีน้ำตาแตก เจอเทเลอร์อีกครั้งที่ญี่ปุ่น [GoyNattyDream]
355	คู่นี้คือโบ๊ะบ๊ะจริงเว่ออ😂💖 #เกรซแกรนด์ #gracekanklao #แกรนด์thestar #เกรซกาญ์เกล้า #goynattydream
356	ยังไงไหนเล่า EP. 21 ลีน่าจัง เปิดมาก็ด่าพวกหนูยับเลย [GoyNattyDream]
357	ถ้าหนูรับ พี่จะรักป่ะ Ep. 26 ให้พริตตี้ดูแลนะคะ พี่อะตอม ชนกันต์ l [GoyNattyDream]
358	อย่าว่าดรีมนะ😡!! #โดนแฮกไอจี #ดรีมอภิชยา #TANGBadVoice #ตั้งตะวันวาด #dreamapichaya
359	My Ambulove EP.13 : ต้าห์อู๋ - ออฟโรด l [GoyNattyDream]
360	เฟยอิ้งค์สลับร่างกัน จะทำอะไร #goynattydreamchannel
361	ทายของกิน ถูก VS แพง EP. 2 [GoyNattyDream]
362	จากคิวปิดสู่แขกรับเชิญ วันนี้ก้อยมาแล้วนะค้าาาพี่ไมค์ My Ambulove Ep.2 ฟินแค่ไหนไปดูกันนนน!🤣💖
363	ท้าตอบคำถามสุดโหด ใบเฟิร์น พิมพ์ชนก [GoyNattyDream] 
364	My Ambulove EP.3 : เฟย - จูเน่ l [GoyNattyDream]
365	เอิ้ก มิ้วกี้ นัทนิสา ใครเคยโดนด่าจนขึ้นเทรนด์ทวิต ดื่ม! [GoyNattyDream]
366	CarราCarซัง EP. 3 : เก้า - วี l [GoyNattyDream]
367	ถ้าหนูรับ พี่จะรักป่ะ EP. 72 คอนโด 20 ล้านพี่พิชญ์ กาไชย จะสู้ความรักหนูได้มั้ยน้า [GoyNattyDream]
368	ถ้าหนูรับ พี่จะรักป่ะ EP. 96 Paper Planes จีบไอ้หนุ่มแบ้ดดดดดดบอย l [GoyNattyDream]
369	MR.GOYYOG ฮะผม🧔🏻‍♂️#ก้อยอรัชพร #ก้อยนัตตี้ดรีม #goynattydream
370	ตะลุยกินร้านเด็ดตามละแวกบ้าน [GoyNattyDream]
371	ยังไงไหนเล่า EP. 42 คุณหญิงสุดารัตน์ สมัยสาวๆมีหนุ่มต่างพรรคมาจีบแม่นะจ๊ะ [GoyNattyDream]
372	เลือกฉันก่อนเธอ - Goy Arachaporn Feat. มีนตรา อินทิรา(Another Version)
373	สงกรานต์ 3 บ้าน! 3 ประเทศ! [GoyNattyDream] 
374	ยังไงไหนเล่า EP. 64 ฟรัง นรีกุล เปิดใจดราม่า คนหายจากชีวิตไปครึ่งนึง [GoyNattyDream]
375	เสียใจที่ป๊าไม่ได้อยู่ดูความสำเร็จ100%#มื้อสุดท้ายก่อนตาย #ณเดชน์ #ณเดชน์คูกิมิยะ #ก้อยนัตตี้ดรีม
376	ข่าวดีและข่าวร้ายของบิวบอง #goynattydreamchannel
377	มิถุนาเจอแน่!!! My Ambulove ปอร์เช่มาเบล อิอิ #goynattydreamchannel
378	ไปค่ะ พส ep.8 - เสียค่าบัตรแพงสุดใน Universal แต่ก้อยกลับโดนเพื่อนทิ้ง l [GoyNattyDream]
379	ถ้าหนูรับ พี่จะรักป่ะ Ep. 59 ไอซ์ พาริส คนอื่นอาจจะไม่สู้พวกพี่ แต่ผมพร้อมครับ! l [GoyNattyDream]
380	คราวนี้จะจบที่กี่รอบ#ก้อยนัตตี้ดรีม #goynattydream
381	ถ้าหนูรับ พี่จะรักป่ะ Ep. 63 ก็อต อิทธิพัทธ์ อยากชื่อริชชี่โว้ยยย l [GoyNattyDream]
382	หู้ยยยยยย! #myambulove #ep6 #goynattydreamchannel #ชินชินวุฒ #ลิลลี่ภัณฑิลา
383	ซอรี่ มาช้าแต่มาค่ะ #goynattydreamchannel
384	ถามเร็วตอบเร็ว ไปต่อหรือพอแค่นี้! #goynattydreamchannel
385	ลำดับวัดใจ x คู่รัก? [GoyNattyDream]
386	ไม่อยากเจ็บป่วยก่อนตาย#มื้อสุดท้ายก่อนตาย #goynattydream #ก้อยนัตตี้ดรีม #โบกี้ไลอ้อน#bowkylion
387	วิ่งตาม(จีบลูก) ผู้ว่าชัชชาติ! [GoyNattyDream]
388	ไปค่ะ พส EP. 12 - ช้อปเพลินจนตกเรือ! อดชมวิวหอไอเฟล ทิ้งตั๋วหลายแสนบาท!!! l [GoyNattyDream]
389	PLAY WITH ME (เล่นกันไหม) - GOYNATTYDREAM FT. URBOYTJ [Official Teaser]
390	ศึกประชันโรงเรียนที่มีดาราเยอะที่สุดในประเทศไทย !! l [GoyNattyDream]
391	ถ้าหนูรับ พี่จะรักป่ะ EP. 86 รวมพลังจีบพี่หม่ำ ที่สุดของคนรักเมีย l [GoyNattyDream]
392	My Ambulove EP.5 : เบสท์ คำสิงห์ - บาธ ธัญชนนท์ l [GoyNattyDream]
393	ถ้าพี่รับ หนูจะทำตามค่ะ x มาริโอ้ [GoyNattyDream]
394	ยังไงไหนเล่า EP. 102 โบว์ กัญญารัตน์ กำลังสร้างตัวเตรียมแต่งงาน ! [GoyNattyDream]
395	Friendsfly ลองขี่อูฐ กลางทะเลทราย [GoyNattyDream]
396	ยังไงไหนเล่า EP. 82 เบลล่า พร้อมมีรักครั้งใหม่แล้วค่า [GoyNattyDream]
397	Friendsfly บุกไปหาลิงลพบุรี [GoyNattyDream]
398	แปลงโฉมแน็กชาลี กินโอมากาเสะตามสัญญา [GoyNattyDream]
399	you make me overdrive 🛻
400	เกมจับชู้ x เจแปน อุล เติ้ล นาย [GoyNattyDream]
401	ยังไงไหนเล่า EP. 72 พา เบสท์ คำสิงห์ เที่ยวกลางคืนครั้งแรก [GoyNattyDream]
402	แก๊งนี้ ใครเมะ ใครเคะ👨🏽‍🦰👱🏼‍♀️#goynattydreamchannel
403	ถ้าหนูรับ พี่จะรักป่ะ LAST EP อำลารายการ พี่แมนรับนัตตี้ไปแต่งงาน l [GoyNattyDream]
404	ถ้าหนูรับ พี่จะรักป่ะ Ep. 108 เจมส์จิ ผมเจอคนนี้ก็หยุดเลยครับ l [GoyNattyDream]
405	ยังไงไหนเล่า EP. 24 จียอน พี่จีบก่อนเอง พี่ชอบความชัดเจน [GoyNattyDream]
406	โว้ยยย นอนไม่หลับ EP. 3 เรื่องปวดหัวของคุณผู้ชาย ให้เจสสิก้าช่วยสิคะ l [GoyNattyDream]
407	GEN Y ชอบลงสตอรี่พิมพ์ยาวๆ #goynattydreamchannel
408	พิสูจน์ผีเฮี้ยนกับ Epic time จนเจอดี!! [GoyNattyDream]
409	ครบ 3 ปี เจอทีมงานแกล้งจนร้องไห้หนัก [GoyNattyDream]
410	เซอไพรส์วันเกิดนัตตี้ หมอดูบอกเลยงานนี้มีคนท้อง l [GoyNattyDream]
411	พี่ซานิ! พวกหนูขอแข่งกันจีบพี่!! l [GoyNattyDream]
412	เป็นเพื่อนกับแฟนเก่า ไหนใครเป็นได้ยกมือขึ้น🤚🏻🤚🏻🤚🏻 #friendsfly #ก้อยนัตตี้ดรีม
413	เผ็ดแค่ไหนถามใจดู เปิดศึก ก้อยนัตตี้ดรีม vs พีชอีทแหลก !!! l [GoyNattyDream]
414	My Ambulove EP. 24 : ซี-นุนิว l [GoyNattyDream]
415	คุยความรักต่างวัย รักแบบ Toxic มันเป็นยังไง? [GoyNattyDream]
416	Q&A 2021 เดือดจนมีคนเสียน้ำตา l [GoyNattyDream]
417	เปิดบริษัทก้อยตี้ดรีมครั้งแรก! l [GoyNattyDream]
418	เอ๊ะ ทายถูกเยอะแปลกๆ#goynattydream #ก้อยนัตตี้ดรีม
419	ยังไงไหนเล่า EP. 89 มินนี่ (G)I-DLE พร้อมตอบเรื่องความรัก! [GoyNattyDream]
420	ถ้าหนูรับ พี่จะรักป่ะ EP. 71 จอส เวอาห์ ขี้อ้อนขนาดนี้ อยากได้พี่หรืออยากได้แฟนจ๊ะ l [GoyNattyDream]
421	ใครไม่เขินฉันเขินมากกกก😳#sarahsalola #ซาร่าห์ #ดรีมอภิชยา #ดรีม#ถ้าหนูรับพี่จะรักป่ะ #goynattydream
422	ไปค่ะ พส ep.9 - คู่จิ้นใหม่ในแอลเอ #นิกกี้แมน เกิดขึ้นแล้วว l [GoyNattyDream]
423	My Ambulove EP.2 : ไมค์ - ก้อย l [GoyNattyDream]
424	ไปค่ะ พส EP. 14 - เที่ยวปัตตานี น่ากลัวอย่างที่คิด จริงมั้ย!? l [GoyNattyDream]
425	ยังไงไหนเล่า EP. 36 แมท ภีรนีย์ ชีวิตพี่เปลี่ยนไปเยอะจริงๆ [GoyNattyDream]
426	เก้า!!!! #เก้าจิรายุ #วีวิโอเลต #goynattydreamchannel #Retrospect
427	ยังไงไหนเล่า EP. 92 ฟลุ๊ค กะล่อน พาบุกหมู่บ้านดารา! [GoyNattyDream]
428	อยากมีเบบี๋มั้ยยย อยากมีกี่คนจ๊ะพี่แมน?💕#นัตตี้นันทนัท #นัตตี้แมน #goynattydreamchannel
429	ถ้าหนูรับ พี่จะรักป่ะ EP. 84 ป๊อก MINDSET ก่อนเจอมาร์กี้แฟนพี่เคยแอบคบกับเพื่อนสนิทl [GoyNattyDream]
430	CarราCarซัง EP. 12 : กระทิง - มีน l [GoyNattyDream]
431	My Ambulove EP.1 : ณ-โยชิ l [GoyNattyDream]
432	ไปค่ะ พส ep.4 - ตั้งแคมป์ทิพย์กัน แต่ก้อยเกือบเสียไนล่าไป!! l [GoyNattyDream]
433	เธอไม่ต้องพูดประโยคเมื่อกี้ก็ได้555 ขำมากน่ารักเว่อ😂#เก้าวี #วีวิโอเลต #goynattydream #เก้าจิรายุ
434	หนูอยากออกเรือน จานที่1 - หมูกระเทียมคล้องใจแม่นิกกี้ก้อย l [GoyNattyDream]
435	ทริปคนโสด!! ก้อยบอสตะลุย L.A. [GoyNattyDream]
436	บุกกองถ่าย 6 ฉาก [GoyNattyDream]
437	“เธอไม่เคย” ประโยคชวนทะเลาะ #GoyNattyDreamChannel
438	NCT 127 THAI DANCE WITH GoyNattyDream
439	มาเบล PiXXiE มี 2 ร่าง! #goynattydreamchannel
440	แก๊งพ่อบ้านคาดหวังอะไรในตัวแฟน #goynattydreamchannel
441	ถ้าหนูรับ พี่จะรักป่ะ Ep. 117 ณัฏฐ์ กิจจริต ถ้าโสด เราจะมองโลกอีกแบบ l [GoyNattyDream]
442	มินนี่น่ารัก จนดรีมซึ้ง!!! #ยังไงไหนเล่า #minniegidle #goynattydreamchannel
443	My Ambulove EP.14 : เต๋อ ฉันทวิชช์ - ใหม่ ดาวิกา l [GoyNattyDream]
444	ลำคลองงู x ปล่อยกูไป ศึกนี้ไม่มีคำว่าเพื่อน [GoyNattyDream]
445	WayV Spicy Challenge with GoynattyDream
446	ขึ้นต้นลงท้าย ep.2 เอาแล้วไงคู่นี้! 🤣 #goynattydreamchannel
447	ยังไงไหนเล่า EP. 30 ชิปปี้ ศิรินทร์ มีแฟนไม่ดี ไม่รู้จะมีทำไมค่ะ [GoyNattyDream]
448	#ท็อปก้อย คู่นี้ยังไงเนี่ย?! #goynattydreamchannel
449	ก้อยนัตตี้ดรีม กินอะไรใน 1 สัปดาห์ ! [GoyNattyDream]
450	ความมั่นใจของดรีม #goynattydreamchannel
451	หนุ่มคนไหนจีบเบสท์คำสิงห์คะเนี่ย!!😋 #เบสท์คำสิงห์ #ยังไงไหนเล่า #beskamsing #goynattydream
452	วัดกันไปเลยว่ามีนจะรู้ใจดรีมจริงมั้ย💖#ก้อยนัตตี้ดรีม #GoyNattyDreamChannel
453	ยังไงไหนเล่า EP. 56 แอลลี่ หนูยอมเล่าเรื่องรักๆ ที่นี่ที่แรก [GoyNattyDream]
454	ไปค่ะ พส ep.6 - ฉลองฮาโลวีนในอเมริกา โคตรโหด เห็นรถโดนทุบ l [GoyNattyDream]
455	วัดกึ๋น ตอบคำถามนางงาม l [GoyNattyDream]
456	ถ้าหนูรับ พี่จะรักป่ะ Ep. 48 แม็กซี่ ณัฐพล น้องมุก พวกพี่มาก่อนน้องหลายปีแล้วจ้ะ l [GoyNattyDream]
457	ยังไงไหนเล่า EP. 67 ชวนเมมเบอร์ลับปลอมตัวล้วงความรัก "เฌอปราง" [GoyNattyDream]
458	ถ้าหนูรับ พี่จะรักป่ะ Ep. 119 คุยกับพี่โตโน่ครั้งนี้ จนก้อยมีเสียน้ำตา l [GoyNattyDream]
459	ความคิดถึงจากสเปน #friendsflyth
460	เตือน!! อดเที่ยวเพราะสายการบิน #goynattydreamchannel
461	ถ้าหนูรับ พี่จะรักป่ะ EP. 88 เจมมี่เจมส์ ผมได้แฟนเพราะสุ่มแอดไลน์ไปจีบครับ l [GoyNattyDream]
462	ขอชิมด้วยค่าาา #ก้อยนัตตี้ดรีม #goynattydream #มีนพีรวิชญ์ #ดรีมอภิชญา #ก้อยอรัชพร #นัตตี้นันทนัท
463	ถ้าหนูรับ พี่จะรักป่ะ Ep. 68 ดีเจภูมิ หาปลาไปทะเล หาคนเปย์ไปหาพี่ได้มั้ยค้า [GoyNattyDream]
464	Friendsfly สลับกันเลี้ยงลูก [GoyNattyDream]
465	ยังไงไหนเล่า EP.28 หม่ามี๊ พลอย ชิดจันทร์ ถ้าหนูเกิดช้ากว่านี้ จะจีบชีโน่กับชีต้าค่ะ [GoyNattyDream]
466	ยังไงไหนเล่า EP. 27 ดีเจ..นุ้ย ร่วมเฟรม ก้อย.. นัตตี้ดรีม พวกหนูชอบพี่ค่ะ l [GoyNattyDream]
467	ใครกันนะ เหมาะสมกับก้อย อรัชพร #ก้อยนัตตี้ดรีม
468	เขินหนักมากกกก คู่จิ้นวัยกามิมาอีกแล้วววว 🫣💖💖💖#ก้อยนัตตี้ดรีม #goynattydreamchannel
469	ทริปตายเอาดาบหน้าที่ญี่ปุ่น [GoyNattyDream]
470	คุยความรักต่างวัย เมื่อมีรักที่ไม่สมหวัง [GoyNattyDream]
471	ยังไงไหนเล่า EP. 58 เบียร์ ภัสรนันท์ บอกวิธีรับมือการโดนด่าแอ๊บมาทั้งชีวิต [GoyNattyDream]
472	ทายเครื่องสำอาง ถูก VS แพง [GoyNattyDream]
473	ถ้าหนูรับ พี่จะรักป่ะ Ep. 113 กอล์ฟ ไมค์ เคลียร์ใจพี่น้อง จีบผู้หญิงคนเดียวกัน l [GoyNattyDream]
474	ยังไงไหนเล่า EP. 77 เปิดใจดราม่า 3 สาวบ้านทองเจือ [GoyNattyDream]
475	ระดับ #Friendsflyไม่เมาค่ะ😎 #มาดากัสการ์ #เฟรนส์ฟราย #goynattydream #ก้อยนัตตี้ดรีม
476	4EVE แต่ละคน เหมาะกับผู้ชายแบบไหน #goynattydreamchannel #4eve
477	ยังไงไหนเล่า EP. 60 พีพี กฤษฏ์ ยิ่งโต ยิ่งกลัว การมีความรัก [GoyNattyDream]
478	ยังไงไหนเล่า EP. 70 ฝนxนินิว “บอกเคล็ดลับ” ดีลผู้ชายยังไงให้ได้ชัวร์ [GoyNattyDream]
479	บอกหมด! รู้ทุกเคล็ดลับรวยพันล้านจาก CEO อูน [GoyNattyDream]
480	ไหนมีใครทายถูกบ้าง #goynattydreamchannel
481	พาลูกๆของ “วิน เมธวิน” ไปเที่ยว [GoyNattyDream]
482	เมื่อไบร์ท วชิรวิชญ์ ชวนดูบอล #goynattydreamchannel
483	คุยความรักต่างวัยส่งท้ายปี รักต่างวัย รอดยากจริงมั้ย? [GoyNattyDream]
484	มุมมองของก้อยนัตตี้ดรีมต่อวันสุดท้ายของตัวเอง l [GoyNattyDream]
485	บุกกองถ่าย “แม่หยัว” [GoyNattyDream]
486	เปิดบ้านก้อยอีกหลัง! ที่ชุมพวงโคราช [GoyNattyDream]
487	เมาตอบคำถาม ที่สุดของปี 2023 [GoyNattyDream]
488	ลิ้นกับฟัน พบกันทีไรก็เรื่องใหญ่! เผยความสัมพันธ์คู่กัดนัตตี้-พี่อนันดา! #ก้อยนัตตี้ดรีม #อนันดา
489	ก้อยนัตตี้ดรีม Wakeboard แข่งกัน ใครแพ้โดน...ถีบ!!! l [GoyNattyDream]
490	ยังไงไหนเล่า EP. 76 กุ๊บกิ๊บ บอกวิธีทำยังไงให้ได้ผู้ [GoyNattyDream]
491	ยังไงไหนเล่า EP. 95 บิว วราภรณ์ ขอให้ชาติหน้าได้รักกันอีก [GoyNattyDream]
492	กลัวทะเลาะกับญาญ่าเพราะลูก! #goynattydreamchannel
493	My Ambulove EP. 22 : บิวกิ้น - พีพี l [GoyNattyDream]
494	ยังไงไหนเล่า EP. 53 บุกห้องสาวโสด นิวเคลียร์ งานนี้มีแต่เรื่องแซ่บ!! [GoyNattyDream]
495	My Ambulove EP. 35 : ลีน่า - หมิว l [GoyNattyDream]
496	เบื้องหลังคอนเสิร์ต! [GoyNattyDream]
497	ยังไงไหนเล่า EP. 108 แก้ว จริญญา จุดที่ใช่จนอยากพอกับทุกอย่าง [GoyNattyDream]
498	ถ้าโลกนี้ไม่มีแอร์ [GoyNattyDream]
499	ถ้าหนูรับ พี่จะรักป่ะ Ep. 103 เจษ ผู้หญิงและประจำเดือนที่ผู้ชายไม่เคยเข้าใจ l [GoyNattyDream]
500	ยังไงไหนเล่า EP. 115 มิกซ์ เฉลิมศรี พร้อมมีรักใหม่แบบ “กระทิง” ได้มั้ย? [GoyNattyDream]
501	จีบแบบมีชั้นมีเชิง หูยหูยหูย🫨 #ณัฏฐ์กิจจริต #goynattydream #ถ้าหนูรับพี่จะรักป่ะ
502	แยกเที่ยว!!! คนเดียว 24 ชั่วโมง! [GoyNattyDream]
503	บ้าจริง ทำไมเรายิ้มอยู่
504	ถ้าหนูรับ พี่จะรักป่ะ EP. 79 เผือกโบอาร์ต ยึดถ้าหนูรับ! l [GoyNattyDream]
505	โว้ยยย นอนไม่หลับ EP. 1 เม้าท์แซ่บกับคนดู จนหัวร้อนครั้งแรก!
506	ทริป 2 คู่ เที่ยวยุโรป [GoyNattyDream]
507	ถ้าหนูรับ พี่จะรักป่ะ EP. 80 เติร์ด Tilly Birds เล็งพี่ก้อยมาตั้งแต่สมัยเรียนแล้ว l [GoyNattyDream]
508	บอสสอก : งั้นขอกินทุกแก้วเลยละกัน#uppoompat #poompps #UpPoom #goynattydream #ก้อยนัตตี้ดรีม
509	ยังไงไหนเล่า EP. 87 อินทนนท์ แพ้ใจให้ผู้ชาย GMM [GoyNattyDream]
510	พี่แมน มาตอบก๊อนนน5555555 #นัตตี้นันทนัท #แมนนัตตี้ #gndonelastride
511	ยังไงไหนเล่า EP. 25 มินนี่ ภัณฑิรา หนูมี close friend แล้วนะคะป๊า [GoyNattyDream]
512	แยกเที่ยว 3 บ้าน เซี่ยงไฮ้ บอสตัน ซิซีลี [GoyNattyDream] 
513	My Ambulove EP.19 : จั๊มพ์ - อ๊ะอาย l [GoyNattyDream]
514	นี่ไม่ขี้หึงน้า 🤣 #goynattydream #goynattydream #ถ้าหนูรับพี่จะรักป่ะ #ธามไท
515	แชร์ที่เดทลับ วันวาเลนไทน์ [GoyNattyDream]
516	สตอรี่นี้ Gen ไหนลง #goynattydreamchannel
517	ถ้าหนูรับ พี่จะรักป่ะ EP. 90 LazyLoxy เคยเจ้าชู้ แต่เจอเบียร์แล้วเลิกเลยครับ l [GoyNattyDream]
518	เกมแรกที่ดรีมตายคนแรก!#ก้อยนัตตี้ดรีม #goynattydreamchannel#goynattydream
519	ยังไงไหนเล่า EP. 84 ก้อย อรัชพร แขกคนสุดท้ายส่งท้ายปี [GoyNattyDream]
520	ถ้าหนูรับ พี่จะรักป่ะ Ep. 60 เผือก พงศธร โสดแป๊ปเดียว บ้านพี่เกือบแตก l [GoyNattyDream]
521	ก่อนพ่อจะหยุดก็เคยสุดมาก่อนนนน🔥 #พิธา #ทิม #พิธาลิ้มเจริญรัตน์ #ถ้าหนูรับพี่จะรักป่ะ #goynattydream
522	แกล้ง!! ทำเงินหล่น ใครคืน.. อยากได้อะไรเอาไปเลย l [GoyNattyDream]
523	ยังไงไหนเล่า EP. 78 ณิชา ไม่เคยมองใครหล่อ นอกจากโตโน่ [GoyNattyDream]
524	ถ้าหนูรับ พี่จะรักป่ะ EP. 87 ขอพี่หน่อย จีบพี่เคน ธีรเดช 1 วัน l [GoyNattyDream]
525	ถ้าหนูรับ พี่จะรักป่ะ EP. 95 แกล้งอนันดา! พาภรรยามาเจอก่อนแต่ง l [GoyNattyDream]
526	My Ambulove EP. 36 : เข้ม - มุกดา l [GoyNattyDream]
527	ยังไงไหนเล่า EP. 79 เลดี้ปราง ถ้าโอบ โอบนิธิจีบ จะมีลุ้นไหมค้า? [GoyNattyDream]
528	My Ambulove EP.7 : เอิ้ก ชาลิสา - อองรี PROXIE l [GoyNattyDream]
529	CarราCarซัง EP. 2 : บิว - โบว์ l [GoyNattyDream]
530	ถ้าหนูรับ พี่จะรักป่ะ Ep. 97 บี้ Kpn เปลี่ยนคนไม่ชอบให้กลายเป็นคนรัก l [GoyNattyDream]
531	My Ambulove EP.4 : ไอซ์ พาริส - พิมมา PiXXiE l [GoyNattyDream]
532	แฟนถามแบบนี้ ตอบไงดี! #goynattydreamchannel
533	ทำโทษดรีม! สั่งสอนคนโดดประชุมไปดูหนัง [GoyNattyDream]
534	POV : เมื่อเจอผู้ชายที่ชอบ แต่… 🥲 #ลืมเวลา #GoyArachaporn
535	ใหม่ VS นัตตี้ ขนขิงมาทั้งสวน!! #goynattydreamchannel
536	ยังไงไหนเล่า EP. 91 เผยสเปคหนุ่มของสาวๆ ! KISS OF LIFE [GoyNattyDream]
537	Friendsfly วันเกิดดรีม ล่ม! [GoyNattyDream]
538	ถ้าหนูรับ พี่จะรักป่ะ Ep. 66 หมอสุนิล เปิดคลินิกหมอฟันพันล้าน l [GoyNattyDream]
539	ถ้าหนูรับ พี่จะรักป่ะ EP. 83 จับอปป้าทัชชี่สลับร่างดรีม 1 วัน l [GoyNattyDream]
540	ท้าตอบคำถามสุดโหด เฟย อัพ แม็กซี่!! [GoyNattyDream]
541	คุยกับกั้ง สาเหตุเลิกแฟนคบ 6 ปี [GoyNattyDream]
542	ยังไงไหนเล่า EP. 75 นุนิว ถ้ามีคนรักผมจะอวดให้รู้! [GoyNattyDream]
543	ยังไงไหนเล่า EP. 55 PiXXiE บอกเทคนิคจีบ ชอบใครให้กดไลก์ตอน ตี 3! [GoyNattyDream]
544	ยังไงไหนเล่า EP. 45 มิ้นต์ ชาลิดา ตอบทุกคำถาม 10 ปีที่คบกันได้เวลาแต่งงานหรือยังน้าา [GoyNattyDream]
545	นางเอก GMM ในดวงใจของนนน #goynattydreamchannel
546	OUTING ช่อง ใครมากี่โมงง?👀👁️ #goynattydreamchannel #GNDOuting2025
547	ตะลุยกินร้านเด็ดตลาดศาลเจ้า ที่สุราษฎร์!!! [GoyNattyDream]
548	ไปต่อหรือพอแค่นี้ - พิม #goynattydreamchannel
549	แอบขโมยรถพี่นิกกี้หมดบ้าน [GoyNattyDream]
550	วันแดงเดือด 4-0 รู้เรื่อง! l [GoyNattyDream]
551	Friendsfly พักร่างที่บางกระเจ้า [GoyNattyDream]
552	ไม่ทักก่อน - Dream Apichaya [OFFICIAL MV]
553	แฟนคนนึง - GoyNattyDream l FFK cover [special thank YOU music video]
554	มูที่ไหนบอกหน่อยค่า🥲 #บี้กุ๊บกิ๊บ #บี้kpn #กุ๊บกิ๊บ #ยังไงไหนเล่า #ก้อยนัตตี้ดรีม
555	ยังไงไหนเล่า EP. 32 พี่มดดำ คชาภา เจ็บมาเยอะ ชีวิตนี้ขอไม่มีความรัก [GoyNattyDream]
556	ตะลุยเบื้องหลัง ถ่าย MV ด้วยกันครั้งแรกของก้อยนัตตี้ดรีม l [GoyNattyDream]
557	ยังไงไหนเล่า EP. 29 เบล เขมิศรา ท่านนายกคะผู้หญิงจะโสดกันหมดละค่า [GoyNattyDream]
558	แซ่บมากจ้าพส.🤭🔥🔥 #น้ำหอมนาราดา #แซ่บ #Friendsfly #เฟรนฟราย #เพื่อน #goynattydream
559	วันเกิดดรีม 23 เอ้ย 32 [GoyNattyDream]
560	ยังไงไหนเล่า EP. 71 เกรซ แกรนด์ วิธีรับมือเมื่อน้องเจ็บปวด [GoyNattyDream]
561	1 ปี กับจุดเปลี่ยนครั้งใหญ่ในชีวิต [GoyNattyDream]
562	บุกหาดใหญ่! มีคนเจ็บตัว (แต่หัวใจแข็งแรง) [GoyNattyDream]
563	ใบ้ชื่อย่อคนในวงการ ที่แก้ว FFK เคยชอบสมัย Kamikaze 🥹💖 คิดว่าเป็นใครกันน้าาาา #goynattydream #ffk
564	เปิดตัวคู่จิ้นคู่ใหม่ของวงการ! เจอกันได้ที่ My Ambulove รัศมีแข-ชาร์เลต ลุยย #goynattydreamchannel
565	เกมจับชู้ X ฝน นินิว เป้ย ม้าม่วง รอเรน l [GoyNattyDream]
566	ปิดพูลวิลล่า เอ้าท์ติ้งบริษัท! [GoyNattyDream]
567	สลับตำแหน่งในบริษัท 1 วัน ใครห่วยสุดโดน!! [GoyNattyDream]
568	ไปค่ะ พส EP. 10 - ประชันการแสดงที่ลำปาง ใครจะสมศักดิ์ศรีเด็กนิเทศที่สุด l [GoyNattyDream]
569	รับสมัครพนักงานคนแรกของบริษัท ก้อยนัตตี้ดรีม l [GoyNattyDream]
570	เจมส์จิ - โฟม พบรักกลางกองถ่าย #goynattydreamchannel
571	ยังไงไหนเล่า EP. 59 มิ้วกี้ ไปรยา เม้าแซ่บประสบการณ์เที่ยวเด็กบาร์โฮสต์สุดช็อค [GoyNattyDream]
572	วิธีละลายพฤติกรรมแบบเซียนหรั่ง #goynattydreamchannel
573	ถ้าหนูรับ พี่จะรักป่ะ Ep. 112 โอบ โอบนิธิ พูดที่แรกหลังจากโสด l [GoyNattyDream]
574	ถ้าหนูรับ พี่จะรักป่ะ EP. 75 "ดีเจพุฒ" ไม่ค่อยเก่ง..แต่รัก(จุ๋ย)หมดใจ l [GoyNattyDream]
575	Friendsfly ทริปอินเดียเกินงบ หมดเป็นล้าน! [GoyNattyDream]
576	ศิลปินชาย T-POP ในดวงใจ มายด์ 4EVE 😍 #goynattydreamchannel
577	ทายสิ้ ใครในแก๊งค์ที่ตอนแก่จะต้องหย่าครั้งที่ 2 #friendsflyth #ก้อยนัตตี้ดรีม #goynattydream
578	My Ambulove EP.17 : โอบ - ปราง l [GoyNattyDream]
579	กินอะไรใน 1 สัปดาห์! ภาค 2 [GoyNattyDream]
580	CarราCarซัง EP. 14 : เต - ต้าห์อู๋ l [GoyNattyDream]
581	จับผู้บริหารมาเป็นเด็กปั๊ม! เหงื่อแตกสิคะงานนี้ l [GoyNattyDream]
582	My Ambulove EP. 28 : เออร์วิน ATLAS - ฝ้าย 4EVE l [GoyNattyDream]
583	แกล้งหลอกผี เซอร์ไพรส์วันเกิดดรีม [GoyNattyDream]
584	ยังไงไหนเล่า(ซิ) EP. 80 ขอนัดเคลียร์ใจ ยิปซี ปาย เนะ เคยไม่ชอบกันมาก่อน [GoyNattyDream]
585	ก้อยนัตตี้ดรีมจะเลิกทำ “ถ้าหนูรับพี่จะรักป่ะ” แล้วค่ะ [GoyNattyDream]
586	ถ้าหนูรับ พี่จะรักป่ะ Ep. 105 คู่จิ้นคู่ใหม่ #ดรีมซาร่าห์ l [GoyNattyDream]
587	ดรีมโดนรุม! เมื่อขอให้มีนไม่งอแง #goynattydreamchannel
588	ถ้าหนูรับ พี่จะรักป่ะ EP. 94 ชัปปุยส์เลือก Top5 นักบอลที่เก่งที่สุดในโลก l [GoyNattyDream]
589	เกมปิดตาตีห้ว #goynattydreamchannel
590	ถ้าหนูรับ พี่จะรักป่ะ Ep. 116 ริว วชิรวิชญ์ คบกับใคร รักจริงหวังแต่งทุกคนครับ! l [GoyNattyDream]
591	ต้นฉบับขอเข้าร่วม#GNDDrunkInLove #goynattydream
592	พาตะลุยกินร้านเด็ดกับ BUS [GoyNattyDream]
593	ไปค่ะ พส EP. 13 - เดินพรมที่มันเซๆปะ นั่นมันเป็นลม!! l [GoyNattyDream]
594	ยังไงไหนเล่า EP. 46 ลองให้ Powerpuff Gay จีบกันเอง [GoyNattyDream]
595	My Ambulove EP.11 : รัศมีแข - ชาร์เลท l [GoyNattyDream]
596	ไปต่อ หรือ พอแค่นี้! #goynattydreamchannel
597	ประเทศที่คู่รักอยากไปฮันนีมูน #goynattydreamchannel
598	My Ambulove EP.8 : ไบร์ทนอ - เพลงขวัญ l [GoyNattyDream]
599	มาร์ชกลัวโบว์เมลดา?! #goynattydreamchannel
600	ตามติดชีวิต เด็กนิเทศ จุฬาฯ 1 วัน [GoyNattyDream]
601	วงดนตรีไทยในดวงใจ 💗 #goynattydreamchannel
602	ออกงานอีเวนต์ เตรียมตัวยังไง! [GoyNattyDream]
603	Friendsfly เทสระบบผับเก้งที่ญี่ปุ่น [GoyNattyDream] 
604	ส่งท้ายปี ก้อยนัตตี้ดรีมขอเป็นคนดีสักวัน l [GoyNattyDream]
605	Cooking Som Tum with NCT TAEYONG! [GoyNattyDream]
606	ยังไงไหนเล่า EP. 66 มารีญา ต้อนรับก้อยเข้าแก๊งคนโสด [GoyNattyDream]
607	บุกกองถ่าย 6 ฉาก วันวาเลนไทน์ [GoyNattyDream]
608	ถ้าหนูรับ พี่จะรักป่ะ Ep. 107 TangBadVoice ครั้งแรกที่แขกโดนจีบจนจะเป็นลม l [GoyNattyDream]
609	เป็นแฟนแก๊งหิ้วหวีต้องเจอกับอะไร! #goynattydreamchannel
610	โรแมนติกเว่อออ อยากมีคู่ให้เต้นบ้าง😭💖 #herManhisNatty #goynattydreamchannel
611	ลองใส่! เสื้อสีมงคล 1 เดือน [GoyNattyDream]
612	ทำยังไงถ้าแฟนไม่โอเคที่แต่งตัวโป๊ #goynattydreamchannel
613	เมื่อครูพี่ไบเบิ้ลมาสอนภาษาอังกฤษน้องก้อยยยย🥹💖💖💖 เขินมากกก#ก้อยนัตตี้ดรีม #ไบเบิ้ล #คินน์พอร์ช
614	ยังไงไหนเล่า EP. 33 ฟ้า ษริกา หนุ่มคนใหม่ของฟ้า คอนเฟิร์มว่าน่ารัก [GoyNattyDream]
615	มื้อสุดท้ายก่อนตายของ แพต ชญานิษฐ์ l Last Supper EP.4 l [GoyNattyDream]
616	เก่งมากดรีม👏🏻😂 #นิกกี้ณฉัตร #ถ้าหนูรับพี่จะรักป่ะ #EP100
617	ถามเร็วตอบเร็ว ภาษาผู้หญิงเป็นแบบนี้จริงหรือไม่? #goynattydreamchannel
618	มาช้าไปนิดนึง แต่พาเจ้าของเพลงมาด้วยนะ😝💖🇹🇭 #goynattydream #ก้อยนัตตี้ดรีม #bangkokcitychallenge
619	ลูก ครอบครัว งาน❤️ #พิธา #ลูกสาว#พิธาลิ้มเจริญรัตน์ #ถ้าหนูรักพี่จะรับป่ะ # #ก้อยนัตตี้ดรีม
620	My Ambulove EP. 44 : มีน - ดรีม l [GoyNattyDream]
621	คำต้องพูด x PiXXiE อัพเดทหัวใจ ใครอินเลิฟ!? [GoyNattyDream]
622	ถ้าโลกนี้ไม่มีรถส่วนตัว Part 2 [GoyNattyDream]
623	My Ambulove EP. 38 : จูเนียร์ - มาร์ค l [GoyNattyDream]
624	ก้อย นัตตี้ ดรีม แปลงร่างเป็นนางเอกเกาหลี l [GoyNattyDream]
625	หลอกเพื่อนว่าเป็นมิจจี้#goynattydreamchannel
626	ยกที่1เริ่ม!!!! #นิกกี้ณฉัตร #goynattydreamchannel #ก้อยอรัชพร #หกฉากวาเลนไทน์
627	ตกปลากินเองครั้งแรก มีช็อก!! [GoyNattyDream]
628	ยังไงไหนเล่า EP. 69 คารีสา เล่าไปร้องไห้ไป เปิดปมฝังใจจากชาวเน็ต [GoyNattyDream]
629	ทริปคนโสด! ภาค 2 ก้อยบอสตะลุยญี่ปุ่น [GoyNattyDream]
630	ยังไงไหนเล่า EP. 105 คิมเบอร์ลี่ ข้อดีที่มีหมาก ปริญ เป็นสามี! [GoyNattyDream]
631	เฟยขา เลิกบุหรี่ให้หน่อยได้ไหมคะ #goynattydreamchannel
632	CarราCarซัง EP. 8 : อาเล็ก - มาร์ช l [GoyNattyDream]
633	My Ambulove EP. 30 : นนน - มายด์ 4EVE l [GoyNattyDream]
634	เตะบอลตอบคำถามกับบิวกิ้น ชอบตัวเองตอนอยู่กับใครที่สุด? [GoyNattyDream]
635	เสื้อเหมือนกันอ่ะเนาะ🤣 #ดรีมอภิชญา #หมากปริญ #goynattydreamchannel
636	เกมจับชู้ x เทพลีลา เหว่ง เติ๊ด ทอม นัชชา [GoyNattyDream]
637	แล้วคุณคิดว่าใครด่าเจ็บที่สุด?? #friendsfly #goynattydream #ก้อยนัตตี้ดรีม
638	เจแปนเดือดกลางรายการ! #goynattydreamchannel
639	ยังไงไหนเล่า EP. 65 พิม พิมประภา เล่าทั้งน้ำตา ความยากของวงการบันเทิง [GoyNattyDream]
640	ที่สุดนักแสดงชายฮอร์โมน#punpun_sutatta #ปันปันสุทัตตา #ก้อยนัตตี้ดรีม #goynattydream
641	Friendsfly วาเลนไทน์ [GoyNattyDream]
642	ถ้าหนูรับ พี่จะรักป่ะ Ep. 110 เจมส์มาร์ เปลี่ยนจากพี่น้องเป็นแฟนเพราะแบบนี้! l [GoyNattyDream]
643	ถามไวตอบไว "YES or NO" ❤️ #goynattydreamchannel
644	แบบทดสอบเสว คุยเรื่องเพศ Gen Y VS Gen Z [GoyNattyDream]
645	Ceo มีหน้าซีด! #GNDOuting2025 #goynattydreamchannel
646	เต้ย ฮอร์โมน & ปันปัน ชีวิตที่โดนบูลลี่ #goynattydreamchannel
647	เปิดใจเคลียร์ปัญหาพี่-น้อง! [GoyNattyDream]
648	Friendsfly ลองเป็นแฟนกับเพื่อน เดทรับวาเลนไทน์ [GoyNattyDream] 
649	เป้ยเป่า😗!! #นุนิว #ซีนุนิว #นุนิวชวรินทร์ #ซีพฤกษ์พานิช #ยังไงไหนเล่า #goynattydream
650	เอ้าท์ติ้ง 2 ถามเปิดใจ ชอบเทปไหนที่สุด! [GoyNattyDream]
651	ระเบิดความโกรธที่สุดในชีวิตของก้อยนัตตี้ดรีม l [GoyNattyDream]
652	หนูอยากออกเรือน - แม่นัตตี้บอกเคล็ดลับเด็ด มัดใจสามี ! l [GoyNattyDream]
653	เลิกเศร้า! เปิดบ้านกั้งพร้อมแฟนใหม่ [GoyNattyDream]
654	ลำดับวัดใจ! [GoyNattyDream]
655	ถ้าแม่รับ ลูกจะรักป่ะ [GoyNattyDream]
656	ถ้าหนูรับ พี่จะรักป่ะ EP. 92 หน่อง ธนา เปิดใจ! เจออะไร ทำไมถึงไปบวช l [GoyNattyDream]
657	เกม ห้ามพูดคำตรงกัน❌#goynattydream #ก้อยนัตตี้ดรีม
658	ห้างเปิดละโว้ย มาอย่างโทรม กลับอย่างนางฟ้า l [GoyNattyDream]
659	ยังไงไหนเล่า EP. 83 แพรวา เปลี่ยนเพื่อนสนิท เป็นแฟนได้หรือไม่!? [GoyNattyDream]
660	My Ambulove EP. 33 : ซี - เอมี่ l [GoyNattyDream]
661	ถ้าถามว่าวี ไว้ใจเก้าจิรายุขนาดไหน #goynattydreamchannel
662	CarราCarซัง EP. 13 : ตรี - นาย l [GoyNattyDream]
663	My Ambulove EP. 25 : เจมส์จิ - โฟม l [GoyNattyDream]
664	ยังไงไหนเล่า EP. 93 มิ้นท์ I Roam Alone ตะลุยกินร้านเด็ดพาหุรัด [GoyNattyDream]
665	วันเกิดนัตตี้! 32 พร้อมมีลูกยัง? [GoyNattyDream] 
666	My Ambulove EP. 21 : หยิ่น - วอร์ l [GoyNattyDream]
667	ฉันร้องตาม😭😭😭 #เผยความในใจ #พ่อ #คารีสา #คารีสาสปริงเก็ตต์ #goynattydream #ก้อยนัตตี้ดรีม
668	ยังไงไหนเล่า EP. 85 โยชิ ขอเคลียร์! ผู้หายหมดเพราะข่าวนี้ [GoyNattyDream]
669	ฝ่ารถติดกรุงเทพไปหาทอย แอลลี่ The Toys x Ally [GoyNattyDream]
670	ใครจะเลิกโสดก่อนกันนะ? #Friendsfly #ก้อยนัตตี้ดรีม #ก้อยอรัชพร #น้ําหอม #บอสสอก
671	เกมจับชู้ x PROXIE [GoyNattyDream]
672	ทำไรกันน้าาาาา 🤭🤭
673	เที่ยวสงกรานต์ ฉบับคนโสด คนมีแฟน คนแต่งงาน [GoyNattyDream]
674	แกล้งร้องไห้กลางห้าง จะมีคนช่วยไหม!! [GoyNattyDream]
675	My Ambulove EP. 29 : จั๋ง PERSES - มาง BAMM l [GoyNattyDream]
676	รีแอคบิวบอง เสียงสองของก้อย #goynattydreamchannel
677	คุณแม่น่ารักโบ๊ะบ๊ะมากก # #ก้อยนัตตี้ดรีม #goynattydream #มีนพีรวิชญ์ #ดรีมอภิชญา #มีนดรีม
678	ก้อยนัตตี้ดรีม เต้นจนตัวตาย l [GoyNattyDream]
679	โว้ยยย นอนไม่หลับ EP. 4 ค้างบ้านก้อยฟังเรื่องผี น่ากลัวที่สุดตั้งแต่เคยได้ยินมา!!! l [GoyNattyDream]
680	ถามเร็วตอบเร็ว ฉบับ คนมั่น #goynattydreamchannel
681	วีหว่อๆๆๆ รถแอมบูเลิฟแอมบูรักมาแล้ววว คู่ที่คิวปิดต้องทำหน้าที่ในวันนี่ "เฟย-จูเน่" ค้าาา
682	ถ้าหนูรับ พี่จะรักป่ะ Ep. 118 กลัฟ คณาวุฒิ จีบก่อนได้ ไม่ติดครับ l [GoyNattyDream]
683	Choose Me - GOYNATTYDREAM [Official MV]
684	CarราCarซัง EP. 11 : GAVIN:D - URBOYTJ l [GoyNattyDream]
685	ทริปดำน้ำดูฉลาม ไร้สัญญาณโทรศัพท์ [GoyNattyDream]
686	ยังไงไหนเล่า EP. 103 พิมฐา อัพเดทชีวิตคู่ พร้อมแต่งไหม ! [GoyNattyDream]
687	Friendsfly เปิดบ้านใหม่น้ำหอม ฉลองวันเกิด [GoyNattyDream] 
688	บุกเรือนหอชั่วคราวของนัตตี้-แมน ! [GoyNattyDream]
689	ลองเป็นผู้ว่ากทม. [GoyNattyDream]
690	มีนดรีมบอส เดท 3 คนที่เซี่ยงไฮ้ [GoyNattyDream]
691	มื้อสุดท้ายก่อนตายของ ปันปัน สุทัตตา l Last Supper EP.7 l [GoyNattyDream]
692	ดันพี่แมนแฟนนัตตี้ ให้เป็นดารา [GoyNattyDream]
693	มันมีคนเนียนเกิ๊นน!#ก้อยนัตตี้ดรีม #goynattydream #goynattydreamchannel
694	มื้อสุดท้ายก่อนตายของ เก้า จิรายุ l Last Supper EP.1 l [GoyNattyDream]
695	ต้องมีอะไรผิดพลาดตรงไหน ไม่เข้าใจเลยสักครั้ง หรือเป็นเพราะราศี ดวง เดือนเกิด #ก้อยนัตตี้ดรีม #ฟรัง
696	My Ambulove EP.16 : พีพี - กร PROXIE l [GoyNattyDream]
697	เหตุผลที่โอบ ไม่บอกชอบเลดี้ปราง! #goynattydreamchannel
698	วิธีสร้างความสุขง่ายๆ ฉบับคุณออน #goynattydreamchannel
699	เกมจับชู้ x เจมส์มาร์ มีน ณิชา ติ๊ต๊ะ จูเนียร์ [GoyNattyDream]
700	ดาราที่เป็นตัวท็อปจุฬา #goynattydreamchannel
701	ข้อดีของการมี “หมาก ปริญ” เป็นสามี #goynattydreamchannel
702	เลิกรัก3ปี เป็นยังไง?! #อาร์มโอฮาน่า #อาร์มohana #ohana #ถ้าหนูรับพี่จะรักป่ะ
703	ดวลปืนวัดใจ กับแก๊งมือปืน [GoyNattyDream]
704	#จางหาย [Live Session] Goy Arachaporn Feat. Paper Planes // ทาง YouTube : GoyNattyDream Channel
705	ยังไงไหนเล่า EP. 61 ขนมจีน หวาย กามิห้ามมีความรัก แต่ห้ามได้หรอ? [GoyNattyDream]
706	CarราCarซัง EP. 9 : จั๋งธีร์ - เอเอ BUS l [GoyNattyDream]
707	โว้ยยย นอนไม่หลับ EP. 2 นอนไม่หลับ ...ปรึกษาพี่วี l [GoyNattyDream]
708	ถามเร็วตอบเร็ว ถ้าต้องติดเกาะกับนักแสดงชาย GMMTV จะเลือกใคร? #goynattydreamchannel
709	ซ้อมเลี้ยงลูกกับ 3 กุมาร GuyHaru Family [GoyNattyDream] 
710	แยกเที่ยวต่างจังหวัดคนเดียว! EP. 2 | เชียงใหม่ ขอนแก่น สุพรรณบุรี [GoyNattyDream]
711	ในเต็นท์ตอนกลางวันก็ทนได้#แจ็คกี้ชาเคอลีน #น้ําตาลพิจักรขณา #CarราCarซัง #ก้อยนัตตี้ดรีม
712	ยังไงไหนเล่า EP. 96 เอแคลร์ แก๊งนี้! ใครจะมีแฟนต้องผ่านเพื่อน [GoyNattyDream]
713	จับอึ่งกิน! ที่นครสวรรค์ [GoyNattyDream]
714	ปีหน้าพร้อมมีลูก! #goynattydreamchannel #friendsflyth
715	CarราCarซัง EP. 4 : ฝน - นินิว l [GoyNattyDream]
716	กินอะไรใน 1 สัปดาห์! ภาค 3 [GoyNattyDream] 
717	จากฮีโร่ สู่มิจฉาชีพ #goynattydreamchannel
718	ยังไงไหนเล่า EP. 81 เอ ศุภชัย เผยเคล็ดลับ ปั้นดารายังไงให้ดังทุกคน [GoyNattyDream]
719	ก็ความรักไม่ใช่ความลับ! จำนวนคนคุยตอนเรียน! ชื่อย่อคนคุยในวงการ!? ได้รับการยินยอมจากทุกฝ่ายแล้วนะค้า
720	My Ambulove EP. 45 : เก่ง - น้ำปิง l [GoyNattyDream]
721	My Ambulove EP.6 : ชิน ชินวุฒ - ลิลลี่ ภัณฑิลา l [GoyNattyDream]
722	ทายของใช้ ถูก VS แพง [GoyNattyDream] 
723	ฮันนีมูนทริป นัตตี้พี่แมน ที่สวิส! [GoyNattyDream]
724	Q&A อยากเป็นดาราทำยังไงดีค้า? [GoyNattyDream]
725	My Ambulove EP. 32 : เกรท - เต้ย l [GoyNattyDream]
726	ชีวิตไม่ต้องการอะไรไปมากกว่านี้ #goynattydreamchannel
727	ยังไงไหนเล่า EP. 99 เพิร์ธ พาทัวร์ บุกวังหลังแบบเด็กมธ.! [GoyNattyDream]
728	เลี้ยงลูกแบบเพื่อนสาว #goynattydreamchannel
729	ถ้าหนูรับ พี่จะรักป่ะ Ep. 115 ไบเบิ้ล ถ้าผมมีแฟน จะขี้อ้อนเหมือนแมว l [GoyNattyDream]
730	พ่อเหว่งจะไม่ทน😂#เกมจับชู้ #ก้อยนัตตี้ดรีม #เทพลีลา #goynattydreamchannel
731	แข่งกางเต็นท์ ใครแพ้หอมแก้ม #goynattydreamchannel
732	แอบแซ่บที่สยามกับ TASTE [GoyNattyDream]
733	คำด่าไหน เป็นของ “เก้า จิรายุ” #GoyNattyDreamChannel
734	ยังไงไหนเล่า EP. 86 เอินเอิน พี่เจ้าขุนคือคู่ปรับของหนู! [GoyNattyDream]
735	บทเรียนในวันที่สายเกินไปของ “แพต ชญานิษฐ์“ #goynattydreamchannel
736	ฝึกนัตตี้ขับรถให้แข็ง! [GoyNattyDream]
737	บ้านก้อยไปออฟฟิศ เกือบ 3 ชั่วโมง!!! #goynattydreamchannel
738	ใครเก่งที่สุดใน 4 นาที กับ เจษ - ไบเบิ้ล [GoyNattyDream]
739	ถามเร็วตอบเร็ว ถ้าต้องติดเกาะกับนักแสดงชาย GMMTV จะเลือกใคร? #goynattydreamchannel
740	ท้าตอบคำถามสุดเสียว! เต๋อ ต้นหน แพรว [GoyNattyDream]
741	CarราCarซัง EP. 1 : เจแปน - หมูเติ้ล l [GoyNattyDream]
742	ยังไงไหนเล่า EP. 88 ต้นหอม สเปกพี่ 2 คนนี้เท่านั้น! [GoyNattyDream]
743	เจมส์จิ-ภีมวสุ พาบุกโรงงานน้ำดื่มหมื่นล้าน!!! [GoyNattyDream]
744	เขาเล่นกันแบบนี้หราา😜#friendsflyth #goynattydreamchannel
745	ยังไงไหนเล่า EP. 109 คริส หอวัง รีวิวความต่างระหว่างโสด vs มีแฟน [GoyNattyDream]
746	มายด์ 4EVE ชอบเพลงไหนของตัวเองที่สุด!! 💘 #goynattydreamchannel
747	บุกกองถ่าย แอบดูใหม่-เต๋อ เป็นเบื้องหลัง! [GoyNattyDream]
748	โกหกยังไงให้มีพิรุธกว่าเดิม 😂 #ก้อยนัตตี้ดรีม #goynattydreamchannel #friendsflyth #violettewautier
749	เครื่องสำอางกันตายของ ก้อย #goynattydreamchannel
750	มื้อสุดท้ายก่อนตายของ มีน พีรวิชญ์ l Last Supper EP.3 l [GoyNattyDream]
751	Q&A 3 ปีที่ผ่านมา อะไรเปลี่ยนไป [GoyNattyDream]
752	Deep talk ชีวิตวัย 30 ของก้อยนัตตี้ดรีม [GoyNattyDream]
753	ทายเครื่องดื่ม ถูก VS แพง [GoyNattyDream] 
754	จะยอมแลกความสัมพันธ์เพื่อนกับงานไหม#คุยความรักต่างวัย #ก้อยนัตตี้ดรีม #goynattydream
755	รีวิวน้ำอำมฤต #goynattydreamchannel
756	บุกหาดใหญ่ 2 ตะลุยกินร้านเด็ด! [GoyNattyDream] 
757	แยกเที่ยวสงกรานต์ 3 บ้าน! [GoyNattyDream]
758	CarราCarซัง EP. 6 : กร - โชกุน PROXIE l [GoyNattyDream]
759	แต่งเพลงรักครั้งแรกของก้อย #โคจรด้วยรัก ขอบคุณพี่ฮายด้วยนะค้าาา 🙏🏻💖 #goynattydreamchannel
760	เพลงที่เป็นที่สุดของ วี วิโอเลต #goynattydreamchannel
761	เปิดมาก็เอาเลยนะเฟย😂 #goynattydreamchannel #เฟยภัทร #จูเน่ #myambulove
762	ทายคำ ทายใจ
763	เพื่อนกับเราใจตรงกันมากแค่ไหนน!?!?#goynattydreamchannel #ก้อยนัตตี้ดรีม #เกมทายใจ
764	My Ambulove EP.18 : เจ้าขุน - คริส ALALA l [GoyNattyDream]
765	ถ้าหนูรับ พี่จะรักป่ะ Ep. 121 แกล้งให้หนัก ท็อปแท็ป ถ้าหนูรับ 3 อีพีสุดท้าย l [GoyNattyDream]
766	Friendsfly ต้อนรับหลาน เก้าวี มีลูกแล้ว! [GoyNattyDream] 
767	เคยคิดว่าเงินซื้อความสุขได้#มื้อสุดท้ายก่อนตาย #goynattydream #ก้อยนัตตี้ดรีม #โบกี้ไลอ้อน
768	ยังไงไหนเล่า EP. 106 เจี๊ยบ ลลนา เมื่อก่อนเคยเจ้าชู้ !! [GoyNattyDream]
769	GoyNattyDream the 1st Fan Meeting : ถ้าหนูจัด พี่จะมาป่ะ ?" | Promo
770	MVP มุขจีบของดรีม ปิดท้ายด้วยคนนี้ จะขาดไปไม่ได้เด็ดขาด #goynattydream #ก้อยนัตตี้ดรีม
771	ไม่เคยรักใครเท่าลิลลี่เลย😳#goynattydreamchannel #myambulove #ep6 #ลิลลี่ภัณฑิลา #ชินชินวุฒ
772	ระดับตัวแม่🕷️🫦🕷️#GNDDrunkInLove #goynattydream
773	ก็ฉี่กลางทุ่งไปเลยค่า🤣🤣🤣 #Friendsfly #goynattydream #มาดากัสการ์ #ก้อยนัตตี้ดรีม
774	แจกสูตรสำเร็จ หมื่นล้าน เมย์ Afteryou [GoyNattyDream]
775	สีที่ใส่แล้วรอดแบบงงๆ #goynattydreamchannel
776	ตามหาคนรู้ใจจากนักแสดง เพื่อน(ไม่)สนิท [GoyNattyDream]
777	เปิดแบรนด์ใหม่ ก้อยนัตตี้ดรีม (BITCH WITH BRAIN)
778	ถามเร็วตอบเร็ว "ภาษาผู้หญิงพูดแบบนี้แปลว่าอะไร?" #goynattydreamchannel
779	บุกกองถ่ายซอมบี้ ZOMVIVOR [GoyNattyDream]
780	เธอเก่งมากวีวิโอเลต🥰💖💖#วีวิโอเลตวอเทียร์ #คอนเสิร์ต #วี #วีวิโอเลต #ก้อยนัตตี้ดรีม #goynattydream
781	ปิดท้ายฮันนีมูนทริป หมดเป็นล้าน!! [GoyNattyDream]
782	เกมระเบิดดด ตู้มมมม!!💣🧨#goynattydreamchannel
783	ยังไงไหนเล่า EP. 101 บอสสอก เลือกคนนึงใน Friendsfly ขอเลือกก้อย ! [GoyNattyDream]
784	เอ้ะ หนูคนไหนยังไม่มีแฟนค้าาาา? #goynattydreamchannel
785	มื้อสุดท้ายก่อนตายของ ต่อ ธนภพ l Last Supper EP.6 l [GoyNattyDream]
786	3คนในวันเดียว!!! จริงไหมคะก้อย😂 #ยังไงไหนเล่า #ก้อยอรัชพร #goynattydream
787	เบื้องหลังคอนเสิร์ต นนท์ ธนนท์ [GoyNattyDream]
788	ศีลต้องเสมอกันนะคะ ไม่งั้นไม่เริ่ด#Friendsflyth #วาเลนไทน์ #goynattydream #ก้อยนัตตี้ดรีม
789	อิ้งค์บอกว่าเฟยเป็นไปได้ #goynattydreamchannel
790	เรื่องที่ผู้ชายมักจะงอนแฟน #goynattydreamchannel
791	My Ambulove เติร์ดแฮนน่ามาเสิร์ฟตามคำเรียกร้องแล้วค่าาา เจอกันที่ช่องยูทูป มาฟินไปด้วยกันค่ะ!!!💖
792	สามพยางค์ง่ายไป งั้นขอ challenge สี่พยางค์บ้างดีกว่าา#ก้อยนัตตี้ดรีม #goynattydream
793	คุยแพชชั่นต่างวัย คิดยังไงเก่งแต่ไม่มีโอกาส [GoyNattyDream]
794	สามหนุ่มบ้านนี้จะชอบสาวแบบไหนนะ?? #ก้อยนัตตี้ดรีม #goynattydream #เจ้านายจินเจษฏ์ #JAONAAY
795	เรื่องที่มาร์ชแค้นอาเล็ก #goynattydreamchannel
796	เปิดตัวคนขับรถก้อยนัตตี้ดรีม [GoyNattyDream]
797	สิ่งที่ทำให้ก้อยอยากมีลูก #goynattydreamchannel
798	My Ambulove EP. 40 : โม - แพรขวัญ l [GoyNattyDream]
799	จุดเริ่มต้นความรัก💘 #บี้กุ๊บกิ๊บ #ยังไงไหนเล่า #บี้kpn #กุ๊บกิ๊บสุมณทิพย์ #goynattydreamchannel
800	ไทยท้าเกาหลี แข่งหมากเก็บกับ ITZY [GoyNattyDream]
801	จีบสองสาว สไตล์ผู้บ่าวไทบ้าน #goynattydreamchannel
802	“ก้อย” ตัวแทนจากไทย สัมภาษณ์ดาราฮอลลิวูด! [GoyNattyDream]
803	ลำดับวัดใจ x อิงฟ้า อาโป เจษ ฟรีน [GoyNattyDream]
804	ส่งท้ายปีเก่า ต้อนรับ...ใหม่? 2026 [GoyNattyDream] 
805	ยังไงไหนเล่า EP. 98 วุ้นเส้น ยอมแพ้ในความรัก จนเจอคนนี้ [GoyNattyDream]
806	ทอยส์แอลลี่ครั้งแรกเคมีน่ารักเว่อออ💖💖😍 #แอลลี่ #เดอะทอยส์ #แอลลี่ #เดอะทอยส์ #goynattydream
807	สมัยเรียนใช้เงินกันกี่บาท? #goynattydreamchannel
808	ฮั่นแน่🤭 #ท็อปแท็ป #ถ้าหนูรับพี่จะรักป่ะ #ก้อยอรัชพร #goynattydream
809	น้องหมีที่อยู่กับโบกี้มา11ปี #มื้อสุดท้ายก่อนตาย #goynattydream #ก้อยนัตตี้ดรีม #โบกี้ไลอ้อน
810	ชัดเจนทายถูกหมด!!!#เทศน์ไมรอน #perthkvsr #คาราคาซัง#goynattydream #ก้อยนัตตี้ดรีม
811	เปิดสเปคของตั้ง😂💖🫰🏻#ตั้งตะวันวาด #เปิดสเปค #TANGBadVoice #ตั้งหลิน #หลินตั้ง #ตั้งแบดว๊อย
812	จัดอันดับเรื่องที่จะทำให้เลิกเป็นเพื่อนกัน #goynattydreamchannel
813	พาเบียร์ไปฮีลใจ หลังผ่านมรสุมหนัก [GoyNattyDream]
814	คุยความรักต่างวัย อะไรทำให้รักล่มจม? [GoyNattyDream]
815	My Ambulove EP. 23 : GELBOYS l [GoyNattyDream]
816	1 คำให้นักแสดงชาย GMM#LastSupper #phuwintang #ภูวินทร์ตั้งศักดิ์ยืน #ก้อยนัตตี้ดรีม #goynattydream
817	เฮ้ย! วันนี้ไปตี้กัน😂 #ยังไงไหนเล่า #ณิชาณัฏฐณิชา #goynattydream
818	เรื่องเดียวที่ซีไม่ชอบนุนิวว #ก้อยนัตตี้ดรีม #ซีนุนิว #myambulove
819	ซ้าย-ขวาเลือกข้างไหนดีนะ 🤔#ก้อยนัตตี้ดรีม #goynattydream
820	พี่แมนนนน! #goynattydreamchannel #ก้อยนัตตี้ดรีม #ตะลุยกิน #บรรทัดทอง
821	ยังไงไหนเล่า EP. 94 มายด์ ณภศศิ รักครั้งนี้ทำให้พี่สงกรานต์เด็กลง [GoyNattyDream]
822	มื้อสุดท้ายก่อนตายของ ณัฏฐ์ กิจจริต l Last Supper EP.11 l [GoyNattyDream]
823	กรี้ดดดดด สถานที่สุดหวือหวาของอัพ🥹จะตอบไม่ตอบ!?(ได้รับการยินยอมจากทุกฝ่ายแล้วนะค้า)#ก้อยนัตตี้ดรีม
824	มันเป็นยังง๊ายยย!!!! #เรื่องแซ่บ #กลอ์ฟไมค์ #ไมค์พิรัชต์ #ถ้าหนูรับพี่จะรักป่ะ #goynattydream
825	ยังไงไหนเล่า EP. 111 เชียร์ ฑิฆัมพร เคยคบผู้หญิงมาตั้งแต่แรก! [GoyNattyDream]
826	ปีนเขาพิสูจน์รักแท้! นัตตี้-แมน [GoyNattyDream]
827	CarราCarซัง EP. 18 : สกาย - นานิ l [GoyNattyDream]
828	ถามเร็วตอบเร็ว3ข้อ #ก้อยนัตตี้ดรีม #goynattydream #friendsfly #friendsflyth
829	ช่างแต่งน้า EP.6 ช่างพี่นัทกับผู้ช่วยน้องจิ๋ม#นัทนิสามณี #ก้อยนัตตี้ดรีม #goynattydream #ช่างแต่งน้า
830	ผู้ชายไม่ชอบผู้หญิงตลก จริงไหม!! #goynattydreamchannel
831	มื้อสุดท้ายก่อนตายของ กิต Three man down l Last Supper EP.9 l [GoyNattyDream]
832	ทำละครเวทีเอง ครั้งแรกในชีวิต! [GoyNattyDream]
833	CarราCarซัง EP. 10 : ว่าน - ป๊อบ l [GoyNattyDream]
834	ก้อยขอเบิกตัว แขกรับเชิญพิเศษ🎉#ก้อยอรัชพร #ก้อยนัตตี้ดรีม #goynattydream
835	เป็นพนักงาน MK 1 วัน จะรอดมั้ย [GoyNattyDream]
836	กรี๊ดด มิวตุลย์มาเยือน My Ambulove แล้วค้า ไปดู! บอกเลยว่าฮาและน่ารักมาก!!🤪💖 #goynattydreamchannel
837	เดตแรกไปที่ไหนดีน้าา#goynattydream #ก้อยนัตตี้ดรีม #วาเลนไทน์ #เดตแรก
838	ซีรู้เพราะเคยจูบแล้ว #ซีนุนิว #ก้อยนัตตี้ดรีม #myambulove
839	มื้อสุดท้ายก่อนตายของ นนน กรภัทร์ l Last Supper EP.12 l [GoyNattyDream]
840	ดรีมตัวตึง!! ใครไม่เมาดรีมขอเมาก่อนนะ🤣 #friendsflyth #ดรีมอภิชญา
841	เคลียร์ดราม่า!! โฟมชอบช็อตฟีลเจมส์จิ #goynattydreamchannel
842	My Ambulove EP. 26 : เอม - เฌอปราง l [GoyNattyDream]
843	แฟนใครเป็นแบบนี้ ห้ามแตะตัวตอนนอน #goynattydreamchannel
844	พระเอกในดวงใจของแจ็คกี้จะเป็นใคร?!?#แจ็คกี้ชาเคอลีน #CarราCarซัง #goynattydream #ก้อยนัตตี้ดรีม
845	โจอี้ ฮาย เซน เคยโดนหลอกให้รักไหม? [GoyNattyDream]
846	ลำดับวัดใจ x Tattoo Colour [GoyNattyDream]
847	ทายเครื่องดื่ม แอลกอฮอล์ ถูก vs แพง [GoyNattyDream] 
848	ทำ Challenge เต้นกับน้อง ๆ KISS OF LIFE แต่ก้อยนัตตี้ดรีมขอทำหน้าที่เปิดแบบเก๋ ๆ พอค้าาา🤣
849	สรุป จีบเธอได้มั้ยน้าาาา
850	เหตุผลยอดนิยมที่ทำให้คู่รักทะเลาะกัน #goynattydreamchannel
851	CarราCarซัง EP. 7 : ไบร์ท - กลัฟ l [GoyNattyDream]
852	เปิดออฟฟิศใหม่ แต่กลับโดนผีหลอก [GoyNattyDream]
853	ลำดับวัดใจ x ธี่หยด 3 [GoyNattyDream]
854	ทักDMใครน้า…. #นิกกี้ณฉัตร #goynattydream #ถ้าหนูรับพี่จะรักป่ะ
855	ก้อยนัตตี้ดรีม มูอะไรบ้าง! [GoyNattyDream]
856	ถ้าคนบอกเราไม่สวย! ทำยังไง? [GoyNattyDream]
857	เพื่อนเจ็บแต่ไม่ลืมที่จะขาย🤣🤣#goynattydream #ก้อยนัตตี้ดรีม
858	อยากเป็นน้องดรีมตลอดไป#uppoompat #poompps #UpPoom #goynattydream #ก้อยนัตตี้ดรีม
859	ลำดับวัดใจ x สมุย โมนิก้า MEYOU [GoyNattyDream]
860	ไปเชียร์แฟนแข่ง Hyrox [GoyNattyDream] 
861	มื้อสุดท้ายก่อนตายของ โจอี้ ภูวศิษฐ์ l Last Supper EP.14 l [GoyNattyDream]
862	ต้องให้เขาจริงๆ😂😳 #goynattydreamchannel #myambulove #ep5 #เบสท์คำสิงห์ #บาธธัญชนนท์
863	มื้อสุดท้ายก่อนตายของ อิ้งค์ วรันธร l Last Supper EP.5 l [GoyNattyDream]
864	ลำดับวัดใจ x แม่โย แม่อี๊ด แม่ดาว [GoyNattyDream]
865	My Ambulove EP. 20 : ออฟ จุมพล - นนท์ อินทนนท์ l [GoyNattyDream]
866	บททดสอบโหด! ประเมินพนักงานบริษัท [GoyNattyDream] 
867	ท้าตอบคำถามสุดโหด ปันปัน สุทัตตา [GoyNattyDream]
868	วิธีเลี้ยงลูกฉบับใหม่-เต๋อ #goynattydreamchannel
869	พาเตนล์เที่ยวสยาม แบบเด็ก GEN Z [GoyNattyDream] 
870	ตะลุยกินร้านเด็ดบรรทัดทอง ภาค 2 [GoyNattyDream]
871	เผยสเปคของคนที่จะมาเป็น Honey ของไบเบิ้ล!#ก้อยนัตตี้ดรีม #ไบเบิ้ล #ไบเบิ้ลวิชญ์ภาส #goynattydream
872	เพื่อนกันก็จริง แต่แข่งกันสุดใจ #goynattydreamchannel
873	My Ambulove EP. 37 : เมื่อต่างพรรคต้องมารักกัน l [GoyNattyDream]
874	อันไหนที่เพื่อนๆแอยนอยด์บ้าง??#goynattydream #ก้อยนัตตี้ดรีม
875	He is 10 but …#ก้อยนัตตี้ดรีม #goynattydream #friendsfly #friendsflyth
876	มีนเจ้าระเบียบ#myambulove #มีนดรีม #มีนพีรวิชญ์ #dreamapichaya #ก้อยนัตตี้ดรีม
877	ยังไงไหนเล่า EP. 100 เชอรีน ในวันที่กลับมารักตัวเองได้อีกครั้ง [GoyNattyDream]
878	My Ambulove EP. 39 : แทน - ญดา l [GoyNattyDream]
879	มึง "กูชอบเขา" #goynattydreamchannel #4eve
880	ความผิดพลาดวัยเด็กของ “ปันปัน” #goynattydreamchannel
881	Play With Me — Goy #GNDDrunkInLove #goynattydream #ก้อยอรัชพร #goyarachaparon #ก้อยนัตตี้ดรีม
882	มื้อสุดท้ายก่อนตายของ อาโป ณัฐวิญญ์ l Last Supper EP.13 l [GoyNattyDream]
883	ยังไงไหนเล่า EP. 90 พีค ภัทรศยา เคยแสบ! แต่พอคิดได้จะหยุดเอง [GoyNattyDream]
884	พวกเราไม่เจ้าชู้ววนะฮ้า😎#3ยอดกุมาร #guyharufamily #ก้อยนัตตี้ดรีม #goynattydream
885	ดรีมบอสล่องเรือดิสนีย์ฟีลคู่รัก [GoyNattyDream] 
886	คลั่งรักแค่ไหน ก็แค่สกรีนชื่อแฟนไว้หลังเสื้อบอลค้าบ #ณัฏฐ์กิจจริต #ฟ้าษริกา #ถ้าหนูรับพี่จะรักป่ะ
887	เมารัก ฉลองแฟนมีต 6 ปี! [GoyNattyDream] 
888	ยังไงไหนเล่า EP. 113 พั้นซ์ 4EVE เม้าท์สเปกแพ้ทางหนุ่มตี๋ [GoyNattyDream]
889	ยังไงไหนเล่า EP. 110 ตู่ Soundtiss รัก 10 ปี ไม่มีคำว่าง่าย! [GoyNattyDream]
890	หวงแฟนเบอร์นี้!!! แฟนข้าใครอย่าแตะ #ริววชิรวิชญ์ #ถ้าหนูรับพี่จะรักป่ะ #ryuvachirawich
891	มื้อสุดท้ายก่อนตายของ วี วิโอเลต l Last Supper EP.15 l [GoyNattyDream]
892	สปอย!!! คู่ที่มาเยือน MY AMBULOVE เจอกันค่าาา #goynattydreamchannel
893	ถ้าหนูรับ พี่จะรักป่ะ Ep. 111 imase จีบหนุ่มญี่ปุ่นครั้งแรก!!! l [GoyNattyDream]
894	มื้อสุดท้ายก่อนตายของ เจ้านาย จินเจษฎ์ l Last Supper EP.2 l [GoyNattyDream]
895	เมื่อเพื่อนในกลุ่ม ขี่จักรยานไม่แข็ง #goynattydreamchannel
896	ปะทะ CEO ลองใช้ชีวิต 1 วันกับพนักงาน
897	ใครเคยกลัวความรักบ้างคะเนี่ย!?❤️‍🩹#กลัวความรัก #ไมค์พิรัชต์ #goynattydream #ถ้าหนูรับพี่จะรักป่ะ
898	มื้อสุดท้ายก่อนตายของ ณเดชน์ คูกิมิยะ l Last Supper EP.18 l [GoyNattyDream]
899	ใน CEO BWB พูดถึงสิ่งนี้ จะนึกถึงใคร#ก้อยนัตตี้ดรีม #goynattydream #goynattydreamchannel
900	วัดความต่าง GEN Z VS GEN Y [GoyNattyDream]
901	พิธา ยังอยากเป็นนายกไหม #goynattydreamchannel
902	ลำดับวัดใจ x มาร์ช ยูโด วิคเตอร์ [GoyNattyDream]
903	น้ำหอม กูรูด้านชุดชั้นใน!! #goynattydreamchannel
904	ลำดับวัดใจ x แจม เน๋ง [GoyNattyDream]
905	เกมแกะรหัส 🧮👩‍💻 ดูสิใครจะชนะ! หึหึ #goynattydreamchannel
906	คู่นี้เขาหวานกันไม่หยุดดด🥰🥰#GNDDrunkInLove #goynattydream #ก้อยนัตตี้ดรีม #มีนดรีม
907	ปรึกษาภาวะซึมเศร้ากับจิตแพทย์ l [GoyNattyDream]
908	คุยความรักต่างวัย คบแฟนเก่าของเพื่อนได้ไหม? [GoyNattyDream]
909	น้ำหอมงอน🥺!!! #น้ำหอมนาราดา #งอน #namhormnarada #Friendsfly #ก้อยนัตตี้ดรีม
910	เปิดใจคุยเรื่อง Sex Worker! [GoyNattyDream]
911	บุกบาร์เกย์สีลม กับอัพภูมิ [GoyNattyDream] 
912	ถามเร็วตอบเร็ว นิกกี้ ณฉัตร!!!! #ถามเร็วตอบเร็ว #นิกกี้ณฉัตร #goynattydreamchannel #หกฉากวาเลนไทน์
913	จะทายถูกกี่ข้อน้าา😝✅ #CarราCarซัง #ก้อยนัตตี้ดรีม #urboytj #gavind #goynattydream
914	พี่ชอบอะไร หนูเป็นให้ได้หมดค่ะ🤣 #myambulove #ep5 #เบสท์คำสิงห์ #บาธธัญชนนท์ #goynattydreamchannel
915	ยังไงไหนเล่า EP. 104 ท้าตบ! (ลูกขนไก่) กับคุณออน สมฤทัย [GoyNattyDream]
916	จัดอันดับ Friendsfly ใครแต่งตัวช้าสุด#goynattydreamchannel #friendsflyth
917	My Ambulove EP. 41 : KT KRATAE - โตชิ l [GoyNattyDream]
918	ทายชื่อสมาชิกในวง BUS #goynattydreamchannel
919	กอล์ฟไมค์ หรือจะสู้ ก้อยไมค์ #ไมค์ก้อย #ก้อยอรัชพร #goyyog #goynattydream #ไมค์พิรัชต์
920	ถ้าเจอแฟนเก่าที่สเปน ทำยังไง #goynattydreamchannel
921	My Ambulove EP. 43 : อุ้ม - แบม l [GoyNattyDream]
922	อัพเดทสถานะหัวใจเจ้านาย [GoyNattyDream]
923	CarราCarซัง EP. 20 : โอ๊ต - ป๊อบ l [GoyNattyDream]
924	โคจรด้วยรักกับ FriendsFly คู่ที่สอง "มีน-ดรีม" 🙈❤️ #โคจรด้วยรัก #GoyArachaporn
925	ที่สุดของ Three Man Down!! 🙌🏻 #goynattydreamchannel
926	มื้อสุดท้ายก่อนตายของ มินนี่ ณิชา l Last Supper EP.8 l [GoyNattyDream]
927	อะไรครับเนี่ยยย#โอ๊ตปราโมทย์#ป๊อบปองกูล #CarราCarซัง#goynattydream #ก้อยนัตตี้ดรีม
928	จากคนที่ไม่รู้จักกลายเป็นคนรัก#myambulove #มีนดรีม #มีนพีรวิชญ์ #dreamapichaya #ก้อยนัตตี้ดรีม
929	He is a 10 but พูดภาษาอังกฤษไม่ได้#ก้อยนัตตี้ดรีม #goynattydream #friendsfly #friendsflyth
930	รุยเจีย Ver. friendsfly 😂😤 #goynattydreamchannel
931	สาเหตุที่แบงค์ ธิติ ชอบกดไลค์รูปเซ็กซี่ #goynattydreamchannel
932	ปะทะ CEO EP2 บริษัทนี้งานสบาย จริงมั้ย? [GoyNattyDream] 
933	กรี๊ดๆๆๆ ที่นี่ที่แรก!!! เพลงใหม่จากวี วิโอเลต วอเทียร์🔥 #herManhisNatty #goynattydreamchannel
934	1 2 3 ไป! #goynattydreamchannel
935	ไอเราก็อุตส่าห์ลุ้น#ใบเฟิร์นพิมพ์ชนก #BaifernBah #ก้อยนัตตี้ดรีม #goynattydream
936	คุยชีวิตรับสิ้นปี เมื่อเราอยากแต่งงานใหม่อีกครั้ง! [GoyNattyDream]
937	Play Girls อยากจะคบกับ Game Boys
938	โชว์รอยสักให้แม่ดู [GoyNattyDream]
939	ถามเร็วตอบเร็ว เพลงของ (G)I-DLE ที่มินนี่ชอบที่สุด #goynattydreamchannel
940	ความลับของเติ้ลที่ไม่มีใครรู้.... #goynattydreamchannel
941	🫢🫢แอฟพูดถึงนนกุล!! มันยังไง⁉️🫢 #แอฟทักษอร #นนกุล #แอฟนนกุล #นนแอฟ #ยังไงไหนเล่า #goynattydream
942	แข่งเกมเอาชีวิตรอด ชิงเงิน 100,000 [GoyNattyDream]
943	คนที่นัตตี้แอบปลื้ม😳😳#ปันปันสุทัตตา #punpun_sutatta #ก้อยนัตตี้ดรีม #goynattydream
944	เมื่อพี่อนันดาโดนแกล้ง ให้ปิดตาทายเจ้าของมือที่จับ จะจำได้มั้ยว่าเป็นใคร 🤣#ก้อยนัตตี้ดรีม #อนันดา
945	ยังไงไหนเล่า EP. 114 เจสซี่ ผู้หญิงไม่มีใครไม่หึง! [GoyNattyDream]
946	ถามเร็วตอบเร็ว ภาษาผู้หญิง #goynattydreamchannel
947	เมื่อถูกกดดันให้มีลูก!! #goynattydreamchannel
948	มีอะไรหวานกว่านี้อีกกกก! 🩷#วีวิโอเลต #เก้าจิรายุ #goynattydreamchannel #Retrospect
949	เราก็ถือว่าอินเทรนด์อยู่น้าา #ก้อยนัตตี้ดรีม #goynattydream #ก้อยอรัชพร #นัตตี้นันทนัท #ดรีมอภิชญา
950	My Ambulove EP. 42 : เมเบิ้ล - แป้งจี่ l [GoyNattyDream]
951	วิธีจีบสาวยอดนิยม #goynattydreamchannel
952	ช่างแต่งน้า EP.4 สารพัดช่าง"ศักดิ์สง่า" และลูกมือของเขา#ช่างแต่งน้า #ท็อปทศพล #ก้อยนัตตี้ดรีม
953	คริสติน่าไม่ถนัดอังกฤษ #goynattydreamchannel
954	จัดลำดับหนังไทยแมส #goynattydreamchannel
955	จัดอันดับคนดีในปล่อยกูไป #goynattydreamchannel
956	แน็ก ชา ลี!!!!!!! #แน็กชาลี #goynattydreamchannel #ก้อยนัตตี้ดรีม
957	เรื่องที่เศร้าที่สุดของปี🥹 #ก้อยอรัชพร #นัตตี้นันทนัท #ดรีมอภิชญา #goynattydreamchannel
958	ระหว่าง เธอ กับ กิน เราเลือกกินกับเธอ 😝 #goynattydreamchannel
959	มื้อสุดท้ายก่อนตายของ พิมพ์ พิมพ์มาดา l Last Supper EP.17 l [GoyNattyDream]
960	ยังไงไหนเล่า EP. 117 เบ็คกี้ ชอบใครต้องให้เค้ารู้ [GoyNattyDream]
961	มื้อสุดท้ายก่อนตายของ โบกี้ไลอ้อน l Last Supper EP.16 l [GoyNattyDream]
962	ยังไงไหนเล่า EP. 116 GALCHANIE ความรักแบบ Gen Z ยากจริงมั้ย? [GoyNattyDream]
963	ขอยากกว่านี้#ก้อยนัตตี้ดรีม #goynattydream #goynattydreamchannel
964	ตี้ก้อยจะไม่ทน555555 #goynattydream #มีนพีรวิชญ์ #ดรีมอภิชญา
965	ตามหาครีเอทีฟใหม่ของช่อง [GoyNattyDream]
966	ลงเรือ!!!!! #ตะวันฉาย #น้ําหอมนาราดา #ถ้าหนูรับพี่จะรักป่ะ #ep120
967	มินนี่ (G)I-DLE ร้องเพลงของวีให้วีฟัง #goynattydreamchannel #gidle
968	มีด้อมไหนตรงกับเพื่อนๆบ้างน้า#GoyNattyDream #ก้อยนัตตี้ดรีม
969	จับคู่ดูแล พนักงานออฟฟิศ [GoyNattyDream] 
970	มื้อสุดท้ายก่อนตายของ ภูวินทร์ ตั้งศักดิ์ยืน l Last Supper EP.17 l [GoyNattyDream]
971	ช่างแต่งน้า EP.3 พี่น้ำคะหนูขอเรฟพันซ์คุง#ช่างแต่งน้า #goynattydream #แต่งหน้า #ก้อยนัตตี้ดรีม
972	เจอแบบนี้ ไปต่อ หรือ พอแค่นี้ #goynattydreamchannel
973	จับคู่ ATLAS X 4EVE ❤️‍🔥 #goynattydreamchannel
974	CarราCarซัง EP. 16 : แจ็คกี้ - น้ำตาล l [GoyNattyDream]
975	ม มึง ท ทิ้ง ก กูไป 🔥#goynattydreamchannel
976	แจดพิกัดมู วงการบันเทิง 🌟 #goynattydreamchannel
977	เห็น CEO ไปแล้วมีความสุขเราก็อยากไปด้วยค่า☺️☺️#ก้อยนัตตี้ดรีม #goynattydream
978	ใครไหวไปก่อนเลย 😭#ก้อยนัตตี้ดรีม #goynattydreamchannel #ถ้าหนูรับพี่จะรักป่ะ #มาริโอ้ #หมากปริญ
979	รีวิวมาม่าเผ็ดเกาหลี vs ไทย #goynattydreamchannel
980	พาคู่เก้าวีมาสบตา จะเขินหรือจะขำดี ให้คนดูช่วยตัดสินค่ะ!🤣 #ลืมเวลา #GoyArachaporn #เพลงดังtiktok
981	ตะลุยกินร้านเด็ดตลาดนัดมศว [GoyNattyDream]
982	บุกห้องซ้อม ดาราลัยก่อนแสดง [GoyNattyDream] 
983	ความลับอยู่ที่แมว🐈👀 #goynattydreamchannel
984	จัดอันดับคนแฟ่ดที่สุดใน GMM#carราcarซัง #สกายนานิ #skynani #ก้อยนัตตี้ดรีม #goynattydream
985	จาก Steve สู่ Sweetheart💖👩🏻‍❤️‍💋‍👨🏻#ก้อยนัตตี้ดรีม #goynattydream #disneycruiseadventure
986	My Ambulove EP. 46 : เพิร์ล - พีค l [GoyNattyDream]
987	ประเมินพนักงานครึ่งปี มีคนไม่รอด!? [GoyNattyDream]
988	CarราCarซัง EP. 17 : จี๋ - จ๋าย l [GoyNattyDream]
989	เครื่องสำอางกันตายของ นัตตี้ #goynattydreamchannel
990	ผู้หญิงที่เท่ในสายตาเจ้านาย #ก้อยนัตตี้ดรีม #goynattydream #เจ้านายจินเจษฏ์ #JAONAAY
991	ฮันนีมูนครั้งนี้ หมดเงินเกือบล้าน!!! #นัตตี้แมน #นัตตี้นันทนัท #สวิตเซอร์แลนด์ #goynattydreamchannel
992	รียูเนี่ยนนนน #goynattydreamchannel #urboytj #gavind #ไปเจ็บกับเขาซะให้พอ
993	CarราCarซัง EP. 19 : อเล็กซ์ - จีซัง DICE l [GoyNattyDream]
994	CarราCarซัง EP. 15 : เทศน์ - เพิร์ธ l [GoyNattyDream]
995	ถ้าถามว่าบอสตันมีอะไรที่ชอบบ้าง#ก้อยอรัชพร #ก้อยนัตตี้ดรีม #goynattydream
996	ของเด็ดมศว บุฟเฟต์นํ้าลำไย ถูกใจสุดๆ #goynattydream #ก้อยนัตตี้ดรีม
997	จุดเริ่มต้นความรักพี่กุ๊บกิ๊บ-บี้ KPN ซีรีส์เกาหลีเว่อ เคยไม่ชอบกันแล้วมารักกันค่าา #ก้อยนัตตี้ดรีม
998	อยู่ไหนน้า #friendsfly
999	น้ำหอมตกเครื่อง #goynattydreamchannel #friendsflyth
1000	This or That วงร็อคในดวงใจของ โจอี้ 🤘🏻💘 #goynattydreamchannel
1001	จุดเริ่มต้น Thank you Kateyki #goynattydreamchannel
1002	ให้ทายใครเก่งสุด #friendsflyth #ก้อยนัตตี้ดรีม #goynattydream
1003	ส่งผ้าให้คนที่...ที่สุด!! #ก้อยนัตตี้ดรีม #goynattydream #karnfoei #กานเฟย #ปล่อยกูไป
1004	มีคนมาคุมถึงที่! ไปดูความน่ารักของคู่นี้เต็มๆได้ที่ My Ambulove ออนแล้วตอนนี้ #goynattydreamchannel
1005	เก้าจิรายุ : เมื่อไหร่ Friendsfly จะมีทริปให้แฟนไป #goynattydreamchannel #friendsflyth
1006	บุกกองถ่ายแดงไบเล่ย์ [GoyNattyDream] 
1007	เซียนหรั่ง บิวบอง ชวน 3 สาวไปดูโลมา #goynattydreamchannel
1008	สเปคพีช พชร เรื่องนี้ เรื่องใหญ่!!!! #goynattydreamchannel
1009	ดาราลัย เดอะ มิวสิคัล [Official Teaser]
1010	วิธีจีบแบบณเดชน์ #goynattydreamchannel
1011	เกมจับโกหก เธอหลอกชั้นไม่ได้หรอก!!#ก้อยนัตตี้ดรีม #goynattydream
1012	อยากเกิดเป็นพี่โฟม!!! #goynattydreamchannel
1013	งานนี้ทำผมเครียดเลยคร้าบบ#myambulove #มีนดรีม #มีนพีรวิชญ์ #dreamapichaya #ก้อยนัตตี้ดรีม
1014	อยากมีแฟนมากกว่านี้ แต่ดันเจอคนที่ใช่เร็ว🤣 #nattynantanat #ก้อยนัตตี้ดรีม #goynattydreamchannel
1015	ไอร่ารูัไหมเมื่อไหร่ที่ฟ้า ษริกาจับปืน #goynattydreamchannel
1016	ยังจะให้พูดหรือคะ!!#แจ็คกี้ชาเคอลีน #น้ําตาลพิจักรขณา #CarราCarซัง #goynattydream #ก้อยนัตตี้ดรีม
1017	เสียอาการนะเราอ่ะ #ถ้าหนูรักพี่จะรักป่ะ #ริววชิรวิชญ์ #goynattydream
1018	My Ambulove EP. 47 : ออกัส - เล้ง l [GoyNattyDream]
1019	ไปต่อหรือพอแค่นี้ ดรีม-นนน 😝
1020	นนท์ ธนนท์ ชอบเพลงไหนของตัวเองมากที่สุด #goynattydreamchannel
1021	พี่น้องใครเป็นแบบนี้บ้าง #goynattydreamchannel
1022	ชาเลนจ์ใหม่ของก้อยและนัตตี้#ก้อยนัตตี้ดรีม #goynattydream #ดาราลัยเดอะมิวสิคัล #DaralaiTheMusical
1023	ก็คนมันอยากมีแฟนอ่าาา😫 #goynattydreamchannel
1024	พูดไปเขินไปนะคะเนี่ย🥰🩷#มื้อสุดท้ายก่อนตาย #ณเดชน์ #ณเดชน์คูกิมิยะ #ก้อยนัตตี้ดรีม #goynattydream
1025	ดูเอาเถิดชาวเน็ต 🤣🤣 #goynattydreamchannel
1026	ต่อบท กับตัวแม่ตัวมีม#goynattydreamchannel
1027	นึกถึงก้อย นึกถึงอะไร?? #goynattydreamchannel #บางกอกคณิกา #อิงฟ้าวราหะ #ก้อยนัตตี้ดรีม
1028	ถ้าวุ้นเส้นติดเกาะ จะเลือกอยู่กับใครในแก็งนางฟ้า ✨ #goynattydreamchannel
1029	คำอวยพรจากแขกรับเชิญกิตติมศักดิ์#GNDDrunkInLove #ก้อยนัตตี้ดรีม #เก้าจิรายุ #violettewautier
1030	แมงกะพรุน หัวกระปุ๋น 😂🥢 #goynattydreamchannel
1031	คู่จิ้นสู่คู่จริง เพราะ Facetime! #goynattydreamchannel
1032	พร้อมเป็นเพื่อนเจ้าสาวแล้วค่าา 🥰 #goynattydream #ก้อยนัตตี้ดรีม #นัตตี้นันทนัท #พรีเวดดิ้ง
1033	เพื่อนๆรวมตัวเป็นเสียงเดียวกัน😂 #friendsflyth #ep33 #goynattydreamchannel
1034	จับฉลากธีมซื่อของให้เมีย #goynattydreamchannel
1035	7 คนพูด 0 คนฟัง #friendsflyth #ก้อยนัตตี้ดรีม #goynattydream
1036	ถ้ามีเสียงไก่อีกพี่ว่าใช่เลย🐓🐓#guyharufamily #3ยอดกุมาร #ก้อยนัตตี้ดรีม #goynattydream
1037	Play With Me — Dream #GNDDrunkInLove #goynattydream #dreamapichaya
1038	เท่าที่ดูๆน่าจะเต็มล้านนะคะ 😝#GNDDrunkInLove #goynattydream
1039	มื้อสุดท้ายก่อนตาย อยากให้ใครมาร่วมโต๊ะ #goynattydreamchannel
1040	ไม่คิดว่าเจมส์จิจะซื้อสิ่งนี้ให้ 😱 #goynattydreamchannel
1041	อันดับ1จะเป็นอันไหนน้ออ🥰#goynattydream #ก้อยนัตตี้ดรีม
1042	พระเอกที่เป็นที่สุดของ พิมพ์ พิมพ์มาดา#GoyNattyDream #ก้อยนัตตี้ดรีม
1043	มันจะมีเพื่อนอยู่คนนึงที่อะไรๆก็ “ไม่หรอกมึง” แต่เรารู้กัน 👀✨✨#ก้อยนัตตี้ดรีม #goynattydreamchannel
1044	MVP รวมมุขจีบของก้อย บอกเลยไม่ธรรมดา ใครโดนตกบ้าง ขอมือหน่อยค่าา #goynattydream #ก้อยนัตตี้ดรีม
1045	ถ้าซอมบี้บุก ใครจะรอด
1046	สเปกไหนที่ใช่ #ชิปปี้ศิรินทร์ #ชิปปี้ #ก้อยนัตตี้ดรีม #goynattydream #จัดอันดับ
1047	#แฝด นัตตี้-ดรีม ทุกคนแยกออกกันมั้ยค้า?? 🥰❤️ #ก้อยนัตตี้ดรีม #goynattydream
1048	นึกถึงคนนี้จะนึกถึงอะไร#แดงไบเล่ย์ #ก้อยนัตตี้ดรีม #goynattydream
1049	หวานกันแบบสม่ำเสมอ🥰💖#มื้อสุดท้ายก่อนตาย #ณเดชน์ #ณเดชน์คูกิมิยะ #ก้อยนัตตี้ดรีม #goynattydream
1050	ประชันความแสบ เจมส์จิ-ภีมวสุ #goynattydreamchannel
1051	ช่างแต่งน้า EP.1 ตรงเรฟมั้ยฮ้าฟฟ#ช่างแต่งน้า #แต่งหน้า #goynattydream #เก้าจิรายุ
1052	ใครที่กำลังเจอเรื่องยาก ๆ ในชีวิต ขอให้ผ่านไปได้ด้วยดีนะคะ ♥️#ก้อยนัตตี้ดรีม #goynattydreamchannel
1053	ไปทะเลด้วยกัน พูดแล้วน้าาาา!!! ไอซ์! #myambulove #goynattydreamchannel #pimma_pixxie #ไอซ์พาริส
1054	สาวๆ 4EVE เหมาะกับคนแบบไหน #goynattydreamchannel
1055	เจษในวัยเด็กเคยทำสิ่งนี้หรือออ?! #เจษฎ์พิพัฒ #goynattydream #ก้อยนัตตี้ดรีม #ถ้าหนูรับพี่จะรักป่ะ
1056	ส่งท้าย ดาราลัย จะมีให้ดูอีกหรือไม่!? [GoyNattyDream] 
1057	แค่นี้ยังเขินขนาดนี้ ไปดูคลิปเต็มจะเขินขนาดไหน! 😳🫣 #goynattydreamchannel
1058	บิวโบว์การละคร #goynattydreamchannel
1059	โคจรด้วยรักกับ FriendsFly มาเริ่มกันที่คู่ของ นัตตี้-พี่แมน ค้าา 😍💖 #โคจรด้วยรัก #GoyArachaporn
1060	วอนชาวเน็ต!! ช่วยตามหาผู้ชายในคลิปให้บอสสอกที #goynattydreamchannel
1061	เคมีที่ครูอุ๊ตามหา🙈 ดูคู่นี้เต็มๆได้ที่ MV #ลืมเวลา - Goy Arachaporn ที่ช่อง #goynattydreamchannel
1062	ความแซ่บของภูวิน 🔥 #goynattydreamchannel
1063	ถ้าใจบอกว่าใช่ สเปคที่ตั้งไว้ก็ไม่จำเป็น 🫣 #goynattydreamchannel
1064	ใหม่ ดาวิกา เรียกเข้าห้องเขียว = 😱😭 #goynattydreamchannel
1065	บูท Chanel เริ่ดๆอยู่แล้ว💅🏻#ก้อยนัตตี้ดรีม #goynattydream #karnfoei #กานเฟย #ปล่อยกูไป
1066	เราจีบเองค่ะ! #goynattydreamchannel #4eve
1067	อยากรีบแต่งงาน เพราะเหตุผลนี้ #goynattydreamchannel
1068	Perfect match ของกันและกัน#Friendsflyth #วาเลนไทน์ #goynattydream #ก้อยนัตตี้ดรีม
1069	แฟนเพื่อนมีชู้ จะบอกเพื่อนไหม? #goynattydreamchannel
1070	ดวงอ่อนแอแต่หัวใจแข็งแรงนะค้าา💖#ก้อยนัตตี้ดรีม #GoyNattyDream #ก้อยอรัชพร
1071	Blackpink in your area!! บลิ้งค์อย่างพวกเราจะพลาดได้ยังไงง #goynattydream #bornpinkinbangkok
1072	ป่วนกองถ่าย!! #goynattydreamchannel #บางกอกคณิกา #ก้อยนัตตี้ดรีม
1073	นนท์กับภาษารัก #goynattydreamchannel
1074	พี่แมนเขาของจริง!!!🤣 #นัตตี้นันทนัท #ถ้าหนูรับพี่จะรักป่ะ #goynattydream
1075	ความในใจรัศมีแข #goynattydreamchannel
1076	อาเล็ก=คนที่ทุกคนอยากมอม #goynattydreamchannel
1077	แต่งตัวเที่ยวสเปนสไตล์น้ำหอม 🫣 #goynattydreamchannel
1078	พี่น้องคู่ไหนทะเลาะกันบ่อย ๆ บ้างค้าา #ก้อยนัตตี้ดรีม #goynattydreamchannel #goynattydream
1079	น้องบ็อบของพี่เบคเบค🦈#ยังไงไหนเล่า #beckyarmstrong#Beckyangels#goynattydreamchannel #ก้อยนัตตี้ดรีม
1080	ไม่พูดเยอะ หยุมเท่านั้น #goynattydreamchannel
1081	อยู่กับคู่นี้แล้วลืมเวลาไปเลยค่า อร้ายย 😍💘 #ลืมเวลา #GoyArachaporn
1082	รู้ว่าเสี่ยงแต่คงต้องขอลอง😳 #goynattydreamchannel #Q&A #ก้อยนัตตี้ดรีม
1083	เกิดแต่กับก้อย #goynattydreamchannal
1084	ถ้านี่คือวันสุดท้ายจะพา Friendflys แต่ละคนไปทำอะไร?#goynattydreamchannel
1085	เจอคนที่ใช่ ตอนจะง้อคนเก่า #goynattydreamchannel
1086	ช้อตฟีล #goynattydreamchannel
1087	ผมสั้นที่แท้ทรู💖 #ก้อยอรัชพร #goynattydreamchannel #songkran2024
1088	👀เรื่องไหนจริงเรื่องไหนโกหกน้าาาา #Q&A #goynattydreamchannel #dreamapichaya
1089	เลือกฉันก่อนเธอ ก้อย อรัชพร x มีนตรา อินทิรา OUT NOW #เลือกฉันก่อนเธอ #ก้อยอรัชพร #มีนตราอินทิรา
1090	ไม่จริงค่าา #goynattydreamchannel
1091	อันนี้ถามธามไทหรือก้อยนะคะ 🤣 #goynattydream #ก้อยนัตตี้ดรีม #ถ้าหนูรับพี่จะรักป่ะ #ธามไท
1092	วินาทีที่รู้ว่ากระเป๋าหาย 😱 #goynattydreamchannel
1093	ส้มรักพ่ออออ🧡 #ก้าวไกล #พิธาลิ้มเจริญรัตน์ #goynattydream #ก้อยนัตตี้ดรีม #ถ้าหนูรับพี่จะรักป่ะ
1094	เจ้าสาวคนต่อไป!! วุ่นกันทั้งกลุ่ม😂 #friendsflyth #วีวิโอเลต #นัตตี้นันทนัท
1095	ทุกบ้านCharacter ชัดเจน 🤣🤣#goynattydream #ก้อยนัตตี้ดรีม #วันแม่
1096	สเปกแบบนี้ ที่แม่ๆอยากได้เป็นสะใภ้ #GoyNattyDreamChannel
1097	สิ่งที่หายไปตอนเรียนต่างประเทศ #goynattydreamchannel
1098	ทำไมแพรวาถึงไม่มีแฟนซะที!!! #แพรวา #แพรวาณิชาภัทร #ยังไงไหนเล่า
1099	ใครกันน้า อยู่กับผู้ชายเสียงสอง อยู่กับเพื่อนเสียงแข็ง 😂 #ก้อยนัตตี้ดรีม #goynattydream #เผาก้อย
1100	ไหนดูซิ้ แต่ละคนชี้ตรงกันไหม #goynattydreamchannel
1101	อ่ะๆ เวอร์ชั่นบอยเฟรนด์ ซะหน่อยย #goynattydreamchannel
1102	เสื้อมงคล ❌ / วาสนานัตตี้ ✅ #goynattydreamchannel
1103	รู้ว่าดรีมชอบเล่นเกมแต่ไม่คิดว่าจะขนาดนี้ #goynattydreamchannel
1104	ใครฟิตสุดใน Friendsfly 💪🏻 #goynattydreamchannel
1105	โคจรด้วยรักกับ FriendsFly คู่รักข้าวใหม่ปลามัน ก้อย-บอสสอก 😂❤️‍🔥 #โคจรด้วยรัก #GoyArachaporn
1106	ถ้าโลกนี้ไม่มีแอร์ทำยังไงล่ะแม๊🔥🔥🔥 #ดรีมอภิชญา #ก้อยนัตตี้ดรีม #ถ้าโลกนี้ไม่มีแอร์ #GND
1107	พา ตรี-นาย มาออกสเต็ปกันหน่อยย👯‍♂️#CarราCarซัง #ตรีนาย #ตรีภรภัทร #นายณภัทร#ก้อยนัตตี้ดรีม
1108	เมื่อเราชอบเข้าสังคม แต่ไม่แน่ใจว่ารู้จักกันมั้ย นัตตี้มีวิธีเนียนๆมาแชร์ค่ะ 555555 #ก้อยนัตตี้ดรีม
1109	วันนั้นของเดือนฉบับ เก้า จิรายุ#วันนั้นของเดือน #ก้อยอรัชพร #goyarachaparon #เก้าจิรายุ
1110	ใหม่ ดาวิกา กับฉายา “โปรพับเป็ด” #goynattydreamchannel
1111	น้ำหอมโดนฝรั่งชูส #goynattydreamchannel #friendsflyth
1112	ใครเป็นชู้? ดรีมเตือนแล้วนะ!!!! #ดรีมอภิชญา #goynattydream
1113	เจอหลิง-ออม ครั้งแรก 💖 #goynattydreamchannel
1114	“โคตรอยากกิน” ตอนมีประจำเดือน #goynattydreamchannel
1115	ตื่นกันยังน้า #friendsfly
1116	ทะเลาะกันเพราะเสียงดัง!? #goynattydreamchannel
1117	ถนนพระราม 2 จะสร้างเสร็จกี่โมง! #goynattydreamchannel
1118	ใครนอนกับก้อยก็ร้องไห้!#goynattydreamchannel #friendsflyth
1119	ขอนำเสนอภาษาที่ใช้ได้ทั่วโลก🤣🤣#ก้อยนัตตี้ดรีม #goynattydream #vlog
1120	กลืนไม่เข้า=ร้อน😂 #goynattydreamchannel #ตะลุยกิน #บรรทัดทอง #ก้อยนัตตี้ดรีม
1121	ได้แค่ไหน เอาแค่นั้นละกันเนอะ😂 #goynattydreamchannel
1122	เรื่องเจ้าชู้ที่แย่ที่สุด! เล่าได้มั้ยพี่จี้ ออนแอร์ได้เปล่าน้า🫠ได้รับการยินยอมจากทุกฝ่ายแล้วนะค้า
1123	มองกันแบบนี้ ก็ลืมเวลาไปเลยสิครับ￼ #ลืมเวลา #GoyArachaporn
1124	ใครไม่งงจะงงมาก🤣🤣. #goynattydream #เดอะทอยส์ #ใบ้คำ #แอลลี่ #goynattydream #ก้อยนัตตี้ดรีม
1125	เบสท์! ถึงกับร้องไห้กลางรายการ🥹 #myambulove #ep5 #goynattydreamchannel #เบสท์คำสิงห์ #บาธธัญชนนท์
1126	จะทำสิ่งนี้ทุกครั้งที่กลับไทย #goynattydreamchannel
1127	ช่างแต่งน้า EP.2 เมื่อช่างหน้าหมัดแมนมาแต่งหน้าดาราสาวคุณนัตตี้#ช่างแต่งน้า #goynattydreamchannel
1128	เขารักกันจริงใช่ไหมแม่55555🤣🤣 #คู่กัด #ฝนนินิว #ยังไงไหนเล่า #เพื่อนสนิท #ฝนนินิว #goynattydream
1129	ขอเลือกปรึกษาสองคนนี้#LastSupper #phuwintang #ภูวินทร์ตั้งศักดิ์ยืน #ก้อยนัตตี้ดรีม #goynattydream
1130	แค่มองก็รู้เลย#ก้อยนัตตี้ดรีม #goynattydream
1131	ระดับตัวแม่ใบ้คำแค่นี้ชิวๆอิอิอิ #goynattydream #ก้อยนัตตี้ดรีม #เดอะทอยส์ #แอลลี่ #thetoys
1132	Boy Group K-POP ในดวงใจ เชอรีน 💘 #goynattydreamchannel
1133	ดรีมเคยแพ้อะไรบ้าง #GNDOuting2025 #goynattydreamchannel
1134	ช่างแต่งน้า EP.10 ช่างชิปกับแฟนหนุ่มของเขา#วารีร้อยศพ #DisneyPlusTH #ชิปปี้ศิรินทร์ #ช่างแต่งน้า
1135	ก้อยมามั้ยคะ🤣 #goynattydream #ก้อยอรัชพร #ยังไงไหนเล่า
1136	เครื่องสำอางกันตายของ ดรีม #goynattydreamchannel
1137	น้องขอมาพี่ก็จัดให้ #ก้อยนัตตี้ดรีม #goynattydream
1138	รักต่างวัย รอดยาก? #goynattydreamchannel
1139	แอบเดตกันบนรถ #goynattydreamchannel
1140	เมาท์ได้มั้ยน๊าาา😁 #goynattydreamchannel #minniegidle #bambam #ยังไงไหนเล่า
1141	เม้าท์ความฮอตของ “เต ตะวัน” #goynattydreamchannel
1142	โคจรด้วยรักกับ FriendsFly วันนี้ขอเสนอ วี-เก้า 😝❤️ #โคจรด้วยรัก #GoyArachaporn
1143	ก้อยลูกกตัญญู #ก้อยนัตตี้ดรีม #goynattydream #karnfoei #กานเฟย #ปล่อยกูไป
1144	เมื่อคุณต้องบิ้วท์เพื่อน ละครแนวตั้งจึงเกิด
1145	เมื่อก้อยมาบอกแม่ว่าท้องก่อนแต่ง! แม่จะว่าไงบ้าง ไปดู! #ก้อยนัตตี้ดรีม #goynattydreamchannel
1146	ถามเร็วตอบเร็ว! เป็นมเหสีที่เขาไม่รัก vs นางสนมที่เขารักสุดใจ #goynattydreamchannel
1147	โชว์สวีทกันกลางรายการ! #goynattydreamchannel
1148	เมื่อเรามีแขกรับเชิญพิเศษเป็นน้องหมา มาดูกันสิว่าใครจะพูดภาษาน้องๆได้เหมือนกว่ากัน! #ก้อยนัตตี้ดรีม
1149	บอสสอกออกทุกงาน#ก้อยนัตตี้ดรีม #goynattydream #friendsfly #friendsflyth
1150	เป่าเปาหวงป๊ามากก ฮือ ครอบครัวนี้อบอุ่นเว่อ พ่อไมโครเวฟ 🥹✨#ก้อยนัตตี้ดรีม #GoyNattyDream #เป่าเปา
1151	ขอดูวงเขียวปันปันหน่อยค่าา#ปันปันสุทัตตา #punpun_sutatta #ก้อยนัตตี้ดรีม #goynattydream
1152	a little bit you, a little bit i 🫶🏻 #goynattydreamchannel
1153	ตกหลุมรักกับคนเดิม!!!💞 #จังหวะตกหลุมรัก #ก้อยอรัชพร #goynattydream
1154	พี่เฌอเห็นหนูไหม 🤫 #ก้อยนัตตี้ดรีม #goynattydream #วีbnk48 #เฌอปราง #bnk48 #ยังไงไหนเล่า
1155	อวัยวะที่คนมองเป็นอย่างแรก #goynattydreamchannel
1156	DMว่าอะไรนะ!! ไอซ์พาริส😳#myambulove #ไอซ์พาริส #pimma_pixxie #goynattydreamchannel
1157	Kiss/ Marry/ Kill ผู้ชายใน GMMTV #goynattydreamchannel
1158	ถ้าเธอชอบ เราก็พร้อมจีบ👉🏻👈🏻 #goynattydreamchannel
1159	ตัวแม่ค่ะลุยเลย💅🏻#KTkratae #MyAmbulove #goynattydream #ก้อยนัตตี้ดรีม #โตชิกระแต
1160	เปิดค่ายแล้ว เลิกอยากมีลูก! #goynattydreamchannel
1161	แต่งตัวตามทำนองเพลง “ตือ ดื๊อ ดือ ดือ” #goynattydreamchannel
1162	อย่าเดิมพันชีวิตกับแค่ทางเดียว #goynattydreamchannel
1163	ไปต่อหรือพอแค่นี้ - เอมมี่ #goynattydreamchannel
1164	คำถามวัดใจ มีนอยากมาดิสนีย์กับใคร 😂 #goynattydreamchannel
1165	ถามไวตอบไว ทำคอนเทนต์ให้ได้ล้านวิว#goynattydreamchannel #gndouting2025
1166	วี น้ำหอม ดรีม ใครจะเป็นเจ้าสาวคนถัดไป! #goynattydreamchannel
1167	สิ่งที่สำเร็จในปี2025 ปีหน้าอะไรจะสำเร็จอีกบ้างน้า🤔#goynattydreamchannel
1168	งานและความรัก ต้องเป็นที่ 1 ทั้งคู่ #goynattydreamchannel
1169	เพลงที่เป็นที่สุดของโบกี้ไลอ้อน#โบกี้ไลอ้อน #bowkylion #goynattydream #ก้อยนัตตี้ดรีม
1170	ณิชาคะ!!
1171	พี่น้องบ้านนี้โสด2เลยค่า😍 #ก้อยอรัชพร#ก้อยนัตตี้ดรีม #goynattydreamchannel
1172	วีอีกแล้วววว🤣 #มื้อสุดท้ายก่อนตาย #วีวิโอเล็ต #เก้าจิรายุ #ก้อยนัตตี้ดรีม
1173	อายที่ต้องเป็น "เด็กฝรั่ง" #goynattydreamchannel
1174	ไม่ได้ดื้อ แค่ฟังแต่ยังไม่เชื่อ #goynattydreamchannel
1175	พี่ๆหมดตัวแน่!!#guyharufamily #3ยอดกุมาร #ก้อยนัตตี้ดรีม #goynattydream
1176	ลงเรือได้ เค้าพายกันเองแล้ว #goynattydreamchannel
1177	Girl Group K-POP ในดวงใจ เชอรีน 💘 #goynattydreamchannel
1178	หวานไม่พักแม่น้ำมะพร้าว😚🥥🌴#GNDDrunkInLove #goynattydream #ก้อยนัตตี้ดรีม #มีนดรีม #มีนพีรวิชญ์
1179	คำยอดนิยมที่คู่รักใช้เรียกแทนกัน #goynattydreamchannel
1180	อย่าเล่นกับอากาศประเทศไทยนะจ๊ะะ!!!🫠 #นัตตี้นันทนัท #ถ้าโลกนี้ไม่มีแอร์ #GND #goynattydream
1181	ต้องทำยังไงน้าา 😘 #ก้อยนัตตี้ดรีม #goynattydream #เฌอปราง #ก้อยอรัชพร #นัตตี้นันทนัท #ดรีมอภิชญา
1182	ฝน-นินิว "บอกรักกัน" #goynattydreamchannel
1183	เบาบับ เบาใจ💘💕💖 #เบาบับ #Friendsfly#ep16 #มาดากัสการ์ #ก้อยนัตตี้ดรีม
1184	ขอเป็น Steve ตลอดไป#myambulove #มีนดรีม #มีนพีรวิชญ์ #dreamapichaya #ก้อยนัตตี้ดรีม
1185	ว่าด้วยเรื่องบิ๊กอาย #ก้อยนัตตี้ดรีม #goynattydream #ก้อยอรัชพร #นัตตี้นันทนัท #ดรีมอภิชญา
1186	แล้วสองสาวคนนี้จะรู้ใจกันมากแค่ไหน🧡💖#ก้อยนัตตี้ดรีม #goynattydream #karnfoei #กานเฟย #ปล่อยกูไป
1187	ตัดสินใจเลิกกันแม้ว่าจะมีลูก #goynattydreamchannel
1188	ดรีมคือสิ่งที่ดีที่สุดในปีนี้ ของ... 🤭 #goynattydreamchannel
1189	ก้อยยยยยย😂 #ก้อยอรัชพร #ก้อยนัตตี้ดรีม #goynattydreamchannel
1190	ศิลปินในดวงใจของเจ้านาย #ก้อยนัตตี้ดรีม #goynattydream #เจ้านายจินเจษฏ์ #jaonaay
1191	แล้วปีนี้ก้อยจะเจอความรักที่ดีมั้ยน้าา#Friendsflyth #วาเลนไทน์ #goynattydream #ก้อยนัตตี้ดรีม
1192	3 สาวที่เซ็กซี่ขนาดนี้เป็นของ นนท์ ธนนท์นะ #goynattydreamchannel
1193	ก้อยกับกีฬาไม่ใช่ของคู่กัน #goynattydream #ก้อยนัตตี้ดรีม #Hyrox
1194	จับฉลากของที่ช่วยคุณได้ เมื่อโดนงูรัด #goynattydreamchannel
1195	( Teaser ) เลือกฉันก่อนเธอ GoyArachaporn X MEENTRA #เลือกฉันก่อนเธอ #มีนตราอินทิรา #ก้อยอรัชพร
1196	ก้อยอรัชพร ทนไม่ไหว!!! #ก้อยอรัชพร #ยังไงไหนเล่า #วีวิโอเลต #บอสสอก
1197	มัทฉะน้ำมะพร้าวร้านโปรดของเพื่อนๆคือร้านไหน แชร์พิกัดกันน#ก้อยนัตตี้ดรีม #goynattydream
1198	ยังงไงไหนเล่า KISS OF LIFE ออนแล้วนะค้าาา ไปดูน้องๆจูบชีวิตเม้าท์เรื่องสเปคกันนน😂💖 #goynattydream
1199	ถ้าแฟนนอกใจ นอกกาย คริสจะทำสิ่งนี้!! #goynattydreamchannel
1200	ฉันคือคู่หมั้นคุณชายพุฒิภัทร จุฑาเทพ #goynattydreamchannel
1201	คุณแม่สมัยใหม่ มีลูกแต่ก็มีชีวิตของตัวเอง #goynattydreamchannel
1202	เข้าเรื่องส่วนตัวแล้วนะดรีม!!!😂 #มื้อสุดท้ายก่อนตาย #goynattydreamchannel #มีนพีรวิชญ์ #ดรีมอภิชญา
1203	# ญี่ปุ่นหวานเจี๊ยบ 😝 #goynattydreamchannel
1204	เปิดใจพี่น้อง คุยกัน!!! #ดรีมอภิชญา #goynattydream #ก้อยนัตตี้ดรีม
1205	เก้า - เจนเย่ ใคร ... กว่ากัน #goynattydreamchannel
1206	อย่าแย่งกันเป็นเจ้าภาพก็พอ🤣🤣 #เก้าจิรายุ #มื้อสุดท้ายก่อนตาย #goynattydream
1207	ถามยิ่งกว่านักข่าว ก็เพื่อนๆนี่แหละ #friendsfly #ก้อยนัตตี้ดรีม #goynattydream #violettewautier
1208	ไม่จริงนะครับข่าวมั่ว#uppoompat #poompps #UpPoom #goynattydream #ก้อยนัตตี้ดรีม
1209	บลูชีสร่วมสาบาน #goynattydreamchannel
1210	เจนิส อาบน้ำใหญ่มาถ่ายซอมบี้ #goynattydreamchannel
1211	พี่บี้รุกแรงเว่ออออ ก้อยตั้งหลักไม่ทันแล้วค่าาาา😳😳😳#ก้อยนัตตี้ดรีม #GoyNattyDream #บี้kpn
1212	ความเห็นจาก Intern ที่มีต่อ CEO🔥👩‍💻#goynattydreamchannel #ก้อยนัตตี้ดรีม
1213	ยุคนี้ใครทันกระแส คนนั้นรอด! #goynattydreamchannel
1214	ใครจะโดนยาพิษคนแรก?!?!#ก้อยนัตตี้ดรีม #goynattydream #เยลลี่ยาพิษ
1215	เมื่อ perfectionist มาเจอกัน#มื้อสุดท้ายก่อนตาย #ณเดชน์คูกิมิยะ #ก้อยนัตตี้ดรีม #goynattydream
1216	วันเกิดดรีม 23 เอ้ย 32 [GoyNattyDream]
1217	20 พฤศจิกายน 2568
1218	ดรีมสู้สุดใจค่ะ! #ดรีมอภิชญา #dreamapichaya #goynattydream #ก้อยนัตตี้ดรีม
1219	GALCHANIE แต่งเพลงสดๆ #goynattydreamchannel
1220	เรือนหอนัตตี้แมน👩🏻‍❤️‍💋‍👨🏻💍🫧!!!! #เรือนหอ #นัตตี้นันทนัท #แมนนัตตี้ #goynattydream
1221	พี่กิ๊ฟ เอ้ย พี่ก้อย!🤣#GoyNattyDreamXTEN #เตนล์ #TENLEE #ก้อยนัตตี้ดรีม #goynattydream
1222	ความสัมพันธ์ Toxic ในรูปแบบหวังดี #goynattydreamchannel
1223	เกม อะไรเอ่ยที่เหมือนกัน #goynattydreamchannel
1224	วันเกิดเบบี๋ทั้งที ชลบุรีก็แค่ปากซอย #goynattydreamchannel
1225	เจนชอบเก้าตั้งแต่ฮอร์โมนส์ #goynattydreamchannel
1226	เป็นเพราะเลือดกรุ๊ปOแน่ๆ!#ถ้าหนูรับพี่จะรักป่ะ #ไบเบิ้ลเป็นคนแปลก #ไบเบิ้ลวิชญ์ภาส
1227	เต๋อใหม่ ทำงานด้วยกันทะเลาะกันไหม? #goynattydreamchannel
1228	A friend in need is a friend indeed.🙌🏻❤️ #herManhisNatty #goynattydreamchannel
1229	พี่แมนปวดหัวละนะ55555 #แมน #แมนนัตตี้ #ก้อยนัตตี้ดรีม #เรือนหอ #บ้านใหม่ #goynattydream
1230	ขอลูก.. ชีวิตนี้ต้องเล่น 1 กีฬา 1 ดนตรี #goynattydreamchannel
1231	พี่ก็พึ่งรู้วันนี้ว่าตุ๊กแกรสชาติคล้ายไก่🦎#guyharufamily #3ยอดกุมาร #ก้อยนัตตี้ดรีม #goynattydream
1232	อย่าไปบอกใครนะว่าเธอเป็นแฟนเก่าเรา 😩#goynattydreamchannel
1233	สเปกเจ้าขุนชอบคนพูดไม่ชัด?! #goynattydreamchannel
1234	ระหว่างน้ำตาล กับ มีนดรีม มดจะขึ้นอะไรก่อนน้า😳💘 #ดรีมอภิชญา #มีนพีรวิชญ์ #OneLastRide
1235	ดวงมีแต่ 💩 บัง #goynattydreamchannel
1236	เกม "พูดคำให้ตรงกัน" #goynattydreamchannel
1237	ถ้าตายไปอยากให้คนจำ "แพต ชญานิษฐ์" แบบไหน #goynattydreamchannel
1238	1 เหตุการณ์ ที่ชัดที่สุดในครึ่งปีแรก #goynattydreamchannel
1239	จะให้หนูทำอะไรดีค้าา #goynattydreamchannel #ชินลิลลี่ #myambulove
1240	เหตุผลที่ไม่เจอกระเป๋า #goynattydreamchannel
1241	และนี่คือดอกไม้งามที่ราคาแพงที่สุด! #goynattydreamchannel #ก้อยนัตตี้ดรีม #บางกอกคณิกา
1242	ขอยอมแพ้เป็นคนตามใจดีกว่า #แจ็คกี้ชาเคอลีน #น้ําตาลพิจักรขณา #CarราCarซัง #ก้อยนัตตี้ดรีม
1243	ผมไม่ใช่ลุกคุณหนูนะครับ🫡#LastSupper #phuwintang #ภูวินทร์ตั้งศักดิ์ยืน #ก้อยนัตตี้ดรีม
1244	ผิดมั้ยง่ะะ🥺#goynattydream #ก้อยนัตตี้ดรีม
1245	เดิมพันวงด้วย 7 ล้าน ของ โอม Cocktail #goynattydreamchannel
1246	แฟนเป็นวันนั้นของเดือนเท่ากับ💣💣💣 #เจษฎ์พิพัฒ #เจษฎ์ #แฟน #วันนั้นของเดือน #goynattydream
1247	โด๊นนน🤣🤣 #ก้อยนัตตี้ดรีม #goynattydream #karnfoei #กานเฟย #ปล่อยกูไป
1248	สวยงามมากก ❤️ #goynattydream #ก้อยนัตตี้ดรีม #นัตตี้นันทนัท #พรีเวดดิ้ง #แมนนัตตี้
1249	ช่างแต่งน้า EP.7 ช่างนทประสบการณ์20ปี#นทพนายางกูร #notep #ก้อยนัตตี้ดรีม #goynattydream #ช่างแต่งน้า
1250	ประสบการณ์เดทกัน 3 คน #goynattydreamchannel
1251	ถ้าชอบมากก็ขอไม่ฟังนะครับน้องชาย #ก้อยนัตตี้ดรีม #goynattydream #เจ้านายจินเจษฏ์ #jaonaay
1252	พบคนเสียอาการ 2 อัตรา #goynattydreamchannel
1253	นัตตี้กับรถเมล์ 40 ป้าย!! #goynattydreamchannel
1254	ไหนใครเคยมีคนที่อยู่ด้วยกันแล้วเหมือนโลกหยุดหมุนบ้าง สบตา 10 วิ มีความสุขไปอีก 10 วัน แชร์มาอวดด่วนน
1255	MVP มุขจีบของนัตตี้ บอกเลยคนนี้ก็ไม่ยอมน้อยหน้า แพรวพราวสุ้ดๆ #goynattydream #ก้อยนัตตี้ดรีม
1256	เจมส์จิ BUS x ภีมวสุ จุฑาเทพ #goynattydreamchannel
1257	ลองถ่ายรายการใหม่ EP.0#ช่างแต่งน้าา #goynattydreamchannel
1258	เป็นไปได้ไง! กระเป๋าหายอีกรอบ #goynattydreamchannel
1259	ขอกินมังแทนได้มั้ย#ก้อยนัตตี้ดรีม #goynattydream #karnfoei #กานเฟย #ปล่อยกูไป
1260	ถ้าตอบผิดจะเลิกกินมัทฉะ!!#ก้อยนัตตี้ดรีม #goynattydream #matcha
1261	เมื่อดรีมต้องเลือกระหว่าง คุณพระ vs คุณชัด #goynattydreamchannel #friendsfly
1262	เพลงอะไร ช่วยนึกหน่อย #goynattydreamchannel
1263	สนิทกันจนแฟนหึง #goynattydreamchannel
1264	เพราะมากกกก ✨😍 #มินนี่ #gidle #goynattydreamchannel
1265	เคยโดนด่า "ร้องเพลงได้สยองขวัญมาก"#goynattydreamchannel
1266	T-Thailand ค่า🥰#ก้อยนัตตี้ดรีม #goynattydream #friendsfly #friendsflyth
1267	เลียนแบบคนใน DMD จะทายกันถูกไหมม#MyAmbulove #KengNamping #เก่งน้ำปิง #ก้อยนัตตี้ดรีม #goynattydream
1268	เป็นเพื่อนกันถอะน้า บอสขอร้อง#Friendsflyth #วาเลนไทน์ #goynattydream #ก้อยนัตตี้ดรีม
1269	ไหนแววตาเจ้าชู้มันยังไงน้าา #ไอซ์พิมมา #goynattydreamchannel
1270	Bare Minimum or Princess Treatment 👑ฉบับสองหนุ่ม ไบร์ท - กลัฟ 🧐#goynattydreamchannel
1271	Choose Me | OFFICIAL TEASER - GOYNATTYDREAM
1272	ไหนดูสิ้ จะเป็นยังไง#Sunflower #ทานตะวัน #Goyarachaporn #GoyNattyDream
1273	เมื่อก้อยวิ่งแก้บนไม่ครบ! 😱 #goynattydreamchannel
1274	เมื่อเพื่อนผู้ชายต้องมาชมกัน #goynattydreamchannel
1275	ต้องเจอเบลล่า!!! #เบลล่าราณี #ยังไงไหนเล่า #goynattydream
1276	คลินิกจัดฟันใกล้ฉัน!! 😳❤️‍🔥 #ลืมเวลา #GoyArachaporn
1277	ต่อเพลงที่มีคำว่ารัก ฉบับ หวาน100%🩷🤟🏻#goynattydreamchannel #myambulove #ไอซ์พาริส #pimma_pixxie
1278	ไม่ได้รับใครเป็นเพื่อนง่ายๆ #goynattydreamchannel
1279	3ข้อที่ปันปันอยากทำ#ปันปันสุทัตตา #punpun_sutatta #ก้อยนัตตี้ดรีม #goynattydream
1280	ได้เวลาเติมเน็ตมาดูคนรักกันแล้วค่าา อิอิ 🤭 ￼ #ลืมเวลา #GoyArachaporn
1281	เบื้องหลัง MV “ลืมเวลา“ มาแล้วค่า ❤️‍🔥🥹 อย่าลืมไปดู MV กันเยอะๆน้าา #ลืมเวลา #GoyArachaporn
1282	ถามเร็วตอบเร็ว กับเบลล์ #goynattydreamchannel
1283	สมาชิกเตรียมตัว😅🍻#ยังไงไหนเล่า #แพรวาณิชาภัทร #goynattydream
1284	พูดชื่อดาราชาย ห้ามซํ้า!! #GNDOuting2025 #goynattydreamchannel
1285	เมนูแปลกของกิต ราดหน้ากับข้าวสวย! #goynattydreamchannel
1286	อาร์มโอฮาน่าจะตอบไหม?!😂 #ohana #อาร์มโอฮาน่า #ถ้าหนูรับพี่จะรักป่ะ #ก้อยนัตตี้ดรีม #goynattydream
1287	ประเทศที่ชีวิตนี้ต้องไปสักครั้ง! #goynattydreamchannel
1288	The Face ทะเลาะกันจริงไหม?! #goynattydreamchannel
1289	ทำผิดแล้วขอโทษเลย น่าร้ากก#KTkratae #MyAmbulove #goynattydream #ก้อยนัตตี้ดรีม #โตชิกระแต
1290	เหตุการณ์ที่โรแมนติกที่สุด ของ ชินลิลลี่💕💕#ลิลลี่ภัณฑิลา #ชินชินวุฒ #myambulove #ep6 #goynattydream
1291	GEN Y ทายคำศัพท์ GEN Z #goynattydreamchannel
1292	สร้างบ้านให้เวิร์ก ต้องสร้างจากนิสัยผู้อยู่ #goynattydreamchannel
1293	ทาย “น้ำหอม” ถูก vs แพง Dupe ของจริง !! #goynattydreamchannel
1294	ถึง คนที่ “ตอบไลน์ช้าแล้วงอน” #goynattydreamchannel
1295	แล้วเพื่อนๆคิดว่าใครน่ากลัวที่สุด??#myambulove #มีนดรีม #มีนพีรวิชญ์ #dreamapichaya #ก้อยนัตตี้ดรีม
1296	คู่ดรีม-นัตตี้จะทายใจกันแม่นแค่ไหน??#ก้อยนัตตี้ดรีม #goynattydream #karnfoei #กานเฟย #ปล่อยกูไป
1297	เป็นแฟนเกรท = ยิ่งกว่าโชคดี! #goynattydreamchannel
1298	เห็นอย่างงี้ผมเรียบร้อยนะค้าบบ🤓✅#CarราCarซัง #ก้อยนัตตี้ดรีม #urboytj #gavind #goynattydream
1299	ก้อยนัตตี้ดรีม พาไปส่องเบื้องหลังการถ่ายทำตลก 6 ฉาก! เอ็กซ์คลูซีฟสุดๆ#ก้อยนัตตี้ดรีม #GoyNattyDream
1300	เที่ยวแบบธรรมดาก็ไม่ใช่แก๊งเราสิค้าา ไหนปกติทุกคนไปเที่ยวเล่นเกมอะไรกันอีกบ้าง #ก้อยนัตตี้ดรีม
1301	ดรีมเที่ยวเวียดนามคนเดียว จะรอดไหม!!!😳#ดรีมอภิชญา #เวียดนาม #goynattydreamchannel
1302	เทคนิคโมโหแฟนแบบพี่ธนิน #goynattydreamchannel
1303	เบลล่าทำงานหนักแค่ไหน? จนลืมตัวเอง!! #ยังไงไหนเล่า #เบลล่าราณี #เบลล่า
1304	ไหนขอแอบส่องหน่อยสิ้ 👀 #goynattydreamchannel
1305	เรื่องเงินทำเสียเพื่อน!!#ปันปันสุทัตตา #punpun_sutatta #ก้อยนัตตี้ดรีม #goynattydream
1306	เจอกันแฟนมีต 6 May แล้วมาเมารักด้วยกันน้าา🍾💘#GNDDrunkInLove #goynattydream
1307	รีวิวผับที่แพงที่สุดในเซี่ยงไฮ้ #goynattydreamchannel
1308	จับคู่ได้ถูกต้องเพื่อนๆว่างั้นมั้ยค้า🤣#guyharufamily #3ยอดกุมาร #ก้อยนัตตี้ดรีม #goynattydream
1309	ยังไง? โอบโดนแซวยับ!🤣#โอบเลดี้ปราง #เลดี้ปราง #โอบนิธิ #ถ้าหนูรับพี่จะรักป่ะ
1310	เดินป่ามันทำไมหล่ะดรีม! #goynattydreamchannel
1311	ล้วงลับความในใจ!!🤨 #Friendsfly#บอสสอก #รีวิวเหล้า #มาดากัสการ์ #goynattydream
1312	ไหนคนเจ้าชู้ แถวนี้ไม่มีน้าา👀#ก้อยนัตตี้ดรีม #goynattydream #GELBOYS2ตกอยู่ในสถานะติ่งแฟน #GELBOYS2
1313	เราซัพพอร์ตเพลงนายนะเจฟ🪐#CarราCarซัง #ก้อยนัตตี้ดรีม #goynattydream #เตตะวัน #ต้าห์อู๋
1314	มีทางม้าลาย มีไฟจราจร แต่ข้ามไม่ได้😅😅😅 ดรีมควรทำยังไงดีค้าทุกคนนน#ก้อยนัตตี้ดรีม #GoyNattyDream
1315	คุณแม่มือใหม่#friendsflyth #goynattydream #ก้อยนัตตี้ดรีม
1316	ใครจะได้แต่งงานคนต่อไปน้าา👀💍#Sunflower #ทานตะวัน#goyarachaporn #goynattydream
1317	คุยความรักกับ ChatGPT คนที่เหมาะกับก้อยในช่วงนี้ก็คือออ...#กรุงศรีแอปใหม่ #สมาร์ทกว่าชีวิตก็ง่ายกว่า
1318	ความรักในวัย17ของมิย่า!! #ยังไงไหนเล่า #มิย่าทองเจือ #มิย่า
1319	มากับผู้ชายจะขี่เอง หรือ นั่งซ้อน #goynattydreamchannel
1320	ศิลปินหรือขนมครก หยอดเก่งไม่ไหว #goynattydreamchannel
1321	ประวัติศาสตร์ได้จารึกนัตตี่แล้ว!! 😂 #goynattydreamchannel
1322	ชื่อไทยของ (G)-IDLE !!! #goynattydreamchannel
1323	บอสตันหวานมดขึ้น😚💖#ก้อยนัตตี้ดรีม #goynattydream
1324	แหนะมาเบล!👀 #ยังไงไหนเล่า #มาเบล #มาเบลpixie #goynattydream
1325	พี่ก็ไม่ได้หัวร้อนขนาดนั้นนะ#CarราCarซัง #ก้อยนัตตี้ดรีม #goynattydream #เตตะวัน #ต้าห์อู๋
1326	ศึกนี้ไม่มีใครยอมใคร#ก้อยนัตตี้ดรีม #GoyNattyDream #nattynantanat
1327	ตัวแม่ขอชาเลนจ์! คารีสาจะทายถูกกี่ข้อ 👀#คารีสา #carissa_spg #ก้อยนัตตี้ดรีม #goynattydream
1328	เบื้องหลัง MV ชาวช่องทำอะไรกันบ้าง??#วันนั้นของเดือน #GoyArachaporn #VioletteWautier
1329	เมื่อต้องเลือกระหว่าง แม่ กับ แฟน #goynattydreamchannel
1330	ถ้าโดนจีบแบบนี้ ตอบยังไงดี #goynattydreamchannel #friendsflyth
1331	One Last Ride Fan Meeting Concert การเดินทางครั้งสุดท้ายของ ถ้าหนูรับพี่จะรักปะ
1332	มันเป็นยังไงไปดูกัน!!!! #ศิธา #แด๊ดดี้สายฟาด #goynattydream #ก้อยนัตตี้ดรีม #ถ้าหนูรับพี่จะรักป่ะ
1333	ถ้าเลือกได้ ขอเลือกก๋วยเตี๋ยว#มื้อสุดท้ายก่อนตาย #goynattydream #ก้อยนัตตี้ดรีม #โบกี้ไลอ้อน
1334	เหตุผลที่คนมาสายชอบใช้! #goynattydreamchannel
1335	คลั่งรักกระทิง จนแต่งเพลงให้ #goynattydreamchannel
1336	เอ๊ะ ทำไมฟังแล้วแปลกๆ#ใบเฟิร์นพิมพ์ชนก #BaifernBah #ก้อยนัตตี้ดรีม #goynattydream
1337	ชู้มีพิรุธตรงไหน ไม่มี๊🤣 #เกมจับชู้ #เทพลีลา #goynattydreamchannel
1338	เมา=?#friendsflyth#นัตตี้นันทนัท #ดรีมอภิชญา #ก้อยอรัชพร #วีวิโอเลต #น้ําหอมนาราดา #บอสสอก
1339	ฉันรู้ดีจะผ่านได้ทุกอย่าง🤍 #วันนั้นของเดือน #goyarachaporn #violettewautier
1340	2026 อยากเจอหน้าใครคนแรก?#goynattydreamchannel #friendsflyth
1341	ไม่ได้ตั้งใจน้าาพี่เฟิร์น#ใบเฟิร์นพิมพ์ชนก #BaifernBah #ก้อยนัตตี้ดรีม #goynattydream
1342	อายุ 32 มีเอมวีเป็นของตัวเอง #Sunflower #ทานตะวัน #Goyarachaporn #GoyNattyDream
1343	พูดเรื่องตัวเองแต่มีคนสะดุ้งแรง 😂 #goynattydreamchannel
1344	แล้วคู่นี้เค้ามีใจให้กันอ๊ะป่าว?? #เพิร์ธวีริณฐ์ศรา #เทศน์ไมรอน #สกุณาซ่อนรัก #tatemyron #perthkvsr
1345	น้ำจิ้มยังขนาดนี้ แล้วถ้าเป็นน้ำเมาวันแฟนมีตจะขนาดไหน🥂😝#GNDDrunkInLove #goynattydream
1346	ล็อคเป้าหมายเป็นคนนี้มาตั้งนานแล้ว☺️💖#MyAmbulove #ก้อยนัตตี้ดรีม #goynattydream #blejie #เบิ้ลจี่
1347	เวรกรรมของดาร์ลิน 🥹😂 #goynattydreamchannel
1348	ทะเลาะกัน! จนต้องไปหาถึงบ้าน #goynattydreamchannel
1349	โอฮาน่าที่แปลว่าบันเทิง🤣 #ohana #บริษัท #อาร์มohana #ถ้าหนูรับพี่จะรักป่ะ #goynattydream
1350	Friendsfly x สิ่งที่ได้ไปต่อ 2026 #goynattydreamchannel #friendsflyth
1351	เหตุผลที่ผู้หญิงมักจะงอน #goynattydreamchannel
1352	ถูกขอเป็นแฟนในวงเหล้า! #goynattydreamchannel
1353	ถ้ามาร์ชต้องเตือนโบว์ อาเล็กเตือนเยลลี่ #goynattydreamchannel
1354	ช้าหน่อยแต่ถึงแน่#ก้อยนัตตี้ดรีม #GoyNattyDream
1355	โดนปะแป้งจนคนจำหน้าไม่ได้!!#dreamapichaya #มีนพีรวิชญ์ #ก้อยนัตตี้ดรีม #goynattydream
1356	มีเวลาให้แน่นอนค่าา#แจ็คกี้ชาเคอลีน #น้ําตาลพิจักรขณา #CarราCarซัง #goynattydream #ก้อยนัตตี้ดรีม
1357	อย่าไปกลัวเวลาที่ฟ้าไม่เป็นใจ ก้อยร้องเพลงให้คุณแม่❤️ #ก้อยอรัชพร #OneLastRide #goynattydreamfanmeet
1358	ร้านอาหารไทยในตปทจะต้องเลือกจากอะไร?? #ก้อยนัตตี้ดรีม #goynattydream #nattynantanat
1359	ห้องลับสำหรับต่อขนตา👁️👁️#ก้อยนัตตี้ดรีม #goynattydream #friendsfly #friendsflyth
1360	ฟังไปฟังมา เอ๊ะถามหรือด่า 😂#ก้อยนัตตี้ดรีม #goynattydreamchannel #ถ้าหนูรับพี่จะรักป่ะ #มีนพีรวิชญ์
1361	ภูมิบอส หรือ บอสภูมื#uppoompat #poompps #UpPoom #goynattydream #ก้อยนัตตี้ดรีม
1362	เมื่อเห็นก้อยกินข้าวกับผู้ชาย #goynattydreamchannel
1363	ให้คะแนนความรู้ใจของสองคนนี้เท่าไหร่ดีค้าา??🤔🤔#ก้อยนัตตี้ดรีม #goynattydream #karnfoei #กานเฟย
1364	คำต้องห้ามคือคำว่า“เลิก”#KTkratae #MyAmbulove #goynattydream #ก้อยนัตตี้ดรีม #โตชิกระแต
1365	เปิดเทปแรกด้วย เก้าจิรายุ!! มื้อสุดท้ายก่อนตาย!!! #มื้อสุดท้ายก่อนตาย #เก้าจิรายุ
1366	ยังไงจ๊ะพ่อหมี!!🫣 #โอ๊ตปราโมทย์ #แฟนใหม่ #พิชญ์กาไชย #พลอยหอวัง #goynattydream #พ่อหมี #Thedriver
1367	สิ่งที่ทำอยู่ใช่ความสุขจริงไหม?#มื้อสุดท้ายก่อนตาย #goynattydream #ก้อยนัตตี้ดรีม #โบกี้ไลอ้อน
1368	กรือโป๊ะะะ!!!😂 #รีวิว #กรือโป๊ะ #ก้อยนัตตี้ดรีม #แอมมี่ #ไปค่ะพส #ปัตตานี #goynattydream
1369	ใจเย็นขึ้นแล้วครับบ #ก้อยนัตตี้ดรีม #goynattydream #เจ้านายจินเจษฏ์ #JAONAAY
1370	เกิดแต่กับก้อย (อีกแล้ว) #goynattydreamchannel
1371	เมื่อเพื่อนอยากขับเรือ.... #goynattydreamchannel
1372	จำและนำไปใช้ค่าา🤣🤣#ก้อยนัตตี้ดรีม #goynattydream #vlog
1373	รูปสวยมากกก #goynattydream #ก้อยนัตตี้ดรีม #นัตตี้นันทนัท #พรีเวดดิ้ง
1374	พูดอีกทีสิจ๊าาา😂 #ดรีมอภิชญา #มีนพีรวิชญ์ #goynattydreamchannel
1375	เพลงนี้แฟนเขาเล่นกันนะ #mopear #โมจิแพรขวัญ #ก้อยนัตตี้ดรีม #goynattydream
1376	เบื้องหลังก่อนขึ้นคอนเสิร์ต นนท์ ธนนท์ #goynattydreamchannel
1377	ช็อตฟีลอ่ะ😂 #นนท์อินทนนท์ #ยังไงไหนเล่า #goynattydreamchannel
1378	รักนะเตงง💖😚#Friendsflyth #วาเลนไทน์ #goynattydream #ก้อยนัตตี้ดรีม
1379	นางเอกช่องสาม vs เจ้าหญิงดิสนีย์ #goynattydreamchannel
1380	Coffee or tea ดีคะคุณนักท่องเที่ยว#เทศน์ไมรอน #perthkvsr #คาราคาซัง#goynattydream #ก้อยนัตตี้ดรีม
1381	ละครเรื่องไหนจะมัดใจน้ำตาลได้อยู่นะ??#น้ําตาลพิจักรขณา#CarราCarซัง #goynattydream #ก้อยนัตตี้ดรีม
1382	นั่งรถที่นัตตี้ขับครั้งแรก รอด หรือ ร่วง!! #goynattydreamchannel
1383	มนต์รักตู้หู้ #goynattydreamchannel
1384	ยูนาชอบเล้งแซ่บค่าาาา🩷 #ITZY #yuna #goynattydreamchannel #ก้อยนัตตี้ดรีม
1385	เทคนิคคบแฟนนาน ต้องไม่คาดหวัง! #goynattydreamchannel
1386	มาร่วมแชร์โมเมนต์ที่ไม่เคยจางหายไปกัน🤍 อันนี้ของก้อยเองค่า อิอิ #จางหาย #GoyArachaporn
1387	ทิม พิธา กลัวตายไหม? #goynattydreamchannel
1388	เจอครูดี คือ Fast Track #goynattydreamchannel
1389	มาฟังเบื้องหลังที่พิมประภาหายจากวงการไปถึง 2 ปี เป็นกำลังใจให้พี่พิมกันน้า 💖#ก้อยนัตตี้ดรีม
1390	ตัวตนที่แท้จริงของ แน็ก ชาลี เป็นแบบนี้!!!😱 #goynattydreamchannel #แน็กชาลี
1391	ถามไวตอบไวคนที่ดีลด้วยยากสุด = นัตตี้!! #goynattydreamchannel #gndouting2025
1392	Hormones ยุคแรกของ GL #goynattydreamchannel
1393	คู่หูดูโอ้กินยาก#ก้อยนัตตี้ดรีม #goynattydream #vlog
1394	เมื่อ Friendsfly ไปเที่ยวใครแต่งตัวช้าสุด #goynattydreamchannel
1395	วิธีรีพลายสตอรี่คนที่ชอบ!! #goynattydreamchannel
1396	กระทิงใบเฟิร์นเจ้าตัวรีเควสเองนะค้า😝🩷#คาราคาซัง #กระทิงมีน #ก้อยนัตตี้ดรีม #goynattydream
1397	พีค รับมือยังไง!!! #พีคภัทรศยา #ยังไงไหนเล่า #goynattydreamchannel
1398	3 คนนี้ ใครเคยจะเลิกทำช่อง #goynattydreamchannel #gndouting2025
1399	ใครคือแฟนพันธุ์แท้ Friendsfly #goynattydreamchannel
1400	ผู้จัดรออะไรคะ GL คู่ใหม่ มาแรงส์#Sunflower #ทานตะวัน #Goyarachaporn #GoyNattyDream
1401	นิยาม “หล่อเหมือน อาบน้ำวันละสิบรอบ” #GoyNattyDreamChannel
1402	พยายามทำให้ดีที่สุด #ก้อยอรัชพร #goynattydream #thedevilwearsprada2 #annehathaway #merylstreep
1403	บิวกิ้นน่ารักขนาดนี้จะไม่เขินได้ยังไงกันคะเนี่ย!!😳💖💖 #ซาร่าห์ #บิวกิ้น #ถ้าหนูรับพี่จะรักป่ะ
1404	โดนไก่หยุมหัว 🐓 #goynattydreamchannel
1405	เข้ม-มุกดามีคนเสียอาการจริง!😳 #goynattydreamchannel
1406	ส่องวิธีจีบบอสสอกของชาวแก๊ง friendsfly !!! มีใครเคยใช้มุกไหนบ้างคะ😂💖#ก้อยนัตตี้ดรีม #friendsfly
1407	ทำงานมาหนักครับ🤣#โอ๊ตปราโมทย์#ป๊อบปองกูล #CarราCarซัง#goynattydream #ก้อยนัตตี้ดรีม
1408	ฮวงจุ้ยเรือนหอ!!!!#ฮวงจุ้ย#บ้าน #เรือนหอ #แมน #นัตตี้นันทนัท #แมนนัตตี้ #ก้อยนัตตี้ดรีม
1409	พี่เบิ้ลคนเก่ง🫳🏻#MyAmbulove #ก้อยนัตตี้ดรีม #goynattydream #blejie #เบิ้ลจี่
1410	Q&A with Goyyog #goynattydreamchannel
1411	ความเสียดาย ไม่ได้เล่นจุฑาเทพ #goynattydreamchannel
1412	นึกถึงคนเหล่านี้นึกถึง Blush สีอะไร ??#goynattydreamchannel #goynattydream #ก้อยนัตตี้ดรีม
1413	ความรักอีก 3 ปีพร้อมลงสนาม #goynattydreamchannel
1414	อินเดีย 🇮🇳 #goynattydreamchannel
1415	นัตตี้เธอมันแน่ เธอมันแน่มาตลอด #goynattydreamchannel
1416	เจ็บมาเยอะ ขอรักตัวเองก่อน!! #แพรวาณิชาภัทร #ยังไงไหนเล่า #goynattydream
1417	เชื่อว่าคู่รักส่วนใหญ่ เจอปัญหานี้!! #goynattydreamchannel
1418	ยังไงไหนเล่าซิ! #ทิมแอฟ #ทิมพิธา #แอฟทักษอร #ยังไงไหนเล่า #goynattydream
1419	บักบกเป็นเหตุ!!!!! #goynattydreamchannel #ก้อยนัตตี้ดรีม #ตะลุยกิน #บรรทัดทอง
1420	Fit Check "ก้อยตี้ดรีม x ปล่อยกูไป" #goynattydreamchannel
1421	สำหรับเออร์วิน ฝ้ายเก่งที่สุด! 😝 #goynattydreamchannel
1422	มันเป็นยังไงกันนะไปฟังพี่ซาร่ากันเลยค่า #ซาร่าห์ #Sexualharassment #sarahsalila #คุกคาม #ซาร่าห์
1423	ใครเป็นแบบนี้ โสดด้วยความสามารถ #goynattydreamchannel
1424	ฟังนะตอบ32ไว้ก่อน#ก้อยนัตตี้ดรีม #goynattydream #karnfoei #กานเฟย #ปล่อยกูไป
1425	ต้องเจอวิจจี้😂😂 #นัตตี้นันทนัท #goynattydreamchannel
1426	แฉ Olympop มีคนไม่เชียร์สีตัวเอง!! #goynattydreamchannel
1427	ก้อยตี้ดรีมแจกอั่งเปาตรุษจีน #short #shorts #ตรุษจีน #chinese #อั่งเปา #GoyNattyDream
1428	แฟนเพลงหรือแฟนพี่ 🥰 #goynattydreamchannel
1429	Friendsfly การละครกระจกจ๋าาาา ใครงามเลิศในปฐพี!👩🏻‍🦰🍎#Friendsfly #สโนไวท์ #goynattydream
1430	ตั้งจะเลือกใครกันนะ😳!? #TANGBadVoice #ตั้งตะวันวาด #ก้อยนัตตี้ดรีม #ถ้าหนูรับพี่จะรักป่ะ
1431	เก่งแล้วลูกที่ยังจำชื่อพ่อแม่ได้#guyharufamily #3ยอดกุมาร #ก้อยนัตตี้ดรีม #goynattydream
1432	ก่อนเป็นนักร้องเคยเป็นครูมาก่อน #goynattydreamchannel
1433	เซอร์ไพรส์ของแท้!!! โยชิถึงกับตกใจ#myambulove #goynattydreamchannel #โยชิรินรดา
1434	ออกจะตัวแม่🫦#friendsflyth #goynattydream #ก้อยนัตตี้ดรีม
1435	อ้อนใครได้บ้างค้า😳💘 #minniegidle #ยังไงไหนเล่า #goynattydreamchannel
1436	“นาย” จะเดาถูกไหม คำด่าไหนมาจาก “ตรี”#CarราCarซัง #ตรีนาย #ตรีภรภัทร #นายณภัทร#ก้อยนัตตี้ดรีม
1437	มุมคลั่งรักของ มิ้นท์ I Roam Alone 💖 #goynattydreamchannel
1438	แจ็คกี้จะทายถูกกี่ข้อ??#แจ็คกี้ชาเคอลีน #น้ําตาลพิจักรขณา #CarราCarซัง #ก้อยนัตตี้ดรีม
1439	สาเหตุที่อ๊ะอายบอกว่าไม่มีคนมาจีบเลย #goynattydreamchannel
1440	เมื่อดรีมกับมีนพาเพื่อนไปเวิร์กชอปวาดรูป จะออกมาเป็นไงน้าาา 🥳💖#ก้อยนัตตี้ดรีม #มีนดรีม
1441	คนไว้ใจที่ร้ายที่สุดด#CarราCarซัง #ก้อยนัตตี้ดรีม #goynattydream #เตตะวัน #ต้าห์อู๋
1442	แฟนเข้ากับเพื่อนเราได้ = โชคดีมาก #goynattydreamchannel
1443	เสน่ห์ของณัฏฐ์เป็นแบบนี้นี่เอง💞❗️!!!! #ถ้าหนูรับพี่จะรักป่ะ #ณัฏฐ์กิจจริต #goynattydreamchannel
1444	Friendsfly เหมาะกับคนรักแบบไหน 🤭 #goynattydreamchannel
1445	แข่งร้องไห้ ภายใน 4 นาที!!! #goynattydreamchannel
1446	เกม "จ้องตา ทายสี" #goynattydreamchannel
1447	ทริปฮันนีมูน!! หวานจนมดขึ้นแล้วค่าาา💖#นัตตี้แมน #นัตตี้นันทนัท #สวิตเซอร์แลนด์ #goynattydreamchannel
1448	ผมอยากเป็นคนที่ดีขึ้นเพราะเขา#มื้อสุดท้ายก่อนตาย #ณเดชน์ #ณเดชน์คูกิมิยะ #ก้อยนัตตี้ดรีม
1449	เป็นห้องพักที่ตื่นเต้นตลอดเวลา🤣 #มาดากัสการ์ #Friendsfly #goynattydream
1450	มันจะมีคนนึง ที่โป๊ะทุกงาน #goynattydreamchannel
1451	เกม ใครแพ้หมดแก้วว!!🥂#GNDDrunkInLove #goynattydream
1452	อาจจะตั้งใจแลกพินไปนิส #ก้อยนัตตี้ดรีม #goynattydreamchannel #goynattydream #disneycruiseadventure
1453	กลั้นสุดชีวิต! 🤣 เกมจับชู้กับน้องๆ PROXIE ออนแล้วนะค้าาา #goynattydreamchannel
1454	คุณชาย เอ๊ะ อะไรนะ??#ก้อยนัตตี้ดรีม #GoyNattyDream
1455	มาเที่ยวชิลๆอยู่ดีๆได้ Trekking⛰️#ก้อยนัตตี้ดรีม #goynattydream #vlog
1456	จากคนที่เป็นที่รักของทุกคนสู่ดาวจรัสแสง#ก้อยนัตตี้ดรีม #ดาราลัยเดอะมิวสิคัล #DaralaiTheMusical
1457	เก้าจำไฝทุกเม็ดบนหน้าเจนได้ #goynattydreamchannel
1458	มาร์คแอบน้อยใจจูแล้วนะ😣#MyAmbuloveXJuniorMark #GoyNattyDream #ก้อยนัตตี้ดรีม #junniorrs #markjrtn
1459	ผมอยากเป็น city boy ครับ#LastSupper #phuwintang #ภูวินทร์ตั้งศักดิ์ยืน #ก้อยนัตตี้ดรีม
1460	ดรีมเมา EP.11 คอปเตอร์ไม้ไผ่มาแว้ว#goynattydreamchannel #friendsflyth
1461	วัยรุ่นเซ็งครับ#ก้อยนัตตี้ดรีม #goynattydream #karnfoei #กานเฟย #ปล่อยกูไป
1462	ผมโชคดีที่มีแฟนคนนี้ #goynattydreamchannel
1463	ผู้หญิง ไม่มีใครไม่ขี้หึง #goynattydreamchannel
1464	ใครจะโคจรยังไงเราไม่รู้ แต่วงโคจรเราเป็นเธอนะ อร้ายย 🫣🤭 #โคจรด้วยรัก #GoyArachaporn
1465	หวานเจี๊ยบเลยค่า💞#มีนดรีม #มีนพีรวิชญ์ #ดรีมอภิชญา #gndlonelastride #goynattydreamfanmeet
1466	เพราะเหตุผลนี้ เพื่อน 50 ปีก็ยังไม่เลิกคบกัน #GoyNattyDreamChannel
1467	ถามเร็วตอบเร็ว ภาษาผู้หญิงเป็นแบบนี้จริงหรือไม่? #goynattydreamchannel
1468	จะทะเลาะหรือแก้ปัญหา!!! #ณิชาณัฏฐณิชา #โตโน่ภาคิน #goynattydream #ยังไงไหนเล่า
1469	แม่มีบุญมาก ที่มีวีเป็นลูก #goynattydreamchannel
1470	โดนจีบ หรือ จีบก่อน😳 #goynattydreamchannel
1471	แกล้งทีมงาน รับน้องสักหน่อย! #goynattydreamchannel
1472	มีน ดรีม บ้านแตกเพราะเกม! #goynattydreamchannel
1473	เก่งแบบนี้ ต้องไปแข่งเกมทศกัณฐ์แล้วค่ะน้องแทน#แทนญดา #tanyda #ambulove #GoyNattyDream
1474	จัดแรงก์แฟนชวนไปทำสิ่งนี่!!#ก้อยนัตตี้ดรีม #goynattydream #GNDDrunkInLove #goynattydreamchannel
1475	Friendsfly ถ้าเจอคนหล่อจะทำยังไง #goynattydreamchannel
1476	ซีนหวาน #รัศมีแขชาร์เลท #goynattydreamchannel
1477	อรัชพร ชื่อนี้มีแต่ความแซ่บ 🌶️🔥 #goynattydreamchannel
1478	ถามเร็วตอบเร็ว ฉบับวันนั้นของเดือน #GoyArachaporn #VioletteWautier #tonhontantivejakul
1479	อัปเดตชีวิต Friendsfly ปี 2025 #goynattydreamchannel
1480	คนนี้ใครน้าาาา!!!😁 #ท็อปแท็ปจิรกิตติ์ #ถ้าหนูรับพี่จะรักป่ะ #ท็อปแท็ป
1481	￼จะเขินหรือจะขำดีคู่นี้ 😂😂 #ลืมเวลา #GoyArachaporn
1482	ซีเจอเอมี่ครั้งแรก อย่างกับละคร #goynattydreamchannel
1483	รองเท้าในตำนาน👟#CarราCarซัง #ก้อยนัตตี้ดรีม #urboytj #gavind #goynattydream
1484	นุนิว แกก็ปากแข็งเกิ๊นน #goynattydreamchannel
1485	ถ้าแฟนไม่ถูกกับที่บ้าน เทศกาลจะไปกับใคร? #goynattydreamchannel
1486	มาเอ้าท์ติ้ง แต่ CEO ไม่เตรียมอะไรเลย #GNDOuting2025#goynattydreamchannel
1487	ข้อดี-ข้อเสียของการมี ฝน เป็นเพื่อนใน 30 วิ!! 🤣 #goynattydreamchannel
1488	"ความไม่มั่นใจ" เปลี่ยนชีวิตดรีม #goynattydreamchannel
1489	วันนี้รักกัน พรุ่งนี้อาจจะไม่รักแล้ว #goynattydreamchannel
1490	วิธีจีบสาวแบบเจ้าขุน ให้พนักงานช่วย! #goynattydreamchannel
1491	แนวเพลงไม่ซ้ำ #ก้อยนัตตี้ดรีม #goynattydream #karnfoei #กานเฟย #ปล่อยกูไป
1492	แล้วจากแฟนคลับจะกลายเป็นแฟนครับได้ป่าวอ่า👉🏻👈🏻 #โมแพร #MyAmbulove #ก้อยนัตตี้ดรีม #goynattydream
1493	โอ๊ตดีใจที่คบกัน‼️#ก้อยอรัชพร #goynattydream #โอ๊ตปราโมทย์ #ก้อยนัตตี้ดรีม
1494	มื้อในความทรงจำเด็กนิจุ#ก้อยนัตตี้ดรีม #goynattydream #vlog
1495	8 พฤษภาคม 2569
1496	จังหวะตกหลุมรัก เป็นอย่างนี้ 🥰 #goynattydreamchannel
1497	8 ก.พ. กากี่ใบ? กาอะไรบ้าง?#เลือกตั้ง69 #ประชามติ
1498	กับแกล้มยอดฮิตในวงเหล้า! #goynattydreamchannel
1499	ขอไอจีหน่อยได้มั้ยครับ#ก้อยนัตตี้ดรีม #goynattydreamchannel
1500	ตัว ติด หนึบ😚🤟🏻#ก้อยนัตตี้ดรีม #goynattydream #karnfoei #กานเฟย #ปล่อยกูไป
1501	"ก้อย อรัชพร" #ตำนานที่ยังมีลมหายใจ #goynattydreamchannel
1502	Deep talk คำถามชีวิตคู่ #goynattydreamchannel
1503	ocean eyes #goynattydreamchannel
1504	ช่วงเวลา "แหลกสลาย" ของนัตตี้ #goynattydreamchannel
1505	ศึกระหว่าง แกรนด์ กับ จันจิ เท่านั้น!!! #hermanhisnatty #goynattydreamchannel
1506	คิดยังไงถ้าลูกอยากเป็น “โสเภณี” #goynattydreamchannel
1507	เผลอมองตาฉันดูไหม 👀💘#Sunflower #ทานตะวัน#goyarachaporn #goynattydream
1508	การกลับมาในครั้งนี้มีความหมายกับเรามากๆ#ก้อยอรัชพร #goynattydream #annehathaway #merylstreep
1509	ถามไวตอบไวทีมงานช่องเป็นด้อมกระท้อน!! #goynattydreamchannel #gndouting2025
1510	Sensitive or Savage#วันนั้นของเดือน #GoyArachaporn #VioletteWautier
1511	โย่วโบร✋🏻#เทศน์ไมรอน #perthkvsr #คาราคาซัง#goynattydream #ก้อยนัตตี้ดรีม
1512	แฟนเก่า คือ จุดเปลี่ยนชีวิต #goynattydreamchannel
1513	จีบได้น้าาาาาา😳💗 #เบลล่าราณี #ยังไงไหนเล่า #goynattydreamchannel
1514	ทุกปัญหาทำให้เราเติบโต💪🏻#CarราCarซัง #ก้อยนัตตี้ดรีม #urboytj #gavind #goynattydream
1515	ช่างแต่งน้า EP.9 ช่างพี่ไก่ว่าที่เจ้าสาวป้ายแดง#ช่างแต่งน้า #คาริสา #ก้อยนัตตี้ดรีม #goynattydream
1516	เขินอ่าา🫣🫣#อุ้มแบม #oombam #ก้อยนัตตี้ดรีม #goynattydream
1517	เพราะมีกันและกันเราเลยเข้มแข็ง#มื้อสุดท้ายก่อนตาย #goynattydream #ก้อยนัตตี้ดรีม #โบกี้ไลอ้อน
1518	เออร์วิน - ฝ้าย แต่งงานกันเถอะ!! 😳😳😳 #goynattydreamchannel
1519	จุดที่กดดันตัวเองของณเดชน์#มื้อสุดท้ายก่อนตาย #ณเดชน์ #ณเดชน์คูกิมิยะ #ก้อยนัตตี้ดรีม #goynattydream
1520	ถ้า ก้อยตี้ดรีม & ปล่อยกูไป เรียนห้องเดียวกัน #goynattydreamchannel
1521	ธรรมชาติ VS เที่ยวห้าง เลือกเดทที่ไหน #goynattydreamchannel
1522	ก่อนเป็นนักร้องเคยเป็นครูมาก่อน #goynattydreamchannel
1523	ข้อนี้ใครจะเดาถูก ??!#ก้อยนัตตี้ดรีม #goynattydream
1524	จะทักก่อนมั้ยน้าาา👉🏻👈🏻🌈🩷#ไม่ทักก่อน#goynattydream#dreamapichaya
1525	เปิดเฟรนด์ชิปมา เจอแต่ “ขอให้มีแฟนฝรั่ง” #goynattydreamchannel
1526	แล้วเพื่อนๆคิดว่าใครคุยด้วยง่ายสุดบ้างง??#ปะทะCEO #goynattydream #ก้อยนัตตี้ดรีม
1527	เมื่อดรีมมาบอกแม่ว่าท้องก่อนแต่ง! แม่จะว่าไงบ้าง ไปดู! #ก้อยนัตตี้ดรีม #goynattydreamchannel
1528	ดื่มก่อนเครียดทีหลัง #friendsflyth
1529	ช่างแต่งน้า EP.8 ช่างน้ำหอมรีเทิร์น! ความแซ่บอัปเกรด#KerastaseThailand #GenesisTH #ก้อยนัตตี้ดรีม
1530	เลิกชอบสีชมพูเพราะโดนด่า ปลอม! #goynattydreamchannel
1531	โปรเจกต์แทกุกไลน์ ที่ (อาจจะ) เกิดขึ้น!! #goynattydreamchannel
1532	คนที่เพื่อนในวง “เคยหมั่นไส้”#goynattydreamchannel
1533	เก็บใหม่อาจจะเหนื่อยน้อยกว่านะค้าา🤣🤣#ก้อยนัตตี้ดรีม #goynattydream #karnfoei #กานเฟย #ปล่อยกูไป
1534	แชร์ทริค เที่ยวสวิสด้วยตัวเอง 🌟 #นัตตี้แมน #นัตตี้นันทนัท #สวิตเซอร์แลนด์ #goynattydreamchannel
1535	เจษฎ์พิพัฒจะแพรวพราวไปถึงไหนค้าาาา😳 #เจษฎ์พิพัฒ#สกิล #เมื่อเจอคนที่ชอบ #ถ้าหนูรับพี่จะรักป่ะ
1536	ร้องเพลงหรือบอกความในใจ 😍 #goynattydreamchannel
1537	Introducing B*TCH WITH BRAIN
1538	เจอกันวันแรกเป็นแฟนกันเลย! 😵 #goynattydreamchannel
1539	ถ้าเจอคนรักแบบนี้ จะไปต่อหรือพอแค่นี้? #goynattydreamchannel
1540	บอสวี จะเป็นไปได้ไหม#Sunflower #ทานตะวัน #Goyarachaporn #goynattydream
1541	รอดตายเพราะ FC ขาหื่น! ขอบคุณพี่แพงและบุญคุณจากพี่นิกกี้มากๆนะคะะะ 😭💖💖💖#ก้อยนัตตี้ดรีม
1542	มองพี่เป็นไอดอล #มื้อสุดท้ายก่อนตาย #goynattydream #ก้อยนัตตี้ดรีม #โบกี้ไลอ้อน#bowkylion
1543	tier list ของคนเลี้ยงน้องหมา🐶#ก้อยนัตตี้ดรีม #เจ้านายจินเจษฏ์ #JAONAAY #โกฮังหัวใจโกโฮม
1544	ตายแล้วว ไหนเผามาเลยจู#MyAmbuloveXJuniorMark #GoyNattyDream #ก้อยนัตตี้ดรีม #junniorrs #markjrtn
1545	ถามเร็วตอบเร็ว กับเต๋อใหม่
1546	ข้อดี-ข้อเสียของการมี นินิว เป็นเพื่อนใน 30 วิ!! 🤣🥊 #goynattydreamchannel
1547	นี่ยังไม่เกร็งนะครับ#Sunflower #ทานตะวัน #Goyarachaporn #GoyNattyDream
1548	สาบานว่าจะทำทุกอย่างให้เธอภายใน 4 นาที😳 เจอเจษไบเบิ้ลกับมิชชั่น 4 นาทีได้ทางช่องยูทูป
1549	ผู้ชายเจ้าชู้ฟังไว้! #goynattydreamchannel
1550	อะไรที่ทำให้รู้ว่าคนนี้คือแม่ของลูก! #ก้อยนัตตี้ดรีม
1551	ถ้าเป็นไปได้อยากมีลูก#LastSupper #phuwintang #ภูวินทร์ตั้งศักดิ์ยืน #ก้อยนัตตี้ดรีม #goynattydream
1552	ขอไปเที่ยวนะคะแม่#MyAmbulove #ก้อยนัตตี้ดรีม #goynattydream #blejie #เบิ้ลจี่
1553	ว่านรู้ใจป๊อบแค่ไหน #goynattydreamchannel
1554	เมื่อFriendsfly บุกผับเกาหลี!!!🥳#friendsflyth #ผับเกาหลี
1555	ช่างแต่งน้าEP.11ช่างปันวินิจกับเทคนิค Longevity#วารีร้อยศพ #DisneyPlusTH #ปันปันสุทัตตา #ช่างแต่งน้า
1556	ช่วยยกของ Stand Out ของจริง#คาราคาซัง #กระทิงมีน #tingmeen #ก้อยนัตตี้ดรีม #goynattydream
1557	เหตุผลที่อยู่ด้วยกันมา 5 ปี #ก้อยนัตตี้ดรีม #ซีนุนิว #myambulove
1558	หลิง-ออม ชอบกันเพราะ… 💘🫣 #goynattydreamchannel
1559	วิธีจีบสาวในร้านเหล้า 🍺 #goynattydreamchannel
1560	เกิดวันเดียวกัน นี่มันเนื้อคู่!! #goynattydreamchannel
1561	ก้อยนัตตี้ดรีม ลองทำท่าพับเป็ด #goynattydreamchannel
1562	คอนเสิร์ตน้องดรีม ที่ไม่ใช่ NCT 🤣 #goynattydreamchannel
1563	วิธีง้อแฟนฉบับหนุ่มๆ Tattoo Colour #goynattydreamchannel
1564	วิถีตัวแม่อ่ะเนาะ😂 #ยังไงไหนเล่า #goynattydreamchannel #ต้นหอมศกุนตลา
1565	เหตุผลที่ไม่อยากได้ดอกไม้วันวาเลนไทน์ #goynattydreamchannel
1566	1 คนทุกข์ 2 คนแฮปปี้#โอ๊ตปราโมทย์#ป๊อบปองกูล #CarราCarซัง#goynattydream #ก้อยนัตตี้ดรีม
1567	เล่น APT เวอร์ชั่นคนไทย #goynattydreamchannel #friendsfly
1568	ปฏิเสธแฟนยังไง ไม่ให้ทะเลาะ? #goynattydreamchannel
1569	ระวังกุ๊กนะจ๊ะสาวๆ👻#ก้อยนัตตี้ดรีม #goynattydream #karnfoei #กานเฟย #ปล่อยกูไป
1570	ให้กำลังใจด้วยนะค้า เก่งมั้ย🥹💖#ก้อยอรัชพร #ก้อยนัตตี้ดรีม #goynattydream
1571	เลิ่กลั่กสุดๆ เมื่อเฟย์ดูหนังโป๊กับ… 😂 #ก้อยนัตตี้ดรีม #goynattydreamchannel #kamikaze #ffk
1572	พูดเลยว่าจะไม่ทำให้คนดูผิดหวังค่าา 👀❤️#ก้อยนัตตี้ดรีม #goynattydreamchannel #ถ้าหนูรับพี่จะรักป่ะ
1573	เปิดกระเป๋า "ก้อยนัตตี้ดรีม" #goynattydreamchannel
1574	มิชชั่นเดินให้ไม่เปียกในวันสงกรานต์ #ก้อยนัตตี้ดรีม
1575	คำเดียวเสียวสันหลังเลย🥶#MyAmbulove #ก้อยนัตตี้ดรีม #goynattydream #blejie #เบิ้ลจี่
1576	จะเต้นพี่ต๋อยย!!! #goynattydreamchannel
1577	หมอดูแนะนำปากไม่ดีให้ขูดหินปูน 😂 #goynattydreamchannel
1578	ตัวแม่แห่งวงการมูเตลู #goynattydreamchannel
1579	เพื่อผู้ชาย เราทำได้!! #goynattydreamchannel
1580	ผมมองเขาหล่อตั้งแต่สวนกุหลาบ #goynattydreamchannel
1581	รอเธอทักฉันก่อนได้มะ🙈🩷 #ไม่ทักก่อนdancechallenge #dreamapichaya #goynattydreamchannel
1582	ใจกลางสุขุมวิทนะจ๊ะ!🤭#ก้อยนัตตี้ดรีม #goynattydream #ใจกลางสุขุมวิท #outing
1583	ไม่เหงานะ🤭🤭 #ก้อยอรัชพร #เมืองลาว🇱🇦 #goynattydreamchannel
1584	ขออยู่ข้างๆ 👉🏻👈🏻 #goynattydreamchannel
1585	คำถามสำหรับคุณผู้ชาย“เจ้าชู้ คืออะไร?” #goynattydreamchannel
1586	เรื่องอะไรเราต้องแพ้!!#ก้อยนัตตี้ดรีม #goynattydream #vlog
1587	แอมมี่มาเซอร์ไพร์สในงาน!!#GNDDrunkInLove #goynattydream #ก้อยนัตตี้ดรีม #friendsflyth
1588	เมื่อก้อย นัตตี้ ดรีม และวิน มาส่งลูกรักวิ่งแข่ง จะรอดมั้ยน้าาาา😂🐶🐶🐶#ก้อยนัตตี้ดรีม #วินเมธวิน
1589	คบกับฟรังแล้วจะโชคดี! แต่รับได้มั้ยกับข้อเสียเดียวของฟรัง 🥲💖#ก้อยนัตตี้ดรีม #ฟรัง #ฟรังนรีกุล
1590	ครูคะ…คู่นี้ขี้โกง 🤣🤣 #goynattydreamchannel
1591	เจนซีเขาทำสามอย่างแบบนี้!! #GoyNattyDreamXTEN #เตนล์ #TENLEE #ก้อยนัตตี้ดรีม #goynattydream
1592	โหหห โอบกอดนะค้า🥺💖#คารีสา #คารีสาสปริงเก็ตต์ #ทัวร์ลง #ดราม่า #โซเชียลยุคนั้น #กอด #ก้อยนัตตี้ดรีม
1593	ไปไหนก็ได้ ขอแค่เธอแฮปปี้ #goynattydreamchannel
1594	นั่งเก้าอี้ตีแบดมินตัน #goynattydreamchannel
1595	ให้คะแนนคุณครูบอสสอกกี่คะแนนดีคะ🤓#Sunflower #ทานตะวัน #Goyarachaporn #GoyNattyDream
1596	เมื่อพ่อค้าแม่ค้ามือใหม่มาทดลองไลฟ์ขายของ#ก้อยนัตตี้ดรีม #goynattydream#karnfoei #กานเฟย #ปล่อยกูไป
1597	เมื่อวิโอเลตมารีแอคMVเพลง Sunflower 🌻#วิโอเลตวอเทียร์ #VioletteWautier #Sunflower #ทานตะวัน
1598	ขอ 1 อย่างจากซานต้า 🎁🧑‍🎄 #goynattydreamchannel
1599	กิจกรรมอะไรบ้างที่ทำบนรถได้ 🚗 #goynattydreamchannel
1600	ศึกข้าวโพดคลุกเนย ก้อยดรีม vs ตี้บอส#goynattydreamchannel #gndouting2025
1601	ฟรังผ่านประเด็นดราม่ามาได้ยังไง มาฟังกันค่ะะ 💖💖 อย่าลืมใส่ใจคนรอบข้างเยอะๆน้า#ก้อยนัตตี้ดรีม #ฟรัง
1602	ริวพูดสำเนียงสุพรรณ เอ๊ะ! ฉันรักพี่นะ #ริววชิรวิชญ์ #ถ้าหนูรับพี่จะรักป่ะ
1603	โมเมนต์หูเคลือบทองคำ!! #goynattydreamchannel
1604	ไม่ได้ขี้เซาแค่หลับลึกค่า😂 #ITZY #goynattydreamchannel #ก้อยนัตตี้ดรีม
1605	เป็นไปได้นะคะ เดาสามข้อผิดสามข้อ#CarราCarซัง #ก้อยนัตตี้ดรีม #goynattydream #เตตะวัน #ต้าห์อู๋
1606	มิกซือ เขามาจากประเทศอะไรนะ?? #ก้อยนัตตี้ดรีม #goynattydream
1607	ถามเร็วตอบเร็วขอ1คำให้นักแสดง #ก้อยนัตตี้ดรีม #goynattydream #ดาราลัยเดอะมิวสิคัล #DaralaiTheMusical
1608	โมเมนต์หายาก 😳 #goynattydreamchannel
1609	ย้อนกลับไปต้นคลิปข้อนี้มั่นใจเต็ม100#ก้อยนัตตี้ดรีม #goynattydream
1610	บุกกองถ่าย บางกอกคณิกา! #goynattydreamchannel #บางกอกคณิกา #อิงฟ้าวราหะ #ก้อยนัตตี้ดรีม
1611	มุมมองเรื่อง คู่จิ้น #goynattydreamchannel
1612	นี่คือตลกปลอมตัวมาเป็นทีมงาน😂😂❗️#ทีมงาน #ก้อยนัตตี้ดรีม #เป็นคนตลก #goynattydream
1613	บทเรียนรักที่ไม่เคยจืดจาง ของชาย ชาตโยดม ❤️ #goynattydreamchannel
1614	ก้อยกับความตรงต่อเวลา ⏰ #goynattydreamchannel
1615	เชื่อเมนเทอร์คริส แคมเปญนี้ไม่มีอ่อม #goynattydreamchannel
1616	จะแต่งงานอายุ 3… เท่าไหร่ ตอบมาซิ ดรีม🤣 #ดรีมอภิชญา #goynattydreamchannel
1617	เคล็ดลับ 11 ปี แต่รักยังแข็งแรง #goynattydreamchannel
1618	แค่เป็นหัวหน้าเชฟพี่ก็ทำได้ #ปะทะCEO #ก้อยนัตตี้ดรีม #goynattydream #goynattydreamchannel
1619	เพลงฮิตในวันสงกรานต์ที่ต้องเปิด!! #ก้อยนัตตี้ดรีม
1620	บอสสอก น้ำหอม ความสัมพันธ์แบบลื่นล้ม #goynattydreamchannel
1621	พาทัวร์บ้าน Hobbit กับครีเอเตอร์มือใหม่ "แมนนี่"#ก้อยนัตตี้ดรีม #goynattydream #nattynantanat
1622	มาดูกัน ชาวสยาม 100 คน คิดยังไงกับการแก้ไขรัฐธรรมนูญ #goynattydreamchannel
1623	อ่อนโยนและรักครอบครัว#myambulove #มีนดรีม #มีนพีรวิชญ์ #dreamapichaya #ก้อยนัตตี้ดรีม
1624	อย่าปนเรื่อง ”งาน“ กับ ”เรื่องส่วนตัว“ #goynattydreamchannel
1625	10 20 30 40 50 ใครแพ้กิน.. 🤢 #goynattydreamchannel
1626	สเปกบอส-ก้อย ในวัย30 #goynattydreamchannel
1627	ทายาทของบอสสอกและแอมมี่#friendsfly #goynattydream #ก้อยนัตตี้ดรีม
1628	จีบครั้งแรกของอ๊ะอาย 4EVE #goynattydreamchannel
1629	เจสซี่ ยอมเสียโอกาส “เป็นนางเอก” #goynattydreamchannel
1630	เหมือนจะหวาน#Sunflower #ทานตะวัน #Goyarachaporn #GoyNattyDream
1631	รู้ตอนไหน ว่าอีกฝ่ายมีใจให้เรา #goynattydreamchannel
1632	จะเจอมั้ยน้า??? #ล่าปลาวาฬ #มาดากัสการ์ #Friendsfly #ก้อยนัตตี้ดรีม #เฟรนส์ฟราย
1633	จึ้งมากแม่!!🤑 #สรุปค่าใช้จ่าย #มาดากัสการ์ #friendsflyth
1634	โชกุนมีแฟนแล้ว! #goynattydreamchannel
1635	ภูมิใจที่สุดใน 2025 #goynattydreamchannel
1636	เซอร์ไพรส์วันเกิดดรีม ไม่เป็นอย่างที่คิด 😱 #goynattydreamchannel
1637	โมเมนต์ที่วีต้องการคือ "คุกเข่าขอแต่งงาน" #goynattydreamchannel
1638	บทเลือกคน#ก้อยนัตตี้ดรีม #goynattydream #ดาราลัยเดอะมิวสิคัล #DaralaiTheMusical#gobeyondtheatre
1639	มึงมีกึ๋นว่ะ555555 ขำมากเอ็นดู😂🤣 #คารีสา #คารีสาสปริงเก็ตต์ #goynattydream #ก้อยนัตตี้ดรีม
1640	ความรักแบบ GEN Z #goynattydreamchannel
1641	เชื่อพี่เถอะพี่เซียน🤣#goynattydream #ก้อยนัตตี้ดรีม #ชานมไข่มุก
1642	ความสุขของเรามันเกิดได้เพราะเรื่องแค่นี้เอง #มื้อสุดท้ายก่อนตาย #ก้อยนัตตี้ดรีม #โบกี้ไลอ้อน
1643	14ปี ใจตรงกันเว่อร์!!#KTkratae #MyAmbulove #goynattydream #ก้อยนัตตี้ดรีม #โตชิกระแต
1644	องค์ลง! #ตะวันฉาย #ถ้าหนูรับพี่จะรักป่ะ #goynattydream
1645	แข่งทำให้เขิน ภายใน 4 นาที!! #goynattydreamchannel
1646	แนะนำร้านในสเปน! 🤣 ยูทูปทริปสเปนคลิปใหม่มาแล้วนะเตงง ไปดูกันน! #goynattydreamchannel
1647	เมื่อกัน ไม่มีเวลาให้คนรัก!!! #ตะวันฉาย #ถ้าหนูรับพี่จะรักป่ะ #ep120
1648	นุนิววว💖 ขอบคุณนุนิวด้วยนะค้าาา @NuNew ใครร้องได้แล้วรายงานตัว! #ลืมเวลา #GoyArachaporn
1649	🤍 #นัตตี้นันทนัท #OneLastRide #GoyNattyDreamOneLastRide
1650	แก๊งนี้เค้ารักกันแบบโหดๆนะคะ เดี๋ยวรักเดี๋ยวตี 😆 #ก้อยนัตตี้ดรีม #goynattydream #friendsfly
1651	ข้อความจากพี่แบงค์และพี่ป็อป ถึง โจอี้#goynattydreamchannel
1652	นัตตี้-แมน พิชิตยอดเขา Roy's Peak #ก้อยนัตตี้ดรีม
1653	FIRST COLLABORATION‘KFT x GND’One piece. Unlimited useBandana ผ้าเดินป่าอเนกประสงค์NOW AVAILABLE
1654	อุทาหรณ์พ่อบ้านมือใหม่!🤣 #goynattydreamchannel #หกฉากวาเลนไทน์ #เก้าจิรายุ
1655	ความลับ… ที่ไม่ลับอีกต่อไป 🫣 #goynattydreamchannel
1656	ไมค์จ๋าาา ไม่เบาเลยน้าาา😳 #myambulove #ไมค์พิรัชต์ #goynattydreamchannel
1657	เพลงยอดนิยมในร้านเหล้า #goynattydreamchannel
1658	เสียอาการหนักมากเราอ่ะ😳💖 #ไมค์พิรัชต์ #ก้อยอรัชพร #myambulove #goynattydreamchannel
1659	แต่ละเพลงเหมาะเวอร์ #GNDDrunkInLove #goynattydream #ก้อยนัตตี้ดรีม
1660	ถ้าเจอแบบนี้เบ็คกี้จะ อ่อนไหว หรือ เกรี้ยวกราด ??🧐 #BeckyArmstrong #Beckyangels#ก้อยนัตตี้ดรีม
1661	เธอมีพิรุธนะมิย่า!!👀 #มิย่าทองเจือ #ยังไงไหนเล่า #มิย่า #goynattydream
1662	เฟรนฟรายฉองขวบค่าาา🐶🙈 #Friendfly #goynattydream #เฟรนฟราย #สนุก #ก้อยนัตตี้ดรีม #เพื่อน
1663	รักเธอหมดใจ ไอบ้าา😳😳#myambulove #มีนดรีม #มีนพีรวิชญ์ #dreamapichaya #ก้อยนัตตี้ดรีม
1664	สูตรจับมือเจมส์มาร์ #goynattydreamchannel
1665	ถ้าตี๋ใหญ่คนนี้มีแฟน จะเลือกใครก่อน 🤔😍 #goynattydreamchannel
1666	ที่มาของคำว่า ไปเรื่อย😂 #เจแปนภานุพรรณ #goynattydream #อุลภาคภูมิ #นายคอมเมเดียน
1667	เตือน! เรื่องควรรู้ ก่อนไปเซี่ยงไฮ้ #goynattydreamchannel
1668	คนนี้เขาก็แพรวพราวไม่แพ้ใครน้า🤣😳 #ไมค์พิรัชต์ #ก้อยไมค์ #goynattydream #ถ้าหนูรับพี่จะรักป่ะ
1669	Friendsflyส่งใครไปประเทศไหน✈️ #goynattydreamchannel
1670	เมื่อกัน ไม่มีเวลาให้คนรัก!!! #ตะวันฉาย #ถ้าหนูรับพี่จะรักป่ะ #ep120
1671	สนุ๊กตัวแสบ!!😤 #goynattydream #บริษัท #ก้อยนัตตี้ดรีม #2023 #ทีมงาน #แกล้ง #ฉลอง #ครบรอบ #3ปี
1672	มาดากัสการ์ก็ยอมค่าาาา😂 #มาดากัสการ์ #Friendsfly #ระบำ #goynattydream #เฟรนส์ฟราย
1673	เช็คลิสต์สิ่งที่ต้องมีเมื่อไป Hiking #ก้อยนัตตี้ดรีม
1674	เตนล์ก็เคยเป็นเด็กสยามนะครับบ#GoyNattyDreamXTEN #เตนล์ #TENLEE #ก้อยนัตตี้ดรีม #goynattydream
1675	ป้าติ๋ม ตัวตึง!!! #บุกบ้าน #ก้อยอรัชพร #ชุมพวงโคราช #goynattydream
1676	กินอึ่งครั้งแรก 🐸 #goynattydreamchannel
1677	ปัตตานีเป็นยังไงไปดูกันจ้า!😍😍 #ไปค่ะพส #ปัตตานี #ตะลุย #มัสยิด #goynattydream #ก้อยนัตตี้ดรีม
1678	พีค!! แต่งเพลงนี้ให้ลูกต๊อด🎶 #ยังไงไหนเล่า #พีคภัทรศยา #ต๊อดศิณะ #goynattydreamchannel
1679	สู้เขาหญิง!!! เอาให้สะบัดเอวหักไปข้างนึงเลอ! #GoyNattyDreamOneLastRide #goynattydream
1680	พี่เกรทร้องเพลงขนาดนี้จะไม่มาดูละครเวทีเราได้ไง#ก้อยนัตตี้ดรีม#ดาราลัยเดอะมิวสิคัล#DaralaiTheMusical
1681	นนน-มายด์ ใจตรงกันไปอี๊กก #goynattydreamchannel
1682	ทริปถัดไปSouth Africa vs America #goynattydreamchannel
1683	โปรโมทตัวเองแบบสับๆไปเลอ55555🤣🔥#กั้งมินิไซส์ #โสดแล้วนะ #ยังไงไหนเล่า #มือที่3 #goynattydream
1684	วิธีจีบเฌอปรางให้ติด #GoyNattyDreamChannel
1685	ปกป้องตัวเองให้เป็น แล้วปล่อยข้ามมันไปได้ #ยังไงไหนเล่า #BeckyArmstrong #goynattydreamchannel
1686	คลั่งรักแบบ 10/10 #goynattydreamchannel
1687	จริงหรอ! หนังที่มีการถกเถียงกัน หนังจะไม่เจ๊ง! #โต้งบรรจง #goynattydream
1688	มาแชร์ประสบการณ์ วันสงกรานต์กัน!!😳 #goynattydreamchannel #นัตตี้นันทนัท #นัตตี้แมน
1689	นัตตี้ ดรีม ขุดปูครั้งแรก!! #goynattydreamchannel
1690	ศิลปินหญิงในดวงใจ ของ GALCHANIE 🎤💖 #goynattydreamchannel
1691	เมื่อนัตตี้มาบอกแม่ว่าท้องก่อนแต่ง! แม่จะว่าไงบ้าง ไปดู!#ก้อยนัตตี้ดรีม #goynattydreamchannel
1692	เปิดสเปกพลอยหอวังงงงง!!🫣💖#พลอยหอวัง #goynattydream #สเปก #พลอยหอวัง #โอ๊ตปราโมทย์ #พิชญ์กาไชย
1693	ง้อกัน ❌ ตีกัน ✅ #goynattydreamchannel
1694	ชีเสิร์ฟ💗💞💘#Sunflower #ทานตะวัน#goyarachaporn #goynattydream
1695	ฝน-นินิว เพื่อนแท้!! #goynattydreamchannel
1696	ใครคือตัวจริงงง #goynattydreamchannel
1697	Friendsfly ใครอายุจิตเท่าไหร่?#goynattydreamchannel
1698	ดรีมตี้เคยเป็นเด็ก Work & Travel !! #goynattydreamchannel
1699	เฟยเพื่อนรัก ปกป้องแทนแล้วนะ#CarราCarซัง #ตรีนาย #ตรีภรภัทร #นายณภัทร#ก้อยนัตตี้ดรีม
1700	ใครทำเบลล์ แคลร์พร้อมบวก #goynattydreamchannel
1701	ยังไงกันนะ!! สรุปแล้วใครเป็นชู้?🤔 #เจแปนภานุพรรณ #อุลภาคภูมิ #นายคอมเมเดียน #goynattydream
1702	มาป่วนกองตลก 6 ฉาก ด้วยไมค์แบบพิเศษจากใจพวกเรากันค่ะ 😂😂😂💖#ก้อยนัตตี้ดรีม #GoyNattyDream #ตลก6ฉาก
1703	เปิดประสบการณ์ใหม่ มันส์ๆเริ่ดๆเลยล่ะ💃🏻🕺l#goynattydream #ก้อยนัตตี้ดรีม #disneycruiseadventure
1704	มาเต้นกันนน้า #zeedcallingyou #goynattydream #pixxie
1705	เมื่อ “ณัฏฐ์” ชอบ “นัด” แล้วเทนัด #goynattydreamchannel
1706	ยังไม่เชอร์ค่ะ #goynattydreamchannel
1707	เรื่องที่อยากรู้ ของ 3 สาว 👀 #goynattydreamchannel
1708	แกล้งดรีม!!! เซอร์ไพรส์ วันเกิด👻
1709	ถ้าคุณเจอแบบนี้จะไปต่อ หรือ พอแค่นี้??#คุยความรักต่างวัย #ก้อยนัตตี้ดรีม #goynattydream
1710	จะทำยังไงถ้า.. ครอบครัวอีกฝ่ายไม่ยอมรับ #goynattydreamchannel
1711	ทาย “ครีมบลัช” ถูก vs แพง เห็นปุ๊ป รู้เลย !! #gotnattydreamchannel
1712	เรื่องนี้บอกเลยพี่สู้#ก้อยนัตตี้ดรีม #goynattydream #ถูกvsแพง
1713	มีใครให้ไกลกว่านี้อีกมั้ย#GoyNattyDream #ก้อยนัตตี้ดรีม #goynattydreamchannel
1714	ให้อภัยเรื่องนี้ไม่ได้#ปันปันสุทัตตา #punpun_sutatta #ก้อยนัตตี้ดรีม #goynattydream
1715	เมื่อถูกเปรียบเทียบว่า "ไม่สวย" #goynattydreamchannel
1716	ฝากถึง “อิงฟ้า”อยากให้มีความสุข #goynattydreamchannel
1717	ใครเป็นเหมือนเบสท์ สารภาพมา😂😂 #เบสท์คำสิงห์ #ร้องไห้ #beskamsing#ยังไงไหนเล่า #goynattydream
1718	ปลุกแบบนี้ ใครจะไหว!!!! 😳 #goynattydreamchannel
1719	เต้นกับน้องชายค่ะ #goynatttydreamchannel
1720	นี่มันหนังซอมบี้ชัดๆ #friendsfly #ก้อยนัตตี้ดรีม #goynattydream #violettewautier #traintobusan
1721	ศึกบอลสมัยเรียน #goynattydreamchannel
1722	เด็กไม่โกหกหรอก เนาะ💅🏻💅🏻#ก้อยนัตตี้ดรีม #goynattydream
1723	ใครหวานสุดฮร้า🫦 #goynattydreamchannel
1724	ช่วงพ่อบ้านปรับทุกข์ พี่แมน-มีน #goynattydreamchannel
1725	ปลาหมึกแถวบนคือตัวแรร์!!#ก้อยนัตตี้ดรีม #goynattydream
1726	ถ้ามีแฟน จะไร้เรี่ยวแรงทันที😂 #goynattydreamchannel
1727	เพื่อนที่สำคัญที่สุด คือเพื่อนที่ไม่มีประโยชน์ #goynattydreamchannel
1728	จับได้ว่าแฟนเพื่อน มีชู้ จะทำยังไง!!! #เกมจับชู้ #goynattydreamchannel #โต้วาเทย
1729	ให้เด็กมศวพาทัวร์ ต้องได้กินของเด็ด👅🍜#goynattydream #ก้อยนัตตี้ดรีม
1730	เห็นพิมพ์นอนอยู่ข้างๆพี่ก็มีความสุข#Lastsupper #GoyNattyDream #ก้อยนัตตี้ดรีม #พิมพ์พิมพ์มาดา
1731	ดาราสี่ขาบ้านฟลุ๊คกะล่อน 🐶 #goynattydreamchannel
1732	ขอดรีมเมา EP.119 ค่าา😵‍💫🥂 #ก้อยนัตตี้ดรีม #goynattydream #dreamapichaya
1733	โทมัส-ก้อง เจอครั้งแรกไม่ถูกชะตา!! #goynattydreamchannel
1734	เริ่ดเลยล่ะ ซาฟารีเวิลด์สอง🐒#GoyNattyDream #ก้อยนัตตี้ดรีม #goynattydreamchannel
1735	ของขวัญแต่ละชิ้นเรียกได้ว่าคาดไม่ถึงเลยค่า🤣🤣#ลำดับวัดใจ #ราคีTHESTAIN #ก้อยนัตตี้ดรีม
1736	เมื่อก้อยลงทุนเต๊าะชาริล ชัปปุยส์ เป็นภาษาอังกฤษ! แพรวพราวแค่ไหน มาดูค่า #ก้อยนัตตี้ดรีม #ชัปปุยส์
1737	จี๋รุ่นพี่ผมค้าบบ#CarราCarซัง #จี๋สุทธิรักษ์ #จ๋ายไททศมิตร #ก้อยนัตตี้ดรีม #goynattydream
1738	เจ้าขุนโชว์สกิลจีบ แบบเด็กอินเตอร์ #goynattydreamchannel
1739	จุดเริ่มต้นตำนาน #เล็บครับ #goynattydreamchannel
1740	แฟนใหม่น้ำหอม! #goynattydreamchannel
1741	ถ้าซอมบี้บุกใครใน Zomvivorจะตายคนแรก ?? #goynattydreamchannel
1742	เมื่อคนหัวไวต้องมาจีบกัน #goynattydreamchannel
1743	ใจจะตรงกันแค่ไหนนะ🤔#myambulove #โยชิรินรดา #ณณภัทร #goynattydreamchannel
1744	“Choose Me” - GoyNattyDream
1745	สระ เม่น นก เอ๊ะขออีกที#guyharufamily #3ยอดกุมาร #ก้อยนัตตี้ดรีม #goynattydream
1746	วิธีรับมือ สะใภ้สายแซ่บ #goynattydreamchannel
1747	i know i should sleep but #GNDDrunkInLove ยังวนอยู่ในหัวอะ 🥂💞 #ก้อยนัตตี้ดรีม #goynattydream
1748	มีคนหวงน้องค่า🤪💖 #ยังไงไหนเล่า#อิงโกะ #อิงโกะpixxie #มาเบล #พิมมาpixxie
1749	เพื่อนจ๋า อย่าแรงใส่กันได้ไหม🥹 #ลืมเวลา #GoyArachaporn
1750	เต็มใจทำให้ แม้พ่อแม่ไม่ได้ร้องขอ #goynattydreamchannel
1751	ใครเชื่อเรื่อง เสื้อมลคลกันบ้าง #goynattydreamchannel
1752	อย่าแกล้งหนูเลยน้าา🥺#MyAmbulove #ก้อยนัตตี้ดรีม #goynattydream #blejie #เบิ้ลจี่
1753	ข้อดีของการมีวิลเลี่ยมเป็นแฟน ใน 30 วิ #goynattydreamchannel
1754	แกล้งก้อยนัตตี้ดรีม แต่เจอของจริง!!!! #goynattydreamchannel #ก้อยนัตตี้ดรีม
1755	มุมมอง LGBTQ+ บอสอยากให้เรียกว่าอะไร #goynattydreamchannel
1756	Kiss, Marry, Kill ใครก็ได้ในดูมันดิ!! #goynattydreamchannel
1757	พี่มีแฟนยัง #goynattydreamchannel
1758	เลือกเพื่อนใน Bus มาช่วยเถียง #goynattydreamchannel
1759	จากเด็กขี้อาย สู่ตัวแม่ T-POP #goynattydreamchannel
1760	คู่ไหนชนะคะเพื่อนๆ☺️💖#ก้อยนัตตี้ดรีม #goynattydream #vlog
1761	บุคคลที่หลงไหลในปลาตีน#GoyNattyDreamXTEN #เตนล์ #TENLEE #ก้อยนัตตี้ดรีม #goynattydream
1762	เม้าท์เพื่อนซะหน่อย🫢 #แบมแบม #got7 #bambam #ถ้าหนูรักพี่จะรักป่ะ #ก้อยนัตตี้ดรีม
1763	วันนี้มาเป็นพี่สาวค่ะ #goynattydreamchannel
1764	ระดับนายรำมาเอง🕺🕺 #goynattydreamchannel
1765	ขอเลือกทางที่มั่นใจ#LastSupper #phuwintang #ภูวินทร์ตั้งศักดิ์ยืน #ก้อยนัตตี้ดรีม #goynattydream
1766	เคยดื่มเบียร์แทนน้ำ #goynattydreamchannel
1767	เมื่อก้อยนัตตี้ดรีมหัวร้อน!! 💥 https://bewell.ws/3KqZnwd #เก้าอี้สุขภาพ #bewell
1768	มาดูลีลาหัวหน้าแก๊งฟันน้ำนม เขาจะมีมุกจีบแพรวพราวแค่ไหนกันนนน 😂💖🤟🏻🤟🏻🤟🏻 #ก้อยนัตตี้ดรีม
1769	สกิลพูดบอกเลยพี่ถนัด#เทศน์ไมรอน #perthkvsr #คาราคาซัง
1770	คู่นี้ไม่มีใครยอมใคร #ปะทะCEO #goynattydream #ก้อยนัตตี้ดรีม #goynattydreamchannel
1771	โบว์ กัญญารัตน์ กาวใจแจ้บิว พี่ธนิน #goynattydreamchannel
1772	โบกี้จะทำให้พี่ว่านมีความสุขที่สุดในโลก#มื้อสุดท้ายก่อนตาย #goynattydream #โบกี้ไลอ้อน
1773	เทคนิคง้อแฟนให้ได้ผล #goynattydreamchannel
1774	ศึกปะทะหมากเก็บ ไทยเกาหลี ใครจะชนะ!!🇹🇭🇰🇷 #ITZY #goynattydreamchannel #ก้อยนัตตี้ดรีม
1775	ชู้มีพิรุธตรงไหน ไม่มี๊🤣 #เกมจับชู้ #เทพลีลา #goynattydreamchannel
1776	ขอสนใจหน่อยน้า🤧
1777	เบอร์เปลี่ยน ชีวิตเปลี่ยน!! 😵 #goynattydreamchannel
1778	ประเมินทีมงาน❌โดนทีมงานประเมิน✅#goynattydreamchannel
1779	บิว-ธนิน สวีทหวานกลางรายการ ❤️ #goynattydreamchannel
1780	Checklist สเปก GALCHANIE #goynattydreamchannel
1781	เมื่อถามมารีญาว่า อยากเป็นรัฐมนตรีกระทรวงอะไร ได้คำตอบว่าาาา🫢#ก้อยนัตตี้ดรีม #GoyNattyDream #มารีญา
1782	งอนนานๆระวังจะโดนหอมนะ 😝 #goynattydreamchannel
1783	ซาแซงแบบนี้ไม่น่ารักน้าา🙅🏻‍♀️😢#ยังไงไหนเล่า #BeckyArmstrong #goynattydreamchannel #ก้อยนัตตี้ดรีม
1784	ดรีมเมา ep.20 ทำวีเจ็บตัว #goynattydreamchannel
1785	มาดูมุมมองของแต่ละวัยกันเลยยยย😉#ก้อยนัตตี้ดรีม #คิ้มเจนนิเฟ่อร์ #อั๋นภูวนาท #อาไท #มุมมอง
1786	โสดรุ่นพี่อย่างมารีญา มารับน้องก้อยเข้าแก๊งสาวโสดแล้วค่าาา😂💖#ก้อยนัตตี้ดรีม #GoyNattyDream #มารีญา
1787	จริงค่ะ!! #แด๊ดดี้ขยี้เผด็จการ #ศิธา #goynattydream #ก้อยนัตตี้ดรีม #ถ้าหนูรับพี่จะรักป่ะ
1788	รูมเมทที่ญี่ปุ่น 🇯🇵เกือบได้นอนนอกห้อง #goynattydreamchannel
1789	พฤติกรรมซกมก ที่เพื่อนรับไม่ได้ #goynattydreamchannel
1790	Sunflower ฉบับวี วิโอเลต#Sunflower#ทานตะวัน#violettewautier #goyarachaporn #goynattydream
1791	หมดแพชชั่น มีช่วงที่อ่อนแอได้ ร้องไห้ได้ แล้วก็กลับมามีแพชชั่นเหมือนเดิมนะ💪🏻#ต้นหน#goynattydream
1792	#Sunflower #ทานตะวัน#goyarachaporn #goynattydream
1793	ผ่านมาได้เก่งมากเลยค่ะพี่พิมพ์🤍#Lastsupper #GoyNattyDream #ก้อยนัตตี้ดรีม #พิมพ์พิมพ์มาดา
1794	โสดแล้วก็ต้องโสดให้นาน ใช่มั้ย😂🥹 #ยังไงไหนเล่า #คลอดีน #goynattydream #คลอดีนอทิตยา
1795	สาวสวยยืนคนเดียว อยู่ BEAUTRIUM งั้นคงต้องหยิบ BWB ติดมือสักหน่อย ❤️
1796	24 May AD 2025
1797	ทำไมแบมแบมเคยคิดจะออกจากวงการ?? #ถ้าหนูรับพี่จะรักป่ะ#แบมแบม #got7 #bambam #goynattydream
1798	ข้อดีของการมีเอสเป็นแฟน ใน 30 วิ #goynattydreamchannel
1799	สิ่งที่ชีวิตคู่ ไม่ควรมองข้าม! #goynattydreamchannel
1800	“ตอนจบ” ในแบบที่เราเลือกเอง #goynattydreamchannel
1801	"ขนมดอกโดน" ขนมหายาก #goynattydreamchannel
1802	ทริปสเปนที่จำไม่ลืม#ก้อยนัตตี้ดรีม #goynattydream #vlog
1803	กอดๆพี่กั้งนะคะ สวยแซ่บขนาดนี้หาใหม่เลยค้าา🔥🔥#กั้งมินิไซส์ #โดนนอกใจ #ยังไงไหนเล่า #กั้งมินิไซส์
1804	จดหมายฉบับสุดท้าย จากมินนี่ (G)I-DLE #goynattydreamchannel
1805	ไม่ได้ชอบคมเข้ม ชอบขาวตี๋มีหนวด #goynattydreamchannel
1806	I’m just like youuu~~ #goynattydreamchannel
1807	เรื่องผีๆ กับนักแสดงธี่หยด3 #goynattydreamchannel
1808	ฟ้า ษริกา สำหรับ ณัฏฐ์ กิจจริต #goynattydreamchannel
1809	เธอๆ สอนเราโยนบาสหน่อยดิ🏀 #กระทิงมีน #กระทิงขุนณรงค์ #มีนนิชคุณ #ก้อยนัตตี้ดรีม #goynattydream
1810	ทีมงานช่องเซอร์ไพรส์ก้อยนัตตี้ดรีม#goynattydreamchannel #gndouting2025
1811	สเปกบิวกิ้นชอบคนงี่เง่า #goynattydreamchannel
1812	กับช้างก็ไม่ยอมแพ้ค่ะ! #นัตตี้แมน #สวิตเซอร์แลนด์ #goynattydreamchannel
1813	เล่นไปเล่นมา พี่เหว่งมีแววได้นอนนอกบ้าน! ตัดสายแม่ตุ๊กได้ยังไงคะ!!! #ก้อยนัตตี้ดรีม #เทพลีลา
1814	ไม่เคยเจอเวอร์ชั่นนั้นนะครับ#carราcarซัง #สกายนานิ #skynani #ก้อยนัตตี้ดรีม #goynattydream
1815	ถ้าเลือกได้ขอไม่รีบเข้าวงการ #goynattydreamchannel
1816	ไม่มีใครยอมใครกันเลยทีเดียว!😂 #goynattydreamchannel #hermanhisnatty
1817	ผู้ถูกเลือกให้ผิดหวัง~~#ก้อยนัตตี้ดรีม #goynattydream #karnfoei #กานเฟย #ปล่อยกูไป
1818	เป็นแฟนไบร์ท-กลัฟโชคดียังไง #goynattydreamchannel
1819	Bus ที่สุภาพมากสุด vs น้อยสุด #goynattydreamchannel
1820	สำนวนไทยเหล่านี้ เบ็คกี้จะรู้จักมั้ย??#ยังไงไหนเล่า #Beckyangels#goynattydreamchannel
1821	Sense of Humor #goynattydreamchannel
1822	ละครแนวทแยง📱 #ก้อยนัตตี้ดรีม #goynattydream #karnfoei #กานเฟย #ปล่อยกูไป
1823	สามข้อนี้พี่จ๋ายจะตอบถูกกี่ข้ออ#CarราCarซัง #จี๋สุทธิรักษ์ #จ๋ายไททศมิตร #ก้อยนัตตี้ดรีม
1824	รีแคปก้อย ปีที่ผ่านมา #goynattydreamchannel
1825	มันเป็นอดีตไปแล้ว😂😂!! #เจมส์จิ #รักเดียว #ถ้าหนูรับพี่จะรักป่ะ #เจมส์จิรายุ
1826	เม้าท์ บอย ปกรณ์ นักแสดงรุ่นใหญ่! #goynattydreamchannel
1827	โหวต ใครเมะ ใครเคะ กันดีคะคู่นี้👉🏻👈🏻#Sunflower #ทานตะวัน #Goyarachaporn #GoyNattyDream
1828	สาเหตุที่วอร์ไม่ปกป้องหยิ่น #goynattydreamchannel
1829	ชงไม่ขึ้นจริงๆฮะ#คาราคาซัง #กระทิงมีน #tingmeen #ก้อยนัตตี้ดรีม #goynattydream
1830	เมื่ออัดบอสต้องมาทายใจกันและกัน #Sunflower #ทานตะวัน#goyarachaporn #goynattydream
1831	แพชชั่นของดาราสาว#ใบเฟิร์นพิมพ์ชนก #BaifernBah #ก้อยนัตตี้ดรีม #goynattydream
1832	แล้วตอนนี้เบ็คกี้มีใครทำให้ต้องรีบเปิดแชทตอบรึยังน้า 🥰 #BeckyArmstrong #goynattydreamchannel
1833	เก่งมากค่ะอิงโกะ💪🏻💖#คุยความรักต่างวัย #ก้อยนัตตี้ดรีม #goynattydream #ingkho_pixxie
1834	นักแสดงตลกป่ะเนี๊ยยย คุณพ่อ😂 #ก้อยอรัชพร #ชุมพวงโคราช #goynattydreamchannel
1835	มั้นช็อตฟีล!! #goynattydreamchannel
1836	1 นโยบาย เยียวยา “คนอกหัก” 💔😭#goynattydreamchannel
1837	อลันกับเสื้อสุดเสว 🫣 #goynattydreamchannel
1838	เผาสมาชิกวง BUS 🤫 #goynattydreamchannel
1839	Maybe I lost my mind แต่เธอช่วย notice เราหน่อยได้มั้ยอะ 😳💛💙 #JuniorMark #MyAmbulove
1840	งั้นหนูขอไปด้วยได้มั้ยคะพี่ฟ้า🥰💖🫶🏻#ราคีTHESTAIN #ก้อยนัตตี้ดรีม #goynattydream #ลำดับวัดใจ
1841	Behind the scenes วันอัดเพลง “ลืมเวลา” มาแล้วค่าา 🥰💘 #ลืมเวลา #GoyArachaporn
1842	แม่ คือต้นแบบของ โจอี้ ภูวศิษฐ์ #goynattydreamchannel
1843	"แทยัง NCT" กับอาหารอีสาน 🥵😍 #goynattydreamchannel #nct
1844	เห่ยยย นึกว่าจะไม่ตื่น… ที่ไหนได้พร้อมเว่อร์! ⏰🎟 10 AM | 6 #GNDDrunkInLove #goynattydream
1845	ดูคนชนะ!!!🤑#นัตตี้นันทนัท #ดิสนีย์แลนด์ #goynattydreamchannel
1846	มีคนแสบค่าาาา🤪 #นุนิวเด็กแสบของเฮียซี #ซีนุนิว #นุนิว #นุนิวชวรินทร์ #ซีพฤกษ์พานิช #ยังไงไหนเล่า
1847	นัตตี้ขับรถไม่เป็นจะขับ ATV รอดไหม #goynattydreamchannel
1848	จับอึ่งก็เหมือน จับลาบูบู้ 🫣 #goynattydreamchannel
1849	เกือบโรแมนติกแต่.... #goynattydreamchannel
1850	กว่าจะมาเป็น มิว-ตุลย์ 🫣💖 #goynattydreamchannel
1851	คำถามสำหรับคนมีคู่ #goynattydreamchannel
1852	ข้อความจาก “ก้อยตี้ดรีม ถึง วี วิโอเลต”#goynattydreamchannel
1853	#ก้อยอ่าน มาแนะนำหนังสือพัฒนาจิตใจค่า#ก้อยอรัชพร #ก้อยนัตตี้ดรีม #goynattydream
1854	โทรขอโทษแฟนเก่าทุกคน #goynattydreamchannel
1855	ความสุขของคนวัย30 #goynattydreamchannel
1856	กรทำโชกุนหงุดหงิดกลางรายการ #goynattydreamchannel
1857	จั๊มพ์จีบอ๊ะอายกลางรายการ! #goynattydreamchannel
1858	#จิ้นจก ก้อย-ดรีม คู่จิ้นประจำช่อง #ก้อยนัตตี้ดรีม ใครขิ้นคู่นี่บ้างค้า 🤣🤣🤣 #goynattydream
1859	หนัง 2 เรื่องของทิม พิธา #goynattydreamchannel
1860	ถ้า เก้า - เจนเย่ เป็นขนมหวาน #goynattydreamchannel
1861	เราน่าจะเกิดเป็นลูกคนเดียว #goynattydreamchannel
1862	ไม่ชอบครับแม่🤣#LastSupper #phuwintang #ภูวินทร์ตั้งศักดิ์ยืน #ก้อยนัตตี้ดรีม #goynattydream
1863	หนุ่มนอกจีบกันแบบนี้! #GoyNattyDreamChannel
1864	ชิลชิลคือความสุขของดรีม!🥺🐶 #goynattydreamchannel #ดรีมอภิชญา
1865	คู่ซี้ ที่เป็นคำตอบกันและกัน #goynattydreamchannel
1866	สามข้อวัดความรู้ใจ#โอ๊ตปราโมทย์#ป๊อบปองกูล #CarราCarซัง#goynattydream #ก้อยนัตตี้ดรีม
1867	โทมัส ปล่อยโป๊ะกลางรายการ! #goynattydreamchannel
1868	จากใจคนที่แต่งงานแล้ว #goynattydreamchannel
1869	ลีน่า - หมิว คู่ที่เนียนทีสุดในAmbulove #goynattydreamchannel
1870	ไม่มีแฟนไม่เป็นไร แต่….. 😵‍💫 #ยังไงไหนเล่า #ต้นหอมศกุนตลา #goynattydreamchannel
1871	แล้วแพ้ทางมั้ยค้า เอ้ย ไม่ใช่ๆๆ🙈🙈#CarราCarซัง #ตรีนาย #ตรีภรภัทร #นายณภัทร#ก้อยนัตตี้ดรีม
1872	ศึกระหว่าง แมนยู VS ลิเวอร์พูล 🔥 #goynattydreamchannel
1873	บิวกิ้น กับ พีพี ❌ ลิ้นกับฟัน ✅ #goynattydreamchannel
1874	โตขึ้นก็เคารพกันมากขึ้น#CarราCarซัง #ก้อยนัตตี้ดรีม #urboytj #gavind #goynattydream
1875	คิดยังไงกับคำว่า "แต่งงาน" #goynattydreamchannel
1876	เคล็ดลับปรับจูนความสัมพันธ์ของอนันดา-ณัฐ กว่าจะมาถึงวันนี้! 💖#ก้อยนัตตี้ดรีม #อนันดา
1877	ฟักทองโอเวอร์โหลด🤣#แดงไบเล่ย์ #จี๋สุทธิรักษ์ #ก้อยนัตตี้ดรีม #goynattydream #geesutthirak
1878	แล้วพี่ชอบหมาเด็กหรือหมีทะเล้นครับ#คาราคาซัง #กระทิงมีน #tingmeen #ก้อยนัตตี้ดรีม #goynattydream
1879	ถ้าวันนี้ต้องตาย "ก็ไม่เสียดาย" #goynattydreamchannel
1880	ขี้หึงแล้วขี้อ้อนมากจริงรึเปล่า?🫣#เจมส์พาย #เจมส์มาร์ #goynattydream #jamesma #ถ้าหนูรับพี่จะรักป่ะ
1881	ช่างแต่งน้า EP.5 ช่างพี่เกรซ มาช่วยแต่งหน้าในลุคของ“คลั่งรักไม่พักเลย”#เกรซกาญจน์เกล้า #ช่างแต่งน้า
1882	ขอ 1 คำ ให้ไทยแลนด์ 🇹🇭 #goynattydreamchannel #ก้อยนัตตี้ดรีม #kissoflife
1883	ปฐมพยาบาลกับคุณกาน#ก้อยนัตตี้ดรีม #goynattydream
1884	เมื่อพนักงานต้องมาประเมินช่องตัวเอง#ก้อยนัตตี้ดรีม #goynattydream #ปะทะCEO
1885	น้ำหอมนาราดา โสดแล้วนะ!! #น้ําหอมนาราดา #friendsflyth #ep19 #เฉพาะกิจ3 #goynattydream
1886	ถ้าอายุ 25 วงยังไม่ดัง จะเลิกทำ! #goynattydreamchannel
1887	ใส่ใจกันมากคู่นี้😚👉🏻👈🏻#ก้อยอรัชพร #ก้อยนัตตี้ดรีม #goynattydream #โอบปราง
1888	ไหนใครมีน้องหมา ลองติดต่อ “ครูพี่วิน” ไปฝึกได้นะคะ เซียนมากกกกก 🐶✨✨✨#ก้อยนัตตี้ดรีม #วินเมธวิน
1889	ใครไปอินเดียแนะนำให้จ้างไกด์ #goynattydreamchannel
1890	เมื่อทีมสาวโสดก้อย-มารีญา ปะทะทีมคนมีคู่นัตตี้-ดรีม ไหนใครเห็นด้วย มาแชร์กันหน่อย 🥳#ก้อยนัตตี้ดรีม
1891	พี่ว่านผู้ช่วยชีวิต รักเยย🫶🏻💖#ก้อยนัตตี้ดรีม #goynattydream
1892	แม่ๆอยากบอกอะไร หลังลูกไปมีชีวิตคู่ #GoyNattyDreamChannel
1893	ห้าแบงค์แดงเที่ยวได้จริง..หรือจ้อจี้ ตอนจบรู้เลย 🙊💸 #ก้อยนัตตี้ดรีม #friendsflyth
1894	ความสัมพันธ์แบบนี้ ควรไปต่อ หรือ พอแค่นี้?#goynattydreamchannel
1895	ศึกทายใจของสองหนุ่ม ใครจะเดาใจเก่งกว่ากัน #ก้อยนัตตี้ดรีม #goynattydream#karnfoei #กานเฟย #ปล่อยกูไป
1896	“ลืมเวลา” | OFFICIAL TEASER Goy Arachaporn
1897	ชาว 6 ฉาก กินคลีนไหม #goynattydreamchannel
1898	อรุณสวัสดิ์ เช้าแล้วอย่าลืมตื่นกันนะคะ #ลืมเวลา #GoyArachaporn #เพลงดังtiktok
1899	อัพเดตชีวิตแต่ละคน!🙌🏻🙌🏻 #Friendfly #อัพเดตชีวิต #ก้อยนัตตี้ดรีม #goynattydream #เพื่อน
1900	บางนามีมีน🫣🫣 #ก้อยนัตตี้ดรีม #goynattydream #goynattydreamchannel
1901	ส่อง Top 5 นักบอลในดวงใจของชาริล ชัปปุยส์! ไหนใครชอบเหมือนกันบ้างงง💖✨ #ก้อยนัตตี้ดรีม #ชัปปุยส์
1902	ข้างๆเธอไปอย่างนี้ ให้หัวใจรู้สึกดี🌻#GNDDrunkInLove #ทานตะวัน #Goyarachaporn #Sunflower
1903	บุกบ้าน ก้อย อรัชพร!!! #ก้อยอรัชพร #ก้อยนัตตี้ดรีม #goynattydream
1904	ภูสอยดาว vs ลำคลองงู #ก้อยนัตตี้ดรีม #goynattydream #karnfoei #กานเฟย #ปล่อยกูไป
1905	คำพูดนี้ที่แอบหนาว#MyAmbulove #KengNamping #เก่งน้ำปิง #ก้อยนัตตี้ดรีม #goynattydream
1906	อวยพรจนนัตตี้ร้องไห้! 🎂🥹#goynattydreamchannel
1907	จุดเปลี่ยนความคิดเด็กเกเร #goynattydreamchannel
1908	ขอไปเติมป่าด้วยรถอีแต๊ก #goynattydreamchannel
1909	ชอบใครก็จะแอบมอง แหนะๆ🫣🔥 #นุนิว #ยังไงไหนเล่า #นุนิวซี #นุนิวชวรินทร์ #ซีพฤกษ์พานิช #ซีนุนิว
1910	โมเมนต์ขอแต่งงานบนยอดเขา #goynattydreamchannel
1911	เราก็เท่ซะด้วยอะ😎😎#MyAmbuloveXJuniorMark #GoyNattyDream #ก้อยนัตตี้ดรีม #junniorrs #markjrtn
1912	ปัตตานีไม่ได้น่ากลัวอย่างที่คิด?!🤔 #ไปค่ะพส #ก้อยนัตตี้ดรีม #goynattydream #ตะลุย #ปัตตานี
1913	เลือกมีแฟนเป็นแกได้ปะ?! 😳 #goynattydreamchannel
1914	หรอ🤨 หรอ🥰#ลำดับวัดใจ #ราคีTHESTAIN #ก้อยนัตตี้ดรีม #goynattydream
1915	ยังค่ะ ยังไม่พร้อม ขออนุญาต Disconnect 🤣 #ก้อยนัตตี้ดรีม #goynattydream #Hyrox
1916	ไอ่เราก็เป็นคนเม้าแฟ่ดซะด้วยสิ 😂 #goynattydreamchannel
1917	แกล้งเพราะชอบปะคะๆ #โมแพร #MyAmbulove #ก้อยนัตตี้ดรีม #goynattydream
1918	งานนี้บอกเลยมีน้ำตา!! #GNDDrunkInLove #goynattydream #ก้อยนัตตี้ดรีม
1919	เรียนรู้ไปพร้อมกันนะ #carราcarซัง #สกายนานิ #skynani #ก้อยนัตตี้ดรีม #goynattydream
1920	ขบวนการแก๊งแมวเหมียว 🐱 #goynattydreamchannel
1921	ข้อความจากน้องสาวถึง นนน #goynattydreamchannel
1922	เพลงโปรดของคู่นี้ #goynattydreamchannel
1923	เจอกันครั้งแรก - สงกรานต์ มายด์ #goynattydreamchannel
1924	ก็น่ารักจริงๆ💖💘#bambambaipor#GoyNattyDream #ก้อยนัตตี้ดรีม #bbaiporuary #doublebamm
1925	ชัปปุยส์ก็เคยเป็นติ่งซีรีส์ฮอร์โมนส์! เป็นวัยใสซื้อสไปรท์เหมือนกัน 😂😂😂#ก้อยนัตตี้ดรีม #ชัปปุยส์
1926	Character ประจำตัว#carราcarซัง #สกายนานิ #skynani #ก้อยนัตตี้ดรีม #goynattydream
1927	อยากใช้เวลากับครอบครัวให้มากที่สุด #goynattydreamchannel
1928	คู่หู Big guy มาแล้วคร้าบบบ#CarราCarซัง #ก้อยนัตตี้ดรีม #goynattydream #เตตะวัน #ต้าห์อู๋
1929	พี่ต้าปั้นบัวลอยเพื่อนัตตี้#ก้อยนัตตี้ดรีม #goynattydream #vlog
1930	นํ้าจิ้มคลีน สูตรมีนดรีม #goynattydreamchannel
1931	จุฬาเดทที่ไหนน้ออ🤭#bambambaipor#GoyNattyDream #ก้อยนัตตี้ดรีม #bbaiporuary #doublebamm
1932	เซียมซี สุ่มเครื่องดื่ม #goynattydreamchannel
1933	โสเภณีอายุ 70 ค่าบริการ 300 บาท #goynattydreamchannel
1934	ต่อไปไม่เรียกพี่ละเรียกแฟน 😳 #goynattydreamchannel
1935	ชอบคนนี้จีบยังไง เจมส์จิพูดไปปป! #เจมส์จิ #ชอบ #จีบยังไง #ถ้าหนูรับพี่จะรักป่ะ #ก้อยนัตตี้ดรีม
1936	Sunflower (ทานตะวัน)🌻— Goy Arachaporn18.04.26 | 6 P.M. #Sunflower #ทานตะวัน #Goyarachaporn
1937	ขอเป็นแฟนได้ไหม 🫣 #goynattydreamchannel
1938	ถ้าหนูรับแล้วพี่จะรักปะ produced by Paper Planes จะออกมาเป็นยังไง #ก้อยนัตตี้ดรีม
1939	เมา=กินข้าวเหนียว!😂 #ยังไงไหนเล่า #พีคภัทรศยา #goynattydreamchannel
1940	เป็นกำลังใจให้ธามไทนะคะ #goynattydream #ก้อยนัตตี้ดรีม #ถ้าหนูรับพี่จะรักป่ะ #ธามไท
1941	การเป็นนักแสดงอย่างเดียวยังเป็นอาชีพไม่ได้ #goynattydreamchannel
1942	เด็กก็น่ารักใช่มั้ยคะพี่แบมม🥰#bambambaipor#GoyNattyDream #ก้อยนัตตี้ดรีม #bbaiporuary #doublebamm
1943	พวกเธอแอบกอดกัน ชั้นเห็นนะ!!🤭💖 #แทนญดา #tanyda #goynattydream#ก้อยนัตตี้ดรีม
1944	พี่น้องบ้านนี้เป็นห่วงอะไรกันบ้าง #goynattydreamchannel
1945	เสียง80เท่านั้น😅 #ยังไงไหนเล่า #goynattydreamchannel #นนท์อินทนนท์ #ก้อยนัตตี้ดรีม
1946	1คนดัง เปลี่ยนชีวิตทั้งครอบครัว #goynattydreamchannel
1947	ไบร์ท-กลัฟ จะเลือกใครก่อนน้า🤔❔ #เลือกฉันก่อนเธอ #goynattydreamchannel
1948	ตะลุยกินย่านพาหุรัด 😋 #goynattydreamchannel
1949	เจอนักเรียนน่ารักแบบนี้ ครูไบเบิ้ลจะดุม๊ายยย!#goynattydream #ถ้าหนูรับพี่จะรักป่ะ #ไบเบิ้ลวิชญ์ภาส
1950	วุ้นเส้นไม่หวังแต่งงานอีกแล้ว #goynattydreamchannel
1951	แก๊ง #friendsfly เล่นเกมตีหัว ใครจะเนียนที่สุด #goynattydream #ก้อยนัตตี้ดรีม #violettewautier
1952	เจมส์จิตอบยังไงให้ยังน่ารัก😳😳💖🫰🏻 #เจมส์จิ #เจมส์จิรายุ #ก้อยนัตตี้ดรีม #goynattydream
1953	แม่แอฟว่ายังไง ปีใหม่อยากมีน้อง🫣#แม่แอฟ #แอฟทักษอร #น้องปีใหม่ลูกแม่แอฟ#ยังไงไหนเล่า #goynattydream
1954	ฉายาสุดยาวของ 2 สาว หลิง-ออม #goynattydreamchannel
1955	งอนแล้วนะ งอนแล้วนะ เธอไม่มาง้อกันซักที~#ใบเฟิร์นพิมพ์ชนก #BaifernBah #ก้อยนัตตี้ดรีม #goynattydream
1956	บอกเลย มองคนผิดไป! #goynattydreamchannel
1957	คนที่ใช่จะมาในเวลาที่ใช่ #goynattydreamchannel
1958	pov หรือเรื่องจริงกันน้าา🫣🫣#ออเล้ง #AugustLeng #ก้อยนัตตี้ดรีม #goynattydream
1959	เหตุผลการเป็นนักร้อง = ลบดราม่าตอนอายุ15 #goynattydreamchannel
1960	ป เปล่า กลัวนะครับบ🥶😨 #ก้อยนัตตี้ดรีม #goynattydream #เจ้านายจินเจษฏ์ #JAONAAY
1961	เห็นเงียบๆแบบนี้ สเตปผมไม่ธรรมดานะครับ #เทศน์ไมรอน #perthkvsr #คาราคาซัง #ก้อยนัตตี้ดรีม
1962	ร้อยคนทัก รักหมดเลย #goynattydreamchannel
1963	โยเกิร์ตบาร์คสูตรนัตตี้ 😋 #goynattydreamchannel
1964	แด๊ดดี้สายฟาดมาเอง อิอิ!! #รถไฟฟ้า #แด๊ดดี้ขยี้เผด็จการ #ศิธา #แด๊ดดี้สายฟาด #ก้อยนัตตี้ดรีม
1965	ที่รักคะ ที่รักขาา💕💕 #Friendsflyth #วาเลนไทน์ #goynattydream #ก้อยนัตตี้ดรีม
1966	แข่งทำอาหารแบบห้ามใช้เสียง!!! #goynattydreamchannel
1967	ถามเร็วตอบเร็วกับหมอฟรัง#ก้อยนัตตี้ดรีม #goynattydream #Hyrox
1968	เมื่อท็อปแท็ปโดนหลอก ก็เลยเต็มปากเต็มคำ😂 #ท็อปแท็ป #ถ้าหนูรับพี่จะรักป่ะ #goynattydream
1969	ประสบการณ์เกิดหลุมอากาศบนเครื่อง #ก้อยนัตตี้ดรีม
1970	งานที่รักหรือสังคมที่ดี#ก้อยนัตตี้ดรีม #goynattydream #ปะทะCEO
1971	จริงๆแล้วบอสสอกแค่เล่นมุก5555555 #บอสสอก #ใบ้คํา#ยังไงไหนเล่า #pixxie #ก้อยนัตตี้ดรีม
1972	วี วิโอเลต DIY ชุดจาก กกน กระดาษ 🤩😂 #goynattydreamchannel
1973	สิ่งทีเยียวยาวันเมนส์มา #goynattydreamchannel
1974	ขอเป็นที่แรกที่ได้รู้ความลับได้มั้ยจ้ะ👀#carราcarซัง #สกายนานิ #skynani #ก้อยนัตตี้ดรีม
1975	ที่พูดมาก็ถูก!!55555#bambambaipor#GoyNattyDream #ก้อยนัตตี้ดรีม #bbaiporuary #doublebamm
1976	อุ๊ยย ใจตรงกันเว่อร์#โมแพร #MyAmbulove #ก้อยนัตตี้ดรีม #goynattydream
1977	เลือก 1 สถานที่เดต❣️🎇 #goynattydreamchannel
1978	มางเลือกพี่จั๋งเป็น พระเอก MV เองค่ะ 👉🏻👈🏻 #goynattydreamchannel
1979	จะผ่านไปกี่ปี ก็ยังเหมือนเดิม 💖💖 #goynattydreamchannel
1980	เรื่องกล้วยๆ 🍌ทีมปอกเปลือก vs ทีมไม่ปอกเปลือก #goynattydreamchannel
1981	จากใจคนเคยโดนนอกใจ #goynattydreamchannel
1982	กระสัง First Time 🍋‍🟩 #goynattydreamchannel
1983	กรรเชียงก็มีฟรีสไตล์ก็มา แล้วมีท่าผีเสื้อมั้ยจ๊ะ#GoyNattyDream #ก้อยนัตตี้ดรีม #goynattydreamchannel
1984	แก๊งนี้ ชอบเดินแบบ #goynattydreamchannel
1985	จะได้กี่คะแนนน้าา??🤨#MyAmbulove #ออเล้ง #AugustLeng #ก้อยนัตตี้ดรีม #goynattydream
1986	คุณแม่ว่ายังไงบ้างค้าา#goynattydream #ก้อยนัตตี้ดรีม #วันแม่
1987	กอดน๊าาาพี่แกรนด์❤️‍🩹 #แกรนด์thestar #ศัลยกรรม #เกรซแกรนด์ #แกรนด์thestar #แกรนด์เกรซ
1988	ไม่เลี้ยงหมา = 😂 #goynattydreamchannel
1989	คนทรงแบ้ดๆนี่เขาแบ้ดกันจริงมั้ย? มาฟังมุมความรักของหัวหน้าแก๊งสุดแบ้ดกันค่า🥹🤟🏻😈#ก้อยนัตตี้ดรีม
1990	“ลืมเวลา” - Goy Arachaporn OFFICIAL MUSIC VIDEO OUT NOW!
1991	ใครจะอยู่หรือไป ชีวิตเราต้องดีเหมือนเดิม #goynattydreamchannel
1992	🥹#gndonelastride #goynattydreamfanmeet #ก้อยนัตตี้ดรีม #ก้อยอรัชพร #นัตตี้นันทนัท #ดรีมอภิชญา
1993	ดู CarราCarซัง Ep.19 กันรึยังครับบ🥊 #CarราCarซัง #อเล็กซ์จีซัง #DICE#ก้อยนัตตี้ดรีม #goynattydream
1994	ถามเร็วตอบเร็วในหกฉาก!! #หกฉากครับจารย์ #goynattydreamchannel #ถามเร็วตอบเร็ว
1995	แจ้มีโบว์เป็นน้องสาวแค่คนเดียว #goynattydreamchannel
1996	จากใจคนเคยเจ้าชู้มาก่อน #goynattydreamchannel
1997	อย่ารอให้ถึงวันที่ไม่มีโอกาสอีกแล้ว #goynattydreamchannel
1998	ถ้ากรมีพีพีเป็นแฟน กรจะภูมิใจ #goynattydreamchannel
1999	เปิดใจเคลียร์?!!! #กอล์ฟไมค์ #กอล์ฟพิชญะ #ไมค์พิรัชต์ #ถ้าหนูรับพี่จะรักป่ะ #goynattydream
2000	#ต้นหนแพรว 🫣 #goynattydreamchannel
2001	กอดกันมั้ย!! #ยังไงไหนเล่า #นนท์อินทนนท์ #goynattydream #goynattydreamchannel
2002	ไบเบิ้ลลลลล🥹 #ไบเบิ้ลวิชญ์ภาส #ไบเบิ้ล #ถ้าหนูรับพี่จะรักป่ะxไบเบิ้ล #goynattydream
2003	รู้จักมา 10 ปี พีพีชอบอะไรบิวกิ้น #goynattydreamchannel
2004	ประสบการณ์ที่ท้าทายตัวเอง#มื้อสุดท้ายก่อนตาย #ณเดชน์ #ณเดชน์คูกิมิยะ #ก้อยนัตตี้ดรีม #goynattydream
2005	ความสัมพันธ์พ่อลูก ต่อกับพี่ย้ง #goynattydreamchannel
2006	5 July AD 2024
2007	ฉันไม่เคย one night stand! มาดูกันว่าใครจะกินบ้าง #เอิ้กชาลิสา #นัทนิสา #มิ้วกี้ไปรยา #goynattydream
2008	เกรทจะจีบเองเต้ยเอง! #goynattydreamchannel
2009	ครั้งแรก!! เปิดออฟฟิศใหม่ก้อยนัตตี้ดรีม #goynattydreamchannel #ก้อยอรัชพร #นัตตี้นันทนัท #ดรีมอภิชญา
2010	นัตตี้กับพี่แมน แว้นตุ๊กตุ๊กไปเดทที่เยาวราช! แอบบอกต่อร้านลับสำหรับวาเลนไทน์นี้ด้วย #ก้อยนัตตี้ดรีม
2011	mvp ในแต่ละด้านจะเป็นใคร!?!#ก้อยนัตตี้ดรีม #goynattydream #karnfoei #กานเฟย #ปล่อยกูไป
2012	แอบคิดไม่ซื่อตั้งแต่ตอนไหนคะ?!?!#คุยความรักต่างวัย #ก้อยนัตตี้ดรีม #goynattydream
2013	วีเจวุ้นเส้น ใครเห็นก็ว่าแซ่บ 🔥 #goynattydreamchannel
2014	Master Class วันนี้ = ชีเสิร์ฟ(ถาด) 😂 #goynattydreamchannel
2015	พรุ่งนี้เลือกตั้งแล้ว เตรียมตัวให้พร้อม!⏰ 8.00–17.00 น. ไปใช้สิทธิ์กันนะค้าา
2016	คลอดีน ชื่นชอบคนที่ทัศนคติ🥰! #ยังไงไหนเล่า #คลอดีน #นาดาว #ฮอร์โมน #คลอดีนอทิตยา #goynattydream
2017	เมื่อลองให้บิวกิ้น พีพี หวานโชว์ #goynattydreamchannel
2018	ดรีมจะแต่งงานเมื่อไหร่นะ 🤭 #goynattydreamchannel
2019	เทศน์คนเท่ห์💖#เทศน์ไมรอน #perthkvsr #คาราคาซัง#goynattydream #ก้อยนัตตี้ดรีม
2020	ขอบคุณ Sponsor ทุกท่านที่มาร่วมเดินทางไปสู่ The New Chapter กับเรานะคะ #GNDOneLastRide
2021	บทเลือกคน#ก้อยนัตตี้ดรีม #goynattydream#ดาราลัยเดอะมิวสิคัล#DaralaiTheMusical#gobeyondtheatre
2022	ขอมาเติมความหล่อให้กับวงนะคร้าบบ😎#CarราCarซัง #ก้อยนัตตี้ดรีม #urboytj #gavind #goynattydream
2023	ตอบกลับคอมเมนต์ “เชียร์ชอบผู้หญิงตั้งนานแล้ว” #goynattydreamchannel
2024	หอยนางรม ที่สุราษฎร์ เด็ดจริงไหม!!! #goynattydreamchannel
2025	ใครเขินสารภาพมา!🫣😳 #เจมส์มาร์ #เจมส์พาย #ถ้าหนูรับ #ถ้าหนูรับพี่จะรักป่ะ
2026	20 ธันวาคม 2568
2027	20 ธันวาคม 2568
2028	ดินเนอร์กลางป่า ท่ามกลางฝูงตั๊กแตน #goynattydreamchannel
2029	เข้าใกล้ความตายครั้งแรกในชีวิต #goynattydreamchannel
2030	พีเจ = บ้าบิ่นในชีวิตจริง #goynattydreamchannel
2031	I know what you want 🤧💋 #ก้อยนัตตี้ดรีม #goynattydreamchannel
2032	ว่าน&ป๊อบ กับรักครั้งนี้ #goynattydreamchannel
2033	บิวกิ้น พีพี อยากแต่งงานที่ไหน #goynattydreamchannel
2034	ถ้ารู้สึกว่าโซเชียลทำร้ายเราให้ลองทำสิ่งนี้! #goynattydreamchannel
2035	June 4, 2023
2036	ความรักคือ... #goynattydreamchannel
2037	แต่งตัว ธีมหนังดัง🎬🍿#goynattydreamchannel #GNDOuting2025
2038	ยิ้มแก้มแตกกกกก😳 #myambulove #goynattydreamchannel #โยชิรินรดา #ณณภัทร
2039	ใครจะแต่งงานคนต่อไป ในแก๊ง Friendsfly #goynattydreamchannel
2040	มิตรภาพครับโบร๋🤭💖 #CarราCarซัง #ตรีนาย #ตรีภรภัทร #นายณภัทร#ก้อยนัตตี้ดรีม
2041	คู่นี้ทำไมทดสอบกันแปลกๆนะ#uppoompat #poompps #UpPoom #goynattydream #ก้อยนัตตี้ดรีม
2042	ความสัมพันธ์คงไม่เหมือนเดิม#คุยความรักต่างวัย #ก้อยนัตตี้ดรีม #goynattydream
2043	มีคนเลทค่า!!! #มิ้วกี้ไปรยา #เอิ้กชาลิสา #นัทนิสา #ก้อยนัตตี้ดรีม
2044	น้องพอใจของทุกคน#Lastsupper #GoyNattyDream #ก้อยนัตตี้ดรีม #พิมพ์พิมพ์มาดา
2045	ข้อความถึงตัวเอง "ในทุกช่วงเวลาของชีวิต" #goynattydreamchannel
2046	น่ารักมากก #ก้อยนัตตี้ดรีม #goynattydream #ยังไงไหนเล่า #วีbnk48 #เฌอปราง #bnk48
2047	ปีหน้าเดี๋ยวมาอีกก #ก้อยนัตตี้ดรีม #goynattydreamchannel #goynattydream #disneycruiseadventure
2048	ครั้งแรกในชีวิต!!! เมื่อก้อยต้องโบกรถคนแปลกหน้าเพื่อไปบีทีเอส จะมีคนรับมั้ย?😭🙏🏻#ก้อยนัตตี้ดรีม
2049	นิเทศจุฬา ศูนย์รวม BUS #goynattydreamchannel
2050	สงกรานต์ขอระบาย 😝 #goynattydreamchannel
2051	ปีนี้ ก้อยจะฝึกปล่อยใจ! #goynattydreamchannel
2052	ทดสอบความรู้ใจของเพื่อนรักในกลุ่ม ลองเอาไปเล่นตามกันค่ะะะ 😂😂😂#ก้อยนัตตี้ดรีม #friendsfly
2053	run to me ~ 🏃‍♂️💨 #goynattydreamchannel
2054	ใครทายผิด จะตามถึงบ้าน #ปรนัย #ว่านธนกฤต #ป็อปปองกูล #คาราคาซังว่านป็อป
2055	GOYNATTYDREAM ONE LAST RIDE Fan Meeting 💖 จองบัตรได้ที่ The Concert ในวันที่ 12 ก.ค.นี้ แล้วเจอกัน!
2056	อดีตเด็กเกเร ดรอปเรียนไม่บอกพ่อแม่ #goynattydreamchannel
2057	ลูกคิดว่ารับมือไหวมั้ย🤣🤣#โอ๊ตปราโมทย์#ป๊อบปองกูล #CarราCarซัง#goynattydream #ก้อยนัตตี้ดรีม
2058	รีวิวโรงแรมน่ากลัวกว่าที่คิด #goynattydreamchannel
2059	ทำไมอยู่ดีๆโดนหลอกใช้มาซักผ้าคะเนี่ย#ก้อยนัตตี้ดรีม #goynattydream
2060	มันบ่แซ่บเท่าตำกินเองใช่มั้ยล่ะ แบมแบม!😂 #แบมแบม #got7 #bambam #ถ้าหนูรับพี่จะรักป่ะ
2061	รวมร้านเด็ด!! ตลาดศาลเจ้า #goynattydreamchannel
2062	เต๋อต้นหนโชว์เสียว กลางรายการ!!! 🔥 #goynattydreamchannel
2063	สิ่งที่เจอในชีวิตคู่ แบบไม่รู้ตัว #goynattydreamchannel
2064	28 ตุลาคม 2568
2065	เที่ยวญี่ปุ่นช่วงปีใหม่ = ร้านปิด #goynattydreamchannel
2066	ครีเอทีฟ เขาครีเอทแม้กระทั่งชุด🕺🏻#goynattydreamchannel
2067	หน้าตาดีเป็นเหตุ #goynattydreamchannel
2068	ชาวช่องหน้าเหมือนสัตว์อะไร#ก้อยนัตตี้ดรีม #goynattydream #ปะทะCEO
2069	แทยง ตำส้มตำอร่อยมมากก!!! 😋🌟 #goynattydreamchannel #nct
2070	ยุคพี่ขอเน้นร้องเพลง#Lastsupper #GoyNattyDream #ก้อยนัตตี้ดรีม #พิมพ์พิมพ์มาดา
2071	เทปนี้มีนำตา #ก้อยนัตตี้ดรีม #goynattydream #friendsfly #friendsflyth
2072	ใครๆก็ต้องมีขาลงในชีวิต อย่างพี่เติ๊ดก็เป็นทาง “ตอบไม่ทันคำถาม” 😂😂😂#ก้อยนัตตี้ดรีม #เทพลีลา
2073	เมนร้อง vs เมนแดนซ์ #goynattydreamchannel
2074	น้องโรบัสต้ากีบน้องอาราบิก้า🐶☕️#ก้อยนัตตี้ดรีม #GoyNattyDream #dreamapichaya
2075	มันยังไงสิ้ๆ ตอนนั้นทำยังไงไหนบอกหน่อยยย🥹💖#ก้อยนัตตี้ดรีม #goynattydreamchannel #ffk #kamikaze
2076	เทย์เลอร์ สวิฟต์💖💖 #วีวิโอเลต #friendsflyth #goynattydreamchannel
2077	ชอบกันขนาดนี้ เป็นแฟนกันเลยมั้ยล่ะ👉🏻👈🏻#MyAmbuloveXJuniorMark #GoyNattyDream #ก้อยนัตตี้ดรีม
2078	พักใจภูเก็ต2เดื๊อนนนน!😵‍💫 #พักใจ #คลอดีน #ยังไงไหนเล่า #ก้อยนัตตี้ดรีม #goynattydream
2079	15 พฤศจิกายน 2568
2080	ผมไม่ใช่คนอร่อยง่ายนะ... 🤭🤪 #goynattydreamchannel #nct
2081	โสด VS มีแฟน แบบไหนมีความสุขกว่า? #goynattydreamchannel
2082	'โคจรด้วยรัก" - Goy Arachaporn l MUSIC VIDEO OUT NOW!
2083	ดรีมอ่านความในใจ จากแก๊ง Friendsfly #goynattydreamchannel
2084	คลาสสิกครับเพื่อน#คาราคาซัง #กระทิงมีน #tingmeen #ก้อยนัตตี้ดรีม #goynattydream
2085	บรรยากาศเบื้องหลังกองถ่าย “Choose me” 🔥🎥
2086	หนังผียอดนิยม #goynattydreamchannel
2087	เลิกกันแล้ว แต่ยังต้องอยู่เพื่อลูก #goynattydreamchannel
2088	รถจะแตกมั้ยคะนี่🤣🤣#CarราCarซัง #ก้อยนัตตี้ดรีม #goynattydream #เตตะวัน #ต้าห์อู๋
2089	เลือกนักแสดง Zomvivor 1 คนไปหนีซอมบี้ #goynattydreamchannel
2090	สายมูก็มา ดูดวงกันกลางกองถ่าย มาดูกันค่ะว่าดวงพวกเราจะทะเลาะกันมั้ย🥹💖#ก้อยนัตตี้ดรีม #ตลก6ฉาก
2091	เขาหล่อแต่เขาแปลก! #goynattydreamchannel
2092	แพ็กเกจต้าห์อู๋ กอด หอม จับมือ #goynattydreamchannel
2093	เจ็บกว่าอกหักคือเสียคนที่รักไป #goynattydreamchannel
2094	😳😳 #แน็กชาลี #goynattydreamchannel #ก้อยนัตตี้ดรีม
2095	ฝ่ายคนโสด vs คนมีคู่ ใครจะชนะ! 😂🥊 #goynattydreamchannel
2096	ขี่อูฐที่ทะเลทราย ไม่น่ากลัวอย่างที่คิด! #goynattydreamchannel
2097	เกรทเต้ยมีลุ้นไหมมาดู! #goynattydreamchannel
2098	หนังรักเสียนํ้าตายอดฮิต #goynattydreamchannel
2099	ปีหน้าน้ำหอมจะกินแอลกอฮอล์น้อยลง! #goynattydreamchannel
2100	เมื่อพี่นิกกี้ไม่อยู่ ก็ได้เวลาเปิดประสบการณ์เดทในชีวิตของน้องก้อย! ไปฟังกัน! 555 😂#ก้อยนัตตี้ดรีม
2101	คอนเทนต์ที่ชอบที่สุด 2025 "เดินป่า" 🌳🍃 #goynattydreamchannel #gndouting2025
2102	กรี้ดดด แทยง!! ไปดูความเท่กันค่ะซิส 😎💖 #goynattydreamchannel
2103	1 นิสัยของอาโป สมกับเป็น DICE #goynattydreamchannel
2104	ข้าวเหนียวไก่แบบใหม่ กินแล้วไม่เลอะมือ #goynattydreamchannel
2105	จับให้ได้ ใครไม่ใช่เจ้าของโรงงาน?! #goynattydreamchannel
2106	ความรักจำเป็นแค่ไหน #goynattydreamchannel
2107	ความรักที่ดี เริ่มที่การรักตัวเอง 💖 #goynattydreamchannel
2108	ลีน่า - หมิว กว่าจะได้คู่กันไม่ง่าย!! #goynattydreamchannel
2109	น้องหมา VS พรมปูพื้น 😵 #goynattydreamchannel
2110	คำขอสุดท้ายของ “อิ้งค์ วรันธร” #goynattydreamchannel
2111	หยิ่น-วอร์ ชอบกันเพราะ.. 😍 #goynattydreamchannel
2112	สำรวจประตูเพื่อนบ้าน🧚✨#goynattydreamchannel #goynattydream ##ก้อยนัตตี้ดรีม#disneycruiseadventure
2113	พักงานแสดงไป 2 ปีเพราะ Burnout #goynattydreamchannel
2114	ระวัง...สิ้นสุดทางเพื่อน👀🌻💖#Sunflower #ทานตะวัน #Goyarachaporn #GoyNattyDream
2115	15 พฤศจิกายน 2568
2116	MV ใหม่ล่าสุดของวี วิโอเลต!!! มาดูกันว่าโปรดักชั่นระดับนี้จะเป็นยังไง! #ก้อยนัตตี้ดรีม #friendsfly
2117	แหมมม พ่อหนุ่มปากแข็ง🤪 #โอบนิธิ #หวงแฟน #ถ้าหนูรับพี่จะรักป่ะ #goynattydreamchannel
2118	เฟยจูเน่ ชอบกันตรงไหนนะ เอ๊ะ!!🤔 #myambulove #ep3 #เฟยภัทร #goynattydreamchannel
2119	ถามเร็วตอบเร็ว ฉบับ เจแปน!! #goynattydreamchannel #ถามเร็วตอบเร็ว #เจแปนภานุพรรณ #หกฉากวาเลนไทน์
2120	นัดสวนเบญไปสวนลุม!#goynattydreamchannel
2121	เริ่มมึนๆแปลกๆ🥴🥴#ก้อยนัตตี้ดรีม #goynattydream #ถูกแพง
2122	ทิ้งชื่อเสียงที่ไทย ไปหาตัวตนที่นิวยอร์ก #goynattydreamchannel
2123	คนแบบนี้เขามีเสน่ห์ #แจ็คกี้ชาเคอลีน #น้ําตาลพิจักรขณา #CarราCarซัง #goynattydream #ก้อยนัตตี้ดรีม
2124	รียูเนี่ยนแก๊งแมวเหมียว #goynattydreamchannel #friendsflyth
2125	หมอดูร่ายคาถาได้หรอเนี่ย🔮🤣#GoyNattyDreamXTEN #เตนล์ #TENLEE #ก้อยนัตตี้ดรีม #goynattydream
2126	แข่งแต่งตัว ธีมอะไรให้ทาย? #GNDOuting2025 #goynattydreamchannel
2127	เพื่อนที่ทำงานกลายมาเป็นคนในครอบครัว#มื้อสุดท้ายก่อนตาย #ณเดชน์ #ณเดชน์คูกิมิยะ #ก้อยนัตตี้ดรีม
2128	โตกว่าเด็กกว่าไม่สำคัญ สุดท้ายก็เลือกแก! #goynattydreamchannel
2129	เมื่อมีคนบอกว่ามัทฉะไม่แมส #goynattydreamchannel
2130	Proxie เล่นขนาดนี้ ใครจะไปชนะ!! #goynattydreamchannel #ก้อยนัตตี้ดรีม #proxie
2131	จริงจัง=🤣🤣🤣 #ยังไงไหนเล่า #ฝนนินิว #น่ารัก #ขายขำ #นินิวฝน #คู่กัด #เพื่อนสนิท #goynattydream
2132	Choose Me! 🔥
2133	สอนเต้าหู้วีน 101#carราcarซัง #สกายนานิ #skynani #ก้อยนัตตี้ดรีม #goynattydream
2134	ครั้งแรก!!! เปิดตัวแบรนด์ใหม่ก้อยนัตตี้ดรีม #BITCHWITHBRAIN #GND #ก้อยนัตตี้ดรีม
2135	ก้อยนัตตี้ดรีมจะทนไม่ไหวแล้ว!#MitsubishiHeavyDuty #ปรับให้มีแต่ความสุขในอากาศ
2136	MBTI บอกนิสัยของ (G)I-DLE #goynattydreamchannel #gidle
2137	อาชีพในฝันของหนุ่มๆ Proxie 🌟 #goynattydreamchannel #ก้อยนัตตี้ดรีม #proxie
2138	6767676767🤘🏻
2139	Hollywood คือหมุดหมายต่อไป #goynattydreamchannel
2140	เพลงใหม่ของคนคลั่งรัก ร้องครังแรกที่แฟนมีต!!#GNDDrunkInLove #ก้อยนัตตี้ดรีม #nattynantanat
2141	หนึ่งในคนไม่ตรง Beauty Standard #goynattydreamchannel
2142	เรารักเธอหนัดหนียน🥰💘#ก้อยนัตตี้ดรีม #goynattydream
2143	เกิดแต่กับก้อย (อีกแล้ว)#goynattydreamchannel #friendsflyth
2144	สรุปใครพาใครมากันแน่ มันส์มากเบสท์🥳‼️ #ครั้งแรก #beskamsing #เบสท์คำสิงห์ #เที่ยวผับ #ยังไงไหนเล่า
2145	ใครงงกันแน่เนี่ย?😊#imase #ถ้าหนูรับพี่จะรักป่ะ #หนุ่มญี่ปุ่น #goynattydream
2146	เขินนน😳😳#MyAmbulove #ก้อยนัตตี้ดรีม #OomBam #bamsaralee #oomeisaya
2147	อยากบอกอะไรกับแฟนอีกฝ่าย #goynattydreamchannel
2148	จาก CarราCarซัง สู่ Ambulove #goynattydreamchannel
2149	แพรวพราวเกินไปแล้วนะ!😡 #ก้อยนัตตี้ดรีม #กอล์ฟพิชญะ #กอล์ฟไมค์ #ถ้าหนูรับพี่จะรักป่ะ
2150	ice breaking แบบใหม่หรอค้า🤣 #CarราCarซัง #ตรีนาย #ตรีภรภัทร #นายณภัทร#ก้อยนัตตี้ดรีม
2151	วิลเลี่ยม อยากมีแฟนว่ายน้ำเก่ง #goynattydreamchannel
2152	เมื่อเพื่อนคุณทำงานหนักเกินไป!! #goynattydreamchannel
2153	แก๊งนี้เคยโดนหลอกให้รักไหม? #goynattydreamchannel
2154	เฟยฟอร์มดีแบบนี้เพราะกำลังใจล้นแน่ๆ🙈#ก้อยนัตตี้ดรีม #goynattydream #Hyrox
2155	ต้องทำงานที่ไม่ได้เงิน💸 จะทำไหม? #ต้นหน #โต้งบรรจง #ดุ๊กภาณุเดช #goynattydream
2156	เอาความเมาชนะความกลัว#ฉบับดรีม #goynattydreamchannel
2157	แม่55555555🤣#เอิ้กชาลิสา #มิ้วกี้ไปรยา #นัทนิสา #GND
2158	เจนเวทีมาเอง#โอ๊ตปราโมทย์ #ป๊อบปองกูล #CarราCarซัง #ก้อยนัตตี้ดรีม #ก้อยนัตตี้ดรีม
2159	เป็นคนจริงจังมั้ยคะเฟย🤣 #เฟยภัทร #จูเน่ #goynattydreamchannel #myambulove
2160	ราพันเซล แคสไทยต้องเข้า “วี-เก้าจิรายุ” แล้วแหละ#goynattydreamchannel
2161	ลอยกันไปลอยกันมา#CarราCarซัง #ตรีนาย #ตรีภรภัทร #นายณภัทร#ก้อยนัตตี้ดรีม
2162	เมนูที่ต้องสั่งของ MK #goynattydreamchannel
2163	นี่เราเล่นถูกหรือเล่นผิดคะเนี่ย😅#ก้อยนัตตี้ดรีม #goynattydream #ปะทะCEO
2164	ตามไปดูเบื้องหลังอัดเพลง วันนั้นของเดือนกันดีกว่าา #วันนั้นของเดือน #GoyArachaporn #VioletteWautier
2165	เป็นโสดสบายใจกว่าการมีความรัก #goynattydreamchannel
2166	เมื่อเป็นแฟนนักกีฬายิงปืน 😎 #goynattydreamchannel
2167	เที่ยวสวิสทริปชมวิว...ไหนวิว!!?? #นัตตี้แมน #นัตตี้นันทนัท #สวิตเซอร์แลนด์ #goynattydreamchannel
2168	เมื่อต่างพรรค ต้องมารักกัน! #goynattydreamchannel
2169	จำได้ยันกลิ่นเฉพาะตัว🥰#MyAmbulove #เพิร์ลพีค #pearlpeak #ก้อยนัตตี้ดรีม #goynattydream
2170	เคยแคร์คนอื่น จนตัวเองไม่ไหว #goynattydreamchannel
2171	ไอเทมยอดนิยม ที่มักพกไปกองถ่าย #goynattydreamchannel
2172	นัตตี้ตามเทรนด์ติ๊กต่อกแล้ว! เล่นเกมสุ่มเลือกกระดาษรับวาเลนไทน์กับพี่แมน น่ารักสุด #ก้อยนัตตี้ดรีม
2173	ผ่านเพื่อนเจ้าสาวไปก่อนนะคะพี่แมน😂👰‍♀️ #แมนนัตตี้ #goynattydreamchannel #ถ้าหนูรับพี่จะรักป่ะ
2174	น่ากลัวมากกก พิมประภามาเล่าเรื่องที่เคยโดนผีเข้าตอนเด็ก! 😧😧😧#ก้อยนัตตี้ดรีม #goynattydreamchannel
2175	อาโปทำพี่นก ฉัตรชัยปาดินสอลงพื้น! #goynattydreamchannel
2176	ช่วยนัตตี้ด้วยยยย😂 #goynattydreamchannel #เกมจับชู้
2177	ความสุขเล็กๆแค่ได้กินกับดูซีรี่ย์ #goynattydreamchannel
2178	เปิดใจมุมมองและความรู้สึกของคนเพิ่งอกหัก 😭 ใครเพิ่งอกหักบ้าง มาให้กำลังใจกันน้า💖💖#ก้อยนัตตี้ดรีม
2179	กระชับความสัมพันธ์เวอร์!!#friendsflyth #goynattydream #ก้อยนัตตี้ดรีม
2180	ควรให้เกียรติทุกอาชีพนะคะ!!❤️ #ยังไงไหนเล่า #กั้งมินิไซส์ #ก้อยนัตตี้ดรีม #goynattydream #ครูกั้ง
2181	วิธีรับมือ ถ้าเขาไม่เลือก เพราะเราดังไม่พอ #goynattydreamchannel
2182	เมื่อก้อยนัตตี้ดรีม ลองปล่อยให้ WayV เล่นผ้าขาวม้า! วุ่นวายสุดๆ 😂😂💖#ก้อยนัตตี้ดรีม #GoyNattyDream
2183	“กร-โชกุน จะนกก็เพราะสิ่งนี้” #goynattydreamchannel
2184	WayV พร้อมเป็นคนอีสานเต็มตัว พูดชัดมากกกก 🥹💖#ก้อยนัตตี้ดรีม #GoyNattyDream #wayv #เตนล์
2185	จะรอดมั้ยน้าา #goynattydreamchannel #พีคภัทรศยา
2186	โอ๊ต - ป๊อบ จัดอันดับ 10 สาวในฝัน#โอ๊ตปราโมทย์#ป๊อบปองกูล #CarราCarซัง#goynattydream #ก้อยนัตตี้ดรีม
2187	ถ้าไม่เมา ไม่ใช่ Friendsfly #goynattydreamchannel #friendsfly
2188	ตะลุยกิน! สตรีทฟู้ดอินเดีย #goynattydreamchannel #friendsfly
2189	คนนี้หรอที่จะมาคู่กับเรา #goynattydreamchannel
2190	อยู่กับปัจจุบันน้าา🫳🏻🫳🏻#LastSupper #phuwintang #ภูวินทร์ตั้งศักดิ์ยืน #ก้อยนัตตี้ดรีม
2191	เปรียบเทียบไวน์แดง#ก้อยนัตตี้ดรีม #goynattydream #ถูกvsแพง
2192	ถึงกับอึ้ง!!! เมื่อเจอครูลองกอง😂 #เกมจับชู้ #goynattydreamchannel
2193	ก็ร้านมันลึกลับอ่ะ😂 #ก้อยอรัชพร #goynattydream #ก้อยนัตตี้ดรีม#goyarachaporn
2194	ร้องไห้ในคอน Blackpink ญี่ปุ่น #goynattydreamchannel
2195	ทดสอบความรู้เรื่องผลไม้#ก้อยนัตตี้ดรีม #goynattydream #vlog
2196	คิดถึงวัยเด็กที่ไม่มีเรื่องต้องคิด #goynattydreamchannel
2197	คาดหวังอะไรกับรักครั้งนี้? #goynattydreamchannel
2198	แอบเสียอาการเลยนะคะ👀👀#MyAmbulove #ก้อยนัตตี้ดรีม #OomBam #bamsaralee #oomeisaya
2199	แฮชแท็กก้อยอ่าน อย่าลืมไปตามอ่านกันเยอะๆน้า📚💗#ก้อยนัตตี้ดรีม #GoyNattyDream #ก้อยอรัชพร
2200	หลังจากดูการแสดงจบแล้ว ทุกคนรู้สึกยังไงกันบ้าง#ก้อยนัตตี้ดรีม#ดาราลัยเดอะมิวสิคัล#DaralaiTheMusical
2201	ของกินหาดใหญ่ หรอยแรงง!!#ก้อยนัตตี้ดรีม #goynattydream
2202	จ้องตาที่ลึกซึ้ง😂💘💘 #myambulove #ไมค์พิรัชต์ #goynattydreamchannel
2203	ลด 3 โล.. ภายใน 10 ปี #goynattydreamchannel
2204	ขอให้เธอเปิดใจดูฉันที 🗣️💖#Sunflower #ทานตะวัน #Goyarachaporn #GoyNattyDream
2205	มาปั่นคิวปิดล้วนๆ #goynattydreamchannel
2206	ถ้าพีพีชอบใคร จะแกล้งทำเป็นไม่สนใจ #goynattydreamchannel
2207	สถานที่ยอดนิยม ที่มักจะเจอผี #goynattydreamchannel
2208	ขอหอมหน่อยครับ#MyAmbulove #เพิร์ลพีค #pearlpeak #ก้อยนัตตี้ดรีม #goynattydream
2209	นี่มันเศรษฐี ลพบุรี!! #FriendsFly #ก้อยนัตตี้ดรีม #goynattydreamchannel
2210	ไอดอลสาวกลับมาแล้วว #ก้อยนัตตี้ดรีม #goynattydream
2211	เมื่อก้อย นัตตี้ ดรีม อยากเป็นโสเภณี! #goynattydreamchannel #บางกอกคณิกา #ก้อยนัตตี้ดรีม
2212	ชีวิตจริง Introvert แต่ถ้าเมา Extrovert ทันที#goynattydreamchannel
2213	โอบรู้โลกรู้จริงไหม?🤣#โอบรู้โลกรู้ #ถ้าหนูรับพี่จะรักป่ะ #โอบนิธิ #goynattydreamchannel
2214	มัดใจอิมาเสะ หนุ่มญี่ปุ่นคารมดี🫰🏻🫧✨#imase #ถ้าหนูรับพี่จะรักป่ะ #หนุ่มญี่ปุ่น #goynattydream
2215	อัพสกิลแล้วนะค้า🐸#ก้อยนัตตี้ดรีม #GoyNattyDream #ก้อยอรัชพร
2216	ไม่ชอบกันก็แค่แยก#คุยความรักต่างวัย #ก้อยนัตตี้ดรีม #goynattydream
2217	อยากเล่นเป็นพระดลในซีรีส์ สาธุ #goynattydreamchannel
2218	กอล์ฟ!!!! #กอล์ฟพิชญะ #ถ้าหนูรับพี่จะรักป่ะep114 #ก้อยนัตตี้ดรีม #ถ้าหนูรับพี่จะรักป่ะ
2219	เก่งน้องรักของพี่ซี#MyAmbulove #KengNamping #เก่งน้ำปิง #ก้อยนัตตี้ดรีม #goynattydream
2220	อองรี คืออันดับ 1 ในใจพี่เอิ้ก 🫣🔥 #goynattydreamchannel
2221	ถ้าแอบชอบเพื่อน ควรบอกหรือไม่ #goynattydreamchannel
2222	Chipmunks ทั้งห้ารายงานตัวค่าา #MyAmbulove #ก้อยนัตตี้ดรีม #OomBam #bamsaralee #oomeisaya
2223	ขอเป็นศัตรู#โอ๊ตปราโมทย์#โอ๊ตปราโมทย์#ป๊อบปองกูล #CarราCarซัง#goynattydream #ก้อยนัตตี้ดรีม
2224	โอ้วแม่สาวน้อย ของKTkratae #KTkratae #MyAmbulove #goynattydream #ก้อยนัตตี้ดรีม #โตชิกระแต
2225	อยากให้ลองเปิดใจคบกันดู😳😳#โมแพร #MyAmbulove #ก้อยนัตตี้ดรีม #goynattydream
2226	เจอกันที่แหลมสมิหลาครับน้องสาว #ก้อยนัตตี้ดรีม #goynattydream
2227	ให้เตนล์นิยามเกสต์แต่ละวัน#GoyNattyDreamXTEN #เตนล์ #TENLEE #ก้อยนัตตี้ดรีม #goynattydream
2228	นัตตี้คือแวะตลอดทาง🤣#นัตตี้ #นัตตี้นันทนัท#goynattydream #ก้อยนัตตี้ดรีม
2229	เพราะน้ำปิงเก่งเลยเปลี่ยนไป#MyAmbulove #KengNamping #เก่งน้ำปิง #goynattydream #ก้อยนัตตี้ดรีม
2230	ครั้งนี้ขอ All in #ก้อยนัตตี้ดรีม #goynattydream#ดาราลัยเดอะมิวสิคัล#gobeyondtheatre
2231	3 เรื่อง ที่อยากเปลี่ยนแปลง! #goynattydreamchannel
2232	zaza ตัวจี๊ดด #Lastsupper #GoyNattyDream #ก้อยนัตตี้ดรีม #พิมพ์พิมพ์มาดา
2233	อยากทำอะไรทำได้เลย#goynattydream #ก้อยนัตตี้ดรีม #วันแม่
2234	เพราะภูวินทร์เป็นภูวินทร์ เลยมีคนรักมากมาย 🤍 #phuwintang #ภูวินทร์ตั้งศักดิ์ยืน #ก้อยนัตตี้ดรีม
2235	เหนือความคาดหมาย#ก้อยนัตตี้ดรีม #goynattydream #ถูกvsแพง
2236	Friendsfly การละครตบแบบหนังอินเดีย #goynattydreamchannel #friendsfly
2237	วิธีคิด CEO After You ธุรกิจหมื่นล้าน! ใครกำลังสนใจธุรกิจ ต้องฟัง!👀✨#ก้อยนัตตี้ดรีม #afteryou
2238	น้องจับได้นะพี่อุ้ม!! #MyAmbulove #ก้อยนัตตี้ดรีม #OomBam #bamsaralee #oomeisaya
2239	ทำยังไงเมื่อแฟนชอบคุยกับผี 👻 #goynattydreamchannel
2240	มาบินรอบตัวพี่ทุกวันเลยนะ #goynattydreamchannel
2241	ความแตกต่างของเวอร์ชั่นใหม่#แดงไบเล่ย์ #จี๋สุทธิรักษ์ #ไบร์ทนรภัทร #ก้อยนัตตี้ดรีม #goynattydream
2242	หรือพวกเราเป็นคนใจเย็นกันนะ🤔 #ก้อยนัตตี้ดรีม #goynattydream #notep #นทพนายางกูร #จัดอันดับ
2243	รีวิวอาหารอินเดีย แบบหวานร้อย 🍽️ #goynattydreamchannel #friendsfly
2244	มองอาชีพนักสแดงเป็นศิลปะ #มื้อสุดท้ายก่อนตาย #ณเดชน์ #ณเดชน์คูกิมิยะ #ก้อยนัตตี้ดรีม #goynattydream
2245	เห้ยแกอะไรนะ ก้อยนัตตี้ดรีมจะทำละครเวทีหรอ😽 #ก้อยนัตตี้ดรีม #goynattydream
2246	Red Flag ของนนนคือต่อหน้าดีด้วยลับหลังนินทา #gotnattydreamchannel
2247	เมื่อมีน พีรวิชญ์ พูดถึงครอบครัว❤️ #มีนพีรวิชญ์ #มื้อสุดท้ายก่อนตาย #goynattydreamchannel
2248	เรื่องที่จะทำให้ "โจอี้ โมโห" #goynattydreamchannel
2249	ใครไม่ชอบ แต่พี่ชอบนะ #goynattydreamchannel
2250	ขอดึงทีมชาติเข้าร่วม#MyAmbulove #ออเล้ง #AugustLeng #ก้อยนัตตี้ดรีม #goynattydream
2251	เมียเจ้า แต่เป็นทาส vs เมียคนคุก แต่รวย #goynattydreamchannel
2252	แฮชแท็กทริป เวลาเที่ยวกับเพื่อน #goynattydreamchannel #friendsfly
2253	3 แซ่บ🔥 จั๋ง ขุนพล อลัน #goynattydreamchannel
2254	ผีที่แต่ละคนกลัว?!! #goynattydreamchannel
2255	เก่งน้ำปิงมาเสิร์ฟขนาดนี้จะเหงาได้ยังไง😝💖#เก่งน้ําปิง #ก้อยนัตตี้ดรีม #goynattydream #MyAmbulove
2256	พี่แมนค้ายอมมั้ยค้าา💘#ก้อยนัตตี้ดรีม #GoyNattyDream #nattynantanat
2257	แค่ชื่อยังเหมาะสมกันเลยอะ#แทนญดา #tanyda #ambulove #GoyNattyDream #ก้อยนัตตี้ดรีม
2258	มีทั้งหมดถึง8สีเลยน้าาา ฉ่ำๆไปเลยค่า #BITCHWITHBRAIN #ก้อยนัตตี้ดรีม #GND
2259	ดาราหน้าใหม่ของช่อง🤣👏🏻 #ก้อยนัตตี้ดรีม #goynattydream #Vlog
2260	ญดาขอล็อคมงเรียกแทนมาคุยเลยละกัน#แทนญดา #tanyda #ambulove #GoyNattyDream #ก้อยนัตตี้ดรีม
2261	ถ้าเป็นงานตัวเองก็อยากให้ทุกคนได้กินข้าวด้วยกัน #phuwintang #ภูวินทร์ตั้งศักดิ์ยืน #ก้อยนัตตี้ดรีม
2262	กลัวสำคัญไม่พอ #goynattydreamchannel
2263	อิมาเสะก็ต้องร้อง ว้าวววว!😂🫣 #imase #ถ้าหนูรับพี่จะรักป่ะ #ก้อยนัตตี้ดรีม #goynattydream
2264	คนอายุ24ที่คิดเรื่องความตายตลอด #goynattydreamchannel
2265	เป้าหมายเล็กๆ “เลิกเลื่อนนาฬิกาปลุก!“ #goynattydreamchannel
2266	ก่อนตาย มีนพีรวิชญ์ จะทำอะไร!!! #มีนพีรวิชญ์ #goynattydreamchannel #มื้อสุดท้ายก่อนตาย
2267	อยากเป็นแอร์ค่ะ #goynattydream #ก้อยนัตตี้ดรีม #vlog
2268	เธอลองเดาดูว่าฉันชอบแบบไหน ไม่ยากหรอก easy 🫣👀 #goynattydream #ไม่ทักก่อนdancechallenge
2269	โจ๊ก อัครินทร์ ใจถึงพี่งได้💪🏻#CarราCarซัง #จี๋สุทธิรักษ์ #จ๋ายไททศมิตร #ก้อยนัตตี้ดรีม
2270	แต่ละพรรค เป็นคนรักแบบไหน? #goynattydreamchannel
2271	ไว้ใจและให้อิสระ#ก้อยนัตตี้ดรีม #goynattydream #vlog
2272	รีวิวห้องพักญี่ปุ่น คืนละ 20,000 #goynattydreamchannel
2273	คู่นี้มีราคาต้องจ่าย! #goynattydreamchannel
2274	Gelboys บอกความในใจ #goynattydreamchannel
2275	มองผู้หญิงเป็นมนุษย์คนนึง#CarราCarซัง #จี๋สุทธิรักษ์ #จ๋ายไททศมิตร #ก้อยนัตตี้ดรีม #goynattydream
2276	เหนื่อยๆแบบนี้พี่ขอหอมแก้มเติมแรงได้ไหม#โมแพร #MyAmbulove #ก้อยนัตตี้ดรีม #goynattydream
2277	ฉันมีความสุขกับสิ่งนี้จริงๆมั้ย#ก้อยนัตตี้ดรีม #goynattydream#ดาราลัยเดอะมิวสิคัล#DaralaiTheMusical
2278	วิวัฒนาการของคุณหะริด #MyAmbulove #KengNamping #เก่งน้ำปิง #goynattydream #ก้อยนัตตี้ดรีม
2279	คำถามที่ทุกคนอยากรู้มากที่สุดด!!#ก้อยนัตตี้ดรีม #goynattydream#ดาราลัยเดอะมิวสิคัล#DaralaiTheMusical
2280	ประสบการณ์ขายน้ำเพราะคลั่งรัก! #goynattydreamchannel
2281	“โคจรด้วยรัก” | OFFICIAL TEASER
2282	การแสดงก็เก่ง ร้องเพลงก็เริ่ด!!#แทนญดา #tanyda #ambulove #GoyNattyDream #ก้อยนัตตี้ดรีม
2283	y is everyone so in love with me😈 #goynattydreamchannel
2284	ของที่มีติดรถ #goynattydreamchannel
2285	Music Video Sunflower(ทานตะวัน)OUT NOW!! 🌻☀️ #Sunflower #ทานตะวัน#goyarachaporn #goynattydream
2286	เอ็นดูเวอร์#โมแพร #MyAmbulove #ก้อยนัตตี้ดรีม #goynattydream
2287	ก็ต้องระดับ S อยู่แล้วว#ก้อยนัตตี้ดรีม #goynattydream #ดาราลัยเดอะมิวสิคัล #DaralaiTheMusical
2288	หน้าที่ของพี่ใหญ่#Lastsupper #GoyNattyDream #ก้อยนัตตี้ดรีม #พิมพ์พิมพ์มาดา
2289	เคล็ดลับ ตกหลุมรักใน 4 นาที 😍 #goynattydreamchannel
2290	ของที่ต้องพกไปค้างคืน #goynattydreamchannel
2291	80% ของผู้หญิง ชอบคนเก่ง มีแพชชั่น!! #goynattydreamchannel #kissoflife #ก้อยนัตตี้ดรีม
2292	พามาส่องอัดบอสวันเวิร์คช็อป🤭💘 #Sunflower #ทานตะวัน #Goyarachaporn #GoyNattyDream
2293	September 28, 2023
2294	หน้ากล้องก็อยากรู้นะคะ🫣#โมแพร #MyAmbulove #ก้อยนัตตี้ดรีม #goynattydream
2295	หลิงออมมือชง#MyAmbulove #ก้อยนัตตี้ดรีม #OomBam #bamsaralee #oomeisaya
2296	ทำไมพี่นุ้ย ถึงต่อยแฟน!!😅 #ความรักต่างวัย #นุ้ยเชิญยิ้ม #goynattydreamchannel
2297	แก็งเพื่อนนิเทศเม้าท์บาร์โค้ด #goynattydreamchannel
2298	เมเบิ้ลสายเปย์💸💲#MyAmbulove #ก้อยนัตตี้ดรีม #goynattydream #blejie #เบิ้ลจี่
2299	กว่าจะได้หนึ่งผลงาน ไม่ใช่เรื่องง่าย #goynattydreamchannel
2300	ย่านรถติด #goynattydreamchannel
2301	ถ้ากินด้วยกันก็ยอม#แทนญดา #tanyda #ambulove #GoyNattyDream #ก้อยนัตตี้ดรีม
2302	เมื่อกรกำลังจะหวาน แต่โดนพีพีช็อต #goynattydreamchannel
2303	ติดเกมของจริ๊งงง!! #เจมส์มาร์ #ถ้าหนูรับพี่จะรักป่ะ #jamesma #goynattydream
2304	งอแงเลยเพราะมันน่ารักมาก🫠#MyAmbulove #KengNamping #เก่งน้ำปิง #ก้อยนัตตี้ดรีม #goynattydream
2305	ละครเวทีที่รอเวลามานาน#ก้อยนัตตี้ดรีม #goynattydream#ดาราลัยเดอะมิวสิคัล#DaralaiTheMusical
2306	ใครเป็นสายแซ่บ หนุ่มๆ WayV เขาก็กินเผ็ดกันได้นะรู้เปล่าาา 🔥🔥🔥#ก้อยนัตตี้ดรีม #GoyNattyDream #wayv
2307	ความคิดเห็นชาวช่องที่มีต่อสามสาว#ก้อยนัตตี้ดรีม #goynattydream #vlog
2308	แค่ลองปล่อยให้พัง แล้วค่อยเริ่มใหม่:)#goynattydreamchannel
2309	นินิวคนฮอตค่าาาาา🤣💖💖 #นินิว #ยังไงไหนเล่า #ฝนนินิว #โอปป้า #แฟน #ฝนนินิว #คู่กัด #goynattydream
2310	ยอมตื่นตีสี่เพื่อ Disney Sea #goynattydreamchannel
2311	เทสระบบผับเก้งที่ญี่ปุ่น #goynattydreamchannel
2312	โดนผีหลอกครั้งแรก!! #goynattydreamchannel
2313	ยินดีกับคนอื่นได้แต่ต้องจริงใจกับตัวเองด้วย#คุยความรักต่างวัย #ก้อยนัตตี้ดรีม #goynattydream
2314	เรื่องที่เอเอน้อยใจจั๋ง!! #goynattydreamchannel
2315	มื้อแรกก็จัดหนักเลย#ก้อยนัตตี้ดรีม #goynattydream #vlog
2316	มีคนไม่มูฟออนจากดาราลัยค่า🤣 #ก้อยนัตตี้ดรีม #goynattydream #ดาราลัยเดอะมิวสิคัล #ถูกvsแพง
2317	ข้อดีของการมีแฟนเป็นเด็กเกษตรและมธ#MyAmbulove #ออเล้ง #AugustLeng #ก้อยนัตตี้ดรีม #goynattydream
2318	เชื่อแฟนแล้วได้ดีทุกคนใช้มั้ยคะพี่จี๊บ😝#คุยความรักต่างวัย #ก้อยนัตตี้ดรีม #goynattydream
2319	ถ้าเปลี่ยนได้จะเป็นผลดีกับทุกคน#CarราCarซัง #จี๋สุทธิรักษ์ #จ๋ายไททศมิตร #ก้อยนัตตี้ดรีม
2320	มีแฟนเป็นก้อยกับบอสดียังไง! #goynattydreamchannel
2321	ตี๋คนนี้ ที่ทำสาวแซ่บใจบาง #goynattydreamchannel
2322	มาแชร์ประสบการณ์ เข้าห้องน้ำบนรถไฟของทุกคนกันหน่อย #FriendsFly #ก้อยนัตตี้ดรีม #goynattydreamchannel
2323	รีบดูก่อนโดนลบ มีคนโชว์เสียว!!! #goynattydreamchannel
2324	อย่าให้แม่รู้นะครับ#CarราCarซัง #อเล็กซ์จีซัง #DICE#ก้อยนัตตี้ดรีม #goynattydream
2325	จิบไม่รู้จัก ต้องเมาเท่านั้นค่ะ!! #Lastsupper #GoyNattyDream #ก้อยนัตตี้ดรีม #พิมพ์พิมพ์มาดา
2326	หิ้วหวีทับไลน์กันไหม?! #goynattydreamchannel
2327	จะคิดถึงรายการนี้กันมั้ยคะ🥺 #ถ้าหนูรับพี่จะรักป่ะ #goynattydreamchannel
2328	ความประทับใจแรกของพีพี กร #goynattydreamchannel
2329	สัตว์น่ากลัว #goynattydreamchannel
2330	ผู้ชาย แยกเซ็กส์ กับ ความรัก ได้จริงไหม?#goynattydreamchannel
2331	ตัวท็อปของนักเลงกับลูกกระจ๊อก#MyAmbulove #KengNamping #เก่งน้ำปิง #ก้อยนัตตี้ดรีม #goynattydream
2332	ดีใจที่เลือกเดิมพันสิ่งนี้ #ก้อยนัตตี้ดรีม #goynattydream #ปะทะCEO
2333	ความรัก toxic คุยแล้วหาย!!! #ความรักต่างวัย #goynattydreamchannel #เซญ่า
2334	ตรีกลิ่นวินเทจ?!?!#MyAmbulove #เพิร์ลพีค #pearlpeak #ก้อยนัตตี้ดรีม #goynattydream
2335	ถ้า Dice คอลแลปกับ T-Pop#CarราCarซัง #อเล็กซ์จีซัง #DICE#ก้อยนัตตี้ดรีม #goynattydream
2336	ป๊อบ ปองกูล ทำทีมงานร้องไห้ #goynattydreamchannel
2337	คนวาดก็เก่งคนทายก็เก่งสงสัยเกิดมาคู่กัน👉🏻👈🏻 #ก้อยนัตตี้ดรีม #OomBam #bamsaralee #oomeisaya
2338	ผู้ประสบภัยแล้ว1🇯🇵😂 #friendsflyth #goynattydreamchannel
2339	พบกับเมนูใหม่ก้อยนัตตี้ดรีม x After You กันได้แล้ววันนี้ทุกสาขา! ลุ้นรับขนมฟรีด้วยน้า #afteryou
2340	แต่ละช่วงวัยก็มีวิธีที่แก้ปัญหาต่างกัน#Lastsupper #GoyNattyDream #ก้อยนัตตี้ดรีม #พิมพ์พิมพ์มาดา
2341	#หูเคลือบทองงง👂✨ #goynattydreamchannel #ก้อยนัตตี้ดรีม #kissoflife
2342	ยังไม่ทำอะไรอีกตั้งหลายอย่าง#Lastsupper #GoyNattyDream #ก้อยนัตตี้ดรีม #พิมพ์พิมพ์มาดา
2343	ฟลุ๊คกะล่อนสายเปย์ #goynattydreamchannel
2344	แม่ศรีเรือน อุ้ยย🙊 #ก้อยนัตตี้ดรีม #goynattydream #ก้อยอรัชพร #nattynantanat
2345	Behind the scenes ชาวดาราลัย 🎬#ก้อยนัตตี้ดรีม #goynattydream#ดาราลัยเดอะมิวสิคัล#DaralaiTheMusical
2346	แนะนำร้านในญี่ปุ่น #goynattydreamchannel
2347	เมื่อคุณเจอ คณะFriendsFly เข้าไป!🤣 #FriendsFly #goynattydreamchannel #ก้อยนัตตี้ดรีม
2348	ว้ายย รักใครรักจริง🫣💖#MyAmbulove #เพิร์ลพีค #pearlpeak #ก้อยนัตตี้ดรีม #goynattydream
2349	ยินดีและกลับมาพัฒนาตัวเอง💘💞#คุยความรักต่างวัย #ก้อยนัตตี้ดรีม #goynattydream #ingkho_pixxie
2350	Sex Type เราเหมือนตัวไหนในวรรณคดี #goynattydreamchannel
2351	ถ้าให้เลือกต้องตายก่อน เราจะเลือกใคร ระหว่าง เรา&คนรัก! #goynattydreamchannel #ความรักต่างวัย
2352	ข้อจำกัดมากมายแต่เราก็ผ่านไปได้ด้วยดี#ก้อยนัตตี้ดรีม#ดาราลัยเดอะมิวสิคัล#DaralaiTheMusical
2353	ทั้งข้อดีข้อเสียเราเห็นมาหมดแล้ว#คุยความรักต่างวัย #ก้อยนัตตี้ดรีม #goynattydream
2354	life coach ท่านหนึ่ง#ก้อยนัตตี้ดรีม #GoyNattyDream #nattynantanat
2355	ไม่ใช่แค่พูดแต่ทำให้ดูเลย#ก้อยนัตตี้ดรีม #goynattydream #vlog
2356	วิธีฝึกจิตเพื่อนในหิ้วหวี #goynattydreamchannel
2357	Open Relationship มีจริงมั้ย? #goynattydreamchannel
2358	ถ้าไม่ใช่เรื่องหนักจริงขอไม่ยุ่ง#คุยความรักต่างวัย #ก้อยนัตตี้ดรีม #goynattydream
2359	REACTION (G)I-DLE ชิมข้าวแกง #goynattydreamchannel #gidle
2360	สามัคคีคือพลัง....😅 #goynattydreamchannel #ก้อยนัตตี้ดรีม #proxie
2361	ชอบอะไรเหมือนกันเนื้อคู่เวอร์🫪#MyAmbulove #ออเล้ง #AugustLeng #ก้อยนัตตี้ดรีม #goynattydream
2362	Three Man Down 🤘🏻#CarราCarซัง #อเล็กซ์จีซัง #DICE#ก้อยนัตตี้ดรีม #goynattydream
2363	พี่ย้งครับ🥹#CarราCarซัง #อเล็กซ์จีซัง #DICE#ก้อยนัตตี้ดรีม #goynattydream
2364	เมนูรวมมิตร จากของฮิตใน TikTok 😋 #goynattydreamchannel
2365	สิ่งที่เป็นห่วงกันและกัน #CarราCarซัง #อเล็กซ์จีซัง #DICE#ก้อยนัตตี้ดรีม #goynattydream
2366	ที่มาของ norforreal#แดงไบเล่ย์ #ไบร์ทนรภัทร #brightnorr #ก้อยนัตตี้ดรีม #goynattydream
2367	หมู่บ้านขายาว ของดีเชียงราย #goynattydreamchannel
